timestamp,slice_id,node_id,node_type,cpu,memory,latency_ms,packet_loss,throughput_mbps,prb_utilization,fault_label,fault_type,source
2026-05-11T05:51:15+00:00,slice_1,gnb_1,gNB,32.178,41.577,19.36,0.002027,240.461,0.520229,0,,realistic_mixed
2026-05-11T05:51:15+00:00,slice_2,upf_2,UPF,58.832,59.71,30.177,0.004106,18.256,0.505754,0,,realistic_mixed
2026-05-11T05:51:15+00:00,slice_3,router_3,Router,42.828,56.081,11.76,0.002325,44.966,0.599682,0,,realistic_mixed
2026-05-11T05:51:15+00:00,slice_1,service_4,Service,45.963,63.087,20.093,0.002462,281.946,0.661568,0,,realistic_mixed
2026-05-11T05:51:15+00:00,slice_2,amf_5,AMF,35.155,48.31,35.882,0.004582,151.577,0.502714,0,,realistic_mixed
2026-05-11T05:51:15+00:00,slice_3,smf_6,SMF,47.353,64.657,11.964,0.003694,58.683,0.556432,0,,realistic_mixed
2026-05-11T05:51:15+00:00,slice_1,gnb_7,gNB,42.393,49.535,18.47,0.004834,359.928,0.661403,0,,realistic_mixed
2026-05-11T05:51:15+00:00,slice_2,upf_8,UPF,50.283,61.356,30.851,0.004796,27.616,0.526369,0,,realistic_mixed
2026-05-11T05:52:15+00:00,slice_1,gnb_1,gNB,38.0,60.511,21.497,0.003244,226.25,0.70685,0,,realistic_mixed
2026-05-11T05:52:15+00:00,slice_2,upf_2,UPF,45.86,52.86,31.471,0.00272,189.584,0.490586,0,,realistic_mixed
2026-05-11T05:52:15+00:00,slice_3,router_3,Router,50.56,53.526,11.228,0.004051,186.297,0.589959,0,,realistic_mixed
2026-05-11T05:52:15+00:00,slice_1,service_4,Service,46.453,53.287,18.049,0.004991,245.446,0.672701,0,,realistic_mixed
2026-05-11T05:52:15+00:00,slice_2,amf_5,AMF,42.082,56.069,30.202,0.003225,181.084,0.498323,0,,realistic_mixed
2026-05-11T05:52:15+00:00,slice_3,smf_6,SMF,41.823,52.7,12.068,0.002458,101.537,0.56297,0,,realistic_mixed
2026-05-11T05:52:15+00:00,slice_1,gnb_7,gNB,57.023,55.094,18.462,0.004213,264.304,0.746032,0,,realistic_mixed
2026-05-11T05:52:15+00:00,slice_2,upf_8,UPF,37.316,51.39,31.879,0.005249,160.352,0.531029,0,,realistic_mixed
2026-05-11T05:53:15+00:00,slice_1,gnb_1,gNB,40.668,50.658,19.238,0.002379,311.445,0.718096,0,,realistic_mixed
2026-05-11T05:53:15+00:00,slice_2,upf_2,UPF,55.951,42.955,31.525,0.005559,65.077,0.46006,0,,realistic_mixed
2026-05-11T05:53:15+00:00,slice_3,router_3,Router,42.909,40.841,11.325,0.003551,228.896,0.618937,0,,realistic_mixed
2026-05-11T05:53:15+00:00,slice_1,service_4,Service,31.241,55.051,18.357,0.00229,232.025,0.686645,0,,realistic_mixed
2026-05-11T05:53:15+00:00,slice_2,amf_5,AMF,32.072,46.144,31.283,0.002851,71.758,0.525686,0,,realistic_mixed
2026-05-11T05:53:15+00:00,slice_3,smf_6,SMF,30.18,45.056,13.952,0.002927,238.817,0.596623,0,,realistic_mixed
2026-05-11T05:53:15+00:00,slice_1,gnb_7,gNB,53.671,58.351,18.299,0.00288,211.435,0.53162,0,,realistic_mixed
2026-05-11T05:53:15+00:00,slice_2,upf_8,UPF,56.043,64.158,30.679,0.003727,191.721,0.474573,0,,realistic_mixed
2026-05-11T05:54:15+00:00,slice_1,gnb_1,gNB,30.556,43.033,19.034,0.003293,160.787,0.596078,0,,realistic_mixed
2026-05-11T05:54:15+00:00,slice_2,upf_2,UPF,42.696,57.768,34.754,0.004264,152.578,0.531497,0,,realistic_mixed
2026-05-11T05:54:15+00:00,slice_3,router_3,Router,43.054,45.669,11.668,0.002407,394.376,0.600005,0,,realistic_mixed
2026-05-11T05:54:15+00:00,slice_1,service_4,Service,30.662,50.815,16.773,0.002106,145.944,0.571039,0,,realistic_mixed
2026-05-11T05:54:15+00:00,slice_2,amf_5,AMF,52.23,67.314,31.401,0.004373,126.018,0.430106,0,,realistic_mixed
2026-05-11T05:54:15+00:00,slice_3,smf_6,SMF,45.187,49.613,11.371,0.004632,177.754,0.562474,0,,realistic_mixed
2026-05-11T05:54:15+00:00,slice_1,gnb_7,gNB,33.742,50.139,17.891,0.004888,261.025,0.628083,0,,realistic_mixed
2026-05-11T05:54:15+00:00,slice_2,upf_8,UPF,54.231,66.984,30.24,0.002928,30.605,0.454334,0,,realistic_mixed
2026-05-11T05:55:15+00:00,slice_1,gnb_1,gNB,44.175,85.640723,22.734,0.002476,108.015,0.788071,1,memory_leak,realistic_mixed
2026-05-11T05:55:15+00:00,slice_2,upf_2,UPF,54.691,57.155,31.452,0.002559,124.519,0.593114,0,,realistic_mixed
2026-05-11T05:55:15+00:00,slice_3,router_3,Router,45.631,64.583,11.267,0.002389,222.009,0.655344,0,,realistic_mixed
2026-05-11T05:55:15+00:00,slice_1,service_4,Service,53.281,64.548723,25.348,0.00461,368.409,0.821384,1,memory_leak,realistic_mixed
2026-05-11T05:55:15+00:00,slice_2,amf_5,AMF,49.975,65.631,32.444,0.002782,120.713,0.574514,0,,realistic_mixed
2026-05-11T05:55:15+00:00,slice_3,smf_6,SMF,47.996,61.594,14.6,0.002755,101.557,0.635027,0,,realistic_mixed
2026-05-11T05:55:15+00:00,slice_1,gnb_7,gNB,55.714,77.680723,24.403,0.0046,433.605,0.762503,1,memory_leak,realistic_mixed
2026-05-11T05:55:15+00:00,slice_2,upf_8,UPF,56.213,67.598,30.892,0.002444,183.47,0.618885,0,,realistic_mixed
2026-05-11T05:56:15+00:00,slice_1,gnb_1,gNB,38.435,72.509276,18.755,0.002246,145.206,0.677592,1,memory_leak,realistic_mixed
2026-05-11T05:56:15+00:00,slice_2,upf_2,UPF,51.844,56.306,32.253,0.002632,71.483,0.581818,0,,realistic_mixed
2026-05-11T05:56:15+00:00,slice_3,router_3,Router,44.002,48.981,12.339,0.002118,295.253,0.645445,0,,realistic_mixed
2026-05-11T05:56:15+00:00,slice_1,service_4,Service,45.929,75.886276,20.857,0.005507,193.261,0.631524,1,memory_leak,realistic_mixed
2026-05-11T05:56:15+00:00,slice_2,amf_5,AMF,54.372,55.958,31.212,0.002104,189.096,0.56371,0,,realistic_mixed
2026-05-11T05:56:15+00:00,slice_3,smf_6,SMF,48.839,55.067,12.216,0.003212,310.71,0.743055,0,,realistic_mixed
2026-05-11T05:56:15+00:00,slice_1,gnb_7,gNB,47.304,89.353276,18.195,0.00311,203.593,0.692206,1,memory_leak,realistic_mixed
2026-05-11T05:56:15+00:00,slice_2,upf_8,UPF,51.598,45.68,31.334,0.002354,165.021,0.613811,0,,realistic_mixed
2026-05-11T05:57:15+00:00,slice_1,gnb_1,gNB,68.908,90.963829,24.172,0.030977,347.19,0.577345,1,memory_leak,realistic_mixed
2026-05-11T05:57:15+00:00,slice_2,upf_2,UPF,36.54,58.169,31.311,0.003465,96.997,0.600106,0,,realistic_mixed
2026-05-11T05:57:15+00:00,slice_3,router_3,Router,47.642,54.006,10.799,0.002423,145.994,0.553408,0,,realistic_mixed
2026-05-11T05:57:15+00:00,slice_1,service_4,Service,48.22,83.081829,18.884,0.031344,392.238,0.708551,1,memory_leak,realistic_mixed
2026-05-11T05:57:15+00:00,slice_2,amf_5,AMF,53.752,60.166,30.479,0.00337,67.07,0.607757,0,,realistic_mixed
2026-05-11T05:57:15+00:00,slice_3,smf_6,SMF,45.384,55.036,9.771,0.003517,246.829,0.667026,0,,realistic_mixed
2026-05-11T05:57:15+00:00,slice_1,gnb_7,gNB,57.829,84.224829,17.909,0.030785,170.345,0.762905,1,memory_leak,realistic_mixed
2026-05-11T05:57:15+00:00,slice_2,upf_8,UPF,45.027,59.578,30.723,0.002706,92.471,0.539084,0,,realistic_mixed
2026-05-11T05:58:15+00:00,slice_1,gnb_1,gNB,53.162,78.814382,18.292,0.032129,451.337,0.757111,1,memory_leak,realistic_mixed
2026-05-11T05:58:15+00:00,slice_2,upf_2,UPF,37.821,61.808,32.552,0.004142,208.741,0.566979,0,,realistic_mixed
2026-05-11T05:58:15+00:00,slice_3,router_3,Router,55.487,70.124,11.478,0.0041,277.147,0.674771,0,,realistic_mixed
2026-05-11T05:58:15+00:00,slice_1,service_4,Service,46.151,71.729382,20.51,0.031963,356.06,0.656851,1,memory_leak,realistic_mixed
2026-05-11T05:58:15+00:00,slice_2,amf_5,AMF,40.122,53.975,29.939,0.002173,67.291,0.585765,0,,realistic_mixed
2026-05-11T05:58:15+00:00,slice_3,smf_6,SMF,66.635,57.248,13.269,0.002081,229.546,0.673498,0,,realistic_mixed
2026-05-11T05:58:15+00:00,slice_1,gnb_7,gNB,48.1,76.901382,24.661,0.033087,328.083,0.805275,1,memory_leak,realistic_mixed
2026-05-11T05:58:15+00:00,slice_2,upf_8,UPF,47.858,54.316,32.305,0.003549,129.48,0.469783,0,,realistic_mixed
2026-05-11T05:59:15+00:00,slice_1,gnb_1,gNB,49.165,45.12,18.332,0.002998,296.999,0.669365,0,,realistic_mixed
2026-05-11T05:59:15+00:00,slice_2,upf_2,UPF,40.685,45.203,30.456,0.002169,218.299,0.47024,0,,realistic_mixed
2026-05-11T05:59:15+00:00,slice_3,router_3,Router,52.642,49.234,12.908,0.003603,307.611,0.674493,0,,realistic_mixed
2026-05-11T05:59:15+00:00,slice_1,service_4,Service,48.848,46.497,17.952,0.003991,174.061,0.678331,0,,realistic_mixed
2026-05-11T05:59:15+00:00,slice_2,amf_5,AMF,46.094,53.006,31.315,0.004383,138.127,0.540418,0,,realistic_mixed
2026-05-11T05:59:15+00:00,slice_3,smf_6,SMF,39.242,63.838,12.072,0.003928,196.392,0.621275,0,,realistic_mixed
2026-05-11T05:59:15+00:00,slice_1,gnb_7,gNB,31.373,41.835,19.179,0.003323,182.507,0.56345,0,,realistic_mixed
2026-05-11T05:59:15+00:00,slice_2,upf_8,UPF,58.21,47.681,30.42,0.004201,191.248,0.570068,0,,realistic_mixed
2026-05-11T06:00:15+00:00,slice_1,gnb_1,gNB,31.477,38.102,19.695,0.002895,195.658,0.670889,0,,realistic_mixed
2026-05-11T06:00:15+00:00,slice_2,upf_2,UPF,47.772,53.176,32.787,0.002052,174.762,0.537946,0,,realistic_mixed
2026-05-11T06:00:15+00:00,slice_3,router_3,Router,35.168,38.134,12.048,0.002326,168.554,0.653986,0,,realistic_mixed
2026-05-11T06:00:15+00:00,slice_1,service_4,Service,44.218,58.738,18.644,0.002241,453.479,0.671892,0,,realistic_mixed
2026-05-11T06:00:15+00:00,slice_2,amf_5,AMF,51.304,57.928,32.681,0.003763,74.676,0.618991,0,,realistic_mixed
2026-05-11T06:00:15+00:00,slice_3,smf_6,SMF,34.663,50.565,12.227,0.00353,66.585,0.598346,0,,realistic_mixed
2026-05-11T06:00:15+00:00,slice_1,gnb_7,gNB,41.004,47.131,18.015,0.005336,354.626,0.681186,0,,realistic_mixed
2026-05-11T06:00:15+00:00,slice_2,upf_8,UPF,38.664,54.391,30.718,0.003062,72.6,0.607661,0,,realistic_mixed
2026-05-11T06:01:15+00:00,slice_1,gnb_1,gNB,37.901,35.2,26.069,0.003628,510.533,0.833401,0,,realistic_mixed
2026-05-11T06:01:15+00:00,slice_2,upf_2,UPF,45.291,50.877,31.059,0.003873,223.462,0.534462,0,,realistic_mixed
2026-05-11T06:01:15+00:00,slice_3,router_3,Router,43.797,56.846,9.779,0.002307,174.939,0.649837,0,,realistic_mixed
2026-05-11T06:01:15+00:00,slice_1,service_4,Service,39.259,52.41,19.009,0.002887,398.755,0.679274,0,,realistic_mixed
2026-05-11T06:01:15+00:00,slice_2,amf_5,AMF,35.671,49.984,32.13,0.002313,191.033,0.457538,0,,realistic_mixed
2026-05-11T06:01:15+00:00,slice_3,smf_6,SMF,45.755,56.458,17.741,0.003871,213.95,0.608856,0,,realistic_mixed
2026-05-11T06:01:15+00:00,slice_1,gnb_7,gNB,39.835,51.803,18.773,0.004199,408.884,0.733362,0,,realistic_mixed
2026-05-11T06:01:15+00:00,slice_2,upf_8,UPF,51.755,46.225,30.75,0.005092,17.098,0.480833,0,,realistic_mixed
2026-05-11T06:02:15+00:00,slice_1,gnb_1,gNB,43.585,55.956,21.338,0.00209,363.487,0.665321,0,,realistic_mixed
2026-05-11T06:02:15+00:00,slice_2,upf_2,UPF,48.228,45.444,30.916,0.003109,83.588,0.54014,0,,realistic_mixed
2026-05-11T06:02:15+00:00,slice_3,router_3,Router,60.126,49.135,12.391,0.002242,156.367,0.545755,0,,realistic_mixed
2026-05-11T06:02:15+00:00,slice_1,service_4,Service,50.366,60.691,18.383,0.003437,308.265,0.606749,0,,realistic_mixed
2026-05-11T06:02:15+00:00,slice_2,amf_5,AMF,37.875,54.413,31.507,0.00326,116.234,0.487321,0,,realistic_mixed
2026-05-11T06:02:15+00:00,slice_3,smf_6,SMF,44.975,45.738,10.765,0.006404,162.147,0.527264,0,,realistic_mixed
2026-05-11T06:02:15+00:00,slice_1,gnb_7,gNB,49.614,55.597,18.165,0.002456,248.299,0.668966,0,,realistic_mixed
2026-05-11T06:02:15+00:00,slice_2,upf_8,UPF,41.166,48.792,31.55,0.005436,151.526,0.435856,0,,realistic_mixed
2026-05-11T06:03:15+00:00,slice_1,gnb_1,gNB,28.594,53.549,18.806,0.005024,366.472,0.634252,0,,realistic_mixed
2026-05-11T06:03:15+00:00,slice_2,upf_2,UPF,50.472,57.807,30.34,0.00281,190.675,0.470813,0,,realistic_mixed
2026-05-11T06:03:15+00:00,slice_3,router_3,Router,44.262,58.691,9.984,0.003325,177.488,0.598793,0,,realistic_mixed
2026-05-11T06:03:15+00:00,slice_1,service_4,Service,59.581,59.602,18.921,0.003183,338.953,0.675223,0,,realistic_mixed
2026-05-11T06:03:15+00:00,slice_2,amf_5,AMF,39.339,43.416,34.292,0.002624,96.515,0.443546,0,,realistic_mixed
2026-05-11T06:03:15+00:00,slice_3,smf_6,SMF,35.823,40.062,11.396,0.003989,180.94,0.592331,0,,realistic_mixed
2026-05-11T06:03:15+00:00,slice_1,gnb_7,gNB,57.437,55.456,19.602,0.003533,321.78,0.733781,0,,realistic_mixed
2026-05-11T06:03:15+00:00,slice_2,upf_8,UPF,47.027,58.838,31.579,0.004318,76.044,0.660584,0,,realistic_mixed
2026-05-11T06:04:15+00:00,slice_1,gnb_1,gNB,46.922,54.049,18.323,0.005015,300.928,0.546859,0,,realistic_mixed
2026-05-11T06:04:15+00:00,slice_2,upf_2,UPF,45.571,61.438,30.174,0.002639,58.727,0.593396,0,,realistic_mixed
2026-05-11T06:04:15+00:00,slice_3,router_3,Router,43.661,53.022,11.169,0.002723,128.924,0.587732,0,,realistic_mixed
2026-05-11T06:04:15+00:00,slice_1,service_4,Service,43.721,58.798,18.637,0.003684,365.148,0.667814,0,,realistic_mixed
2026-05-11T06:04:15+00:00,slice_2,amf_5,AMF,58.411,66.198,32.205,0.002952,212.998,0.484678,0,,realistic_mixed
2026-05-11T06:04:15+00:00,slice_3,smf_6,SMF,30.233,52.328,12.502,0.002933,222.75,0.576851,0,,realistic_mixed
2026-05-11T06:04:15+00:00,slice_1,gnb_7,gNB,55.921,54.389,20.666,0.002523,267.861,0.684145,0,,realistic_mixed
2026-05-11T06:04:15+00:00,slice_2,upf_8,UPF,47.798,59.369,30.493,0.002889,179.04,0.553428,0,,realistic_mixed
2026-05-11T06:05:15+00:00,slice_1,gnb_1,gNB,55.918,51.81,17.626,0.002196,324.751,0.584911,0,,realistic_mixed
2026-05-11T06:05:15+00:00,slice_2,upf_2,UPF,50.159,52.449,31.392,0.002449,55.471,0.543526,0,,realistic_mixed
2026-05-11T06:05:15+00:00,slice_3,router_3,Router,45.531,39.822,10.318,0.007742,216.082,0.591184,0,,realistic_mixed
2026-05-11T06:05:15+00:00,slice_1,service_4,Service,55.732,53.144,20.139,0.002466,439.738,0.688866,0,,realistic_mixed
2026-05-11T06:05:15+00:00,slice_2,amf_5,AMF,42.231,39.995,30.892,0.002215,9.776,0.553854,0,,realistic_mixed
2026-05-11T06:05:15+00:00,slice_3,smf_6,SMF,52.097,50.936,12.43,0.003755,129.082,0.654756,0,,realistic_mixed
2026-05-11T06:05:15+00:00,slice_1,gnb_7,gNB,40.414,51.289,19.177,0.004614,278.173,0.645371,0,,realistic_mixed
2026-05-11T06:05:15+00:00,slice_2,upf_8,UPF,61.98,66.212,32.235,0.002614,74.739,0.511327,0,,realistic_mixed
2026-05-11T06:06:15+00:00,slice_1,gnb_1,gNB,41.003,50.311,18.082,0.002482,330.361,0.612031,0,,realistic_mixed
2026-05-11T06:06:15+00:00,slice_2,upf_2,UPF,43.016,53.467,30.71,0.00375,184.316,0.605832,0,,realistic_mixed
2026-05-11T06:06:15+00:00,slice_3,router_3,Router,42.451,54.057,11.258,0.002931,199.562,0.578935,0,,realistic_mixed
2026-05-11T06:06:15+00:00,slice_1,service_4,Service,39.466,50.1,18.371,0.002887,212.803,0.633739,0,,realistic_mixed
2026-05-11T06:06:15+00:00,slice_2,amf_5,AMF,44.08,57.19,31.083,0.004978,213.956,0.596205,0,,realistic_mixed
2026-05-11T06:06:15+00:00,slice_3,smf_6,SMF,38.42,52.263,14.052,0.002162,249.174,0.700835,0,,realistic_mixed
2026-05-11T06:06:15+00:00,slice_1,gnb_7,gNB,54.121,56.453,17.765,0.005316,412.068,0.591955,0,,realistic_mixed
2026-05-11T06:06:15+00:00,slice_2,upf_8,UPF,39.568,57.186,31.794,0.003599,69.549,0.508386,0,,realistic_mixed
2026-05-11T06:07:15+00:00,slice_1,gnb_1,gNB,32.45,52.314,19.911,0.004315,271.801,0.645874,0,,realistic_mixed
2026-05-11T06:07:15+00:00,slice_2,upf_2,UPF,42.724,53.268,32.086,0.005958,88.596,0.594519,0,,realistic_mixed
2026-05-11T06:07:15+00:00,slice_3,router_3,Router,34.952,49.149,15.276,0.00323,104.459,0.545836,0,,realistic_mixed
2026-05-11T06:07:15+00:00,slice_1,service_4,Service,38.315,58.647,18.259,0.002133,318.653,0.731612,0,,realistic_mixed
2026-05-11T06:07:15+00:00,slice_2,amf_5,AMF,39.913,61.086,30.505,0.004247,55.839,0.478352,0,,realistic_mixed
2026-05-11T06:07:15+00:00,slice_3,smf_6,SMF,40.937,54.93,17.235,0.003509,137.651,0.539075,0,,realistic_mixed
2026-05-11T06:07:15+00:00,slice_1,gnb_7,gNB,48.129,53.213,18.92,0.003048,444.853,0.741557,0,,realistic_mixed
2026-05-11T06:07:15+00:00,slice_2,upf_8,UPF,42.094,54.127,32.598,0.003861,236.354,0.597995,0,,realistic_mixed
2026-05-11T06:08:15+00:00,slice_1,gnb_1,gNB,58.641,43.01,18.684,0.002573,346.075,0.578937,0,,realistic_mixed
2026-05-11T06:08:15+00:00,slice_2,upf_2,UPF,55.174,52.9,32.14,0.004719,121.526,0.625966,0,,realistic_mixed
2026-05-11T06:08:15+00:00,slice_3,router_3,Router,41.368,42.6,13.724,0.004844,153.767,0.502083,0,,realistic_mixed
2026-05-11T06:08:15+00:00,slice_1,service_4,Service,54.398,49.94,18.158,0.002653,443.241,0.660274,0,,realistic_mixed
2026-05-11T06:08:15+00:00,slice_2,amf_5,AMF,32.614,36.969,30.68,0.004124,121.356,0.567094,0,,realistic_mixed
2026-05-11T06:08:15+00:00,slice_3,smf_6,SMF,56.636,51.93,10.743,0.004926,167.094,0.612879,0,,realistic_mixed
2026-05-11T06:08:15+00:00,slice_1,gnb_7,gNB,28.721,36.783,18.837,0.00584,223.051,0.610078,0,,realistic_mixed
2026-05-11T06:08:15+00:00,slice_2,upf_8,UPF,38.75,62.693,31.745,0.002826,139.944,0.601555,0,,realistic_mixed
2026-05-11T06:09:15+00:00,slice_1,gnb_1,gNB,43.676,52.549,18.825,0.002534,413.222,0.709824,0,,realistic_mixed
2026-05-11T06:09:15+00:00,slice_2,upf_2,UPF,47.443,51.305,30.412,0.003006,181.386,0.490883,0,,realistic_mixed
2026-05-11T06:09:15+00:00,slice_3,router_3,Router,49.424,54.662,10.107,0.003958,182.765,0.569264,0,,realistic_mixed
2026-05-11T06:09:15+00:00,slice_1,service_4,Service,46.606,48.425,18.167,0.002434,200.287,0.704855,0,,realistic_mixed
2026-05-11T06:09:15+00:00,slice_2,amf_5,AMF,42.976,40.519,30.511,0.004141,156.03,0.499643,0,,realistic_mixed
2026-05-11T06:09:15+00:00,slice_3,smf_6,SMF,32.378,46.307,10.966,0.002866,199.187,0.528543,0,,realistic_mixed
2026-05-11T06:09:15+00:00,slice_1,gnb_7,gNB,44.907,55.16,19.189,0.003831,325.655,0.702332,0,,realistic_mixed
2026-05-11T06:09:15+00:00,slice_2,upf_8,UPF,55.612,51.976,32.937,0.003117,263.136,0.599663,0,,realistic_mixed
2026-05-11T06:10:15+00:00,slice_1,gnb_1,gNB,44.763,39.883,19.242,0.003434,316.508,0.695192,0,,realistic_mixed
2026-05-11T06:10:15+00:00,slice_2,upf_2,UPF,36.614,52.364,31.252,0.003401,126.101,0.622285,0,,realistic_mixed
2026-05-11T06:10:15+00:00,slice_3,router_3,Router,48.877,49.015,11.508,0.004682,193.031,0.604214,0,,realistic_mixed
2026-05-11T06:10:15+00:00,slice_1,service_4,Service,51.703,53.082,19.567,0.007094,377.342,0.757602,0,,realistic_mixed
2026-05-11T06:10:15+00:00,slice_2,amf_5,AMF,43.593,43.45,32.082,0.003159,0.0,0.586398,0,,realistic_mixed
2026-05-11T06:10:15+00:00,slice_3,smf_6,SMF,32.157,41.554,10.289,0.004707,225.021,0.621392,0,,realistic_mixed
2026-05-11T06:10:15+00:00,slice_1,gnb_7,gNB,42.466,47.816,18.189,0.003185,200.653,0.718971,0,,realistic_mixed
2026-05-11T06:10:15+00:00,slice_2,upf_8,UPF,51.972,60.915,33.632,0.003571,214.835,0.574367,0,,realistic_mixed
2026-05-11T06:11:15+00:00,slice_1,gnb_1,gNB,56.652,63.44,19.524,0.003567,295.006,0.664902,0,,realistic_mixed
2026-05-11T06:11:15+00:00,slice_2,upf_2,UPF,34.925,50.424,29.577,0.003589,142.733,0.590127,0,,realistic_mixed
2026-05-11T06:11:15+00:00,slice_3,router_3,Router,38.868,38.16,11.591,0.003845,100.965,0.433076,0,,realistic_mixed
2026-05-11T06:11:15+00:00,slice_1,service_4,Service,42.652,61.848,18.237,0.00388,371.522,0.594483,0,,realistic_mixed
2026-05-11T06:11:15+00:00,slice_2,amf_5,AMF,50.614,52.301,31.798,0.005265,136.796,0.583513,0,,realistic_mixed
2026-05-11T06:11:15+00:00,slice_3,smf_6,SMF,53.345,53.227,9.788,0.002743,224.032,0.638075,0,,realistic_mixed
2026-05-11T06:11:15+00:00,slice_1,gnb_7,gNB,47.855,58.419,19.719,0.003562,335.301,0.699735,0,,realistic_mixed
2026-05-11T06:11:15+00:00,slice_2,upf_8,UPF,38.853,39.047,31.479,0.0025,93.976,0.48631,0,,realistic_mixed
2026-05-11T06:12:15+00:00,slice_1,gnb_1,gNB,47.848,55.388,23.374,0.002782,469.137,0.722877,0,,realistic_mixed
2026-05-11T06:12:15+00:00,slice_2,upf_2,UPF,52.265,61.051,33.172,0.002696,217.897,0.456998,0,,realistic_mixed
2026-05-11T06:12:15+00:00,slice_3,router_3,Router,48.379,50.952,9.986,0.002465,337.273,0.553288,0,,realistic_mixed
2026-05-11T06:12:15+00:00,slice_1,service_4,Service,46.616,51.417,17.702,0.00484,256.501,0.594005,0,,realistic_mixed
2026-05-11T06:12:15+00:00,slice_2,amf_5,AMF,39.269,48.169,30.422,0.005967,109.341,0.593924,0,,realistic_mixed
2026-05-11T06:12:15+00:00,slice_3,smf_6,SMF,49.207,57.294,10.637,0.002546,268.313,0.752469,0,,realistic_mixed
2026-05-11T06:12:15+00:00,slice_1,gnb_7,gNB,50.096,58.135,17.501,0.003792,359.172,0.694759,0,,realistic_mixed
2026-05-11T06:12:15+00:00,slice_2,upf_8,UPF,47.671,40.626,38.041,0.005969,172.846,0.523268,0,,realistic_mixed
2026-05-11T06:13:15+00:00,slice_1,gnb_1,gNB,44.563,62.362,18.682,0.003439,262.112,0.615159,0,,realistic_mixed
2026-05-11T06:13:15+00:00,slice_2,upf_2,UPF,38.746,51.892,33.333,0.006561,60.488,0.351112,0,,realistic_mixed
2026-05-11T06:13:15+00:00,slice_3,router_3,Router,43.533,42.925,10.156,0.002386,242.074,0.627212,0,,realistic_mixed
2026-05-11T06:13:15+00:00,slice_1,service_4,Service,50.596,54.293,19.615,0.004735,354.014,0.603561,0,,realistic_mixed
2026-05-11T06:13:15+00:00,slice_2,amf_5,AMF,52.873,57.032,31.275,0.00387,99.585,0.555712,0,,realistic_mixed
2026-05-11T06:13:15+00:00,slice_3,smf_6,SMF,50.279,48.917,10.87,0.00644,252.725,0.565194,0,,realistic_mixed
2026-05-11T06:13:15+00:00,slice_1,gnb_7,gNB,50.779,48.455,19.561,0.002458,323.643,0.695739,0,,realistic_mixed
2026-05-11T06:13:15+00:00,slice_2,upf_8,UPF,50.669,49.322,30.305,0.002318,92.484,0.544901,0,,realistic_mixed
2026-05-11T06:14:15+00:00,slice_1,gnb_1,gNB,56.534,59.476,17.071,0.004971,379.415,0.63417,0,,realistic_mixed
2026-05-11T06:14:15+00:00,slice_2,upf_2,UPF,40.481,52.035,31.456,0.005607,92.03,0.506583,0,,realistic_mixed
2026-05-11T06:14:15+00:00,slice_3,router_3,Router,47.572,52.298,11.205,0.004152,343.852,0.669513,0,,realistic_mixed
2026-05-11T06:14:15+00:00,slice_1,service_4,Service,44.8,44.922,19.758,0.002582,161.531,0.686619,0,,realistic_mixed
2026-05-11T06:14:15+00:00,slice_2,amf_5,AMF,32.024,49.964,30.41,0.0022,121.497,0.524797,0,,realistic_mixed
2026-05-11T06:14:15+00:00,slice_3,smf_6,SMF,41.207,51.874,11.068,0.003143,136.539,0.591854,0,,realistic_mixed
2026-05-11T06:14:15+00:00,slice_1,gnb_7,gNB,45.265,41.228,21.333,0.003676,358.987,0.66454,0,,realistic_mixed
2026-05-11T06:14:15+00:00,slice_2,upf_8,UPF,38.516,54.709,31.9,0.004262,129.339,0.588833,0,,realistic_mixed
2026-05-11T06:15:15+00:00,slice_1,gnb_1,gNB,42.962,44.511,19.642,0.003185,214.451,0.622688,0,,realistic_mixed
2026-05-11T06:15:15+00:00,slice_2,upf_2,UPF,42.77,51.505,31.534,0.004849,155.682,0.671301,0,,realistic_mixed
2026-05-11T06:15:15+00:00,slice_3,router_3,Router,42.069,49.573,10.633,0.005241,223.077,0.590594,0,,realistic_mixed
2026-05-11T06:15:15+00:00,slice_1,service_4,Service,35.392,37.565,19.065,0.004633,304.427,0.690195,0,,realistic_mixed
2026-05-11T06:15:15+00:00,slice_2,amf_5,AMF,58.334,62.482,32.455,0.005683,0.0,0.556663,0,,realistic_mixed
2026-05-11T06:15:15+00:00,slice_3,smf_6,SMF,52.538,62.21,11.972,0.004143,154.095,0.671532,0,,realistic_mixed
2026-05-11T06:15:15+00:00,slice_1,gnb_7,gNB,37.197,49.146,18.138,0.006142,412.788,0.709723,0,,realistic_mixed
2026-05-11T06:15:15+00:00,slice_2,upf_8,UPF,58.057,53.952,33.98,0.003423,0.0,0.619591,0,,realistic_mixed
2026-05-11T06:16:15+00:00,slice_1,gnb_1,gNB,50.128,47.271,18.773,0.003673,418.447,0.636579,0,,realistic_mixed
2026-05-11T06:16:15+00:00,slice_2,upf_2,UPF,33.203,40.705,30.16,0.00489,117.368,0.635565,0,,realistic_mixed
2026-05-11T06:16:15+00:00,slice_3,router_3,Router,51.493,53.773,10.33,0.002284,328.574,0.594364,0,,realistic_mixed
2026-05-11T06:16:15+00:00,slice_1,service_4,Service,47.345,57.659,20.187,0.003239,401.82,0.717256,0,,realistic_mixed
2026-05-11T06:16:15+00:00,slice_2,amf_5,AMF,54.693,62.609,31.016,0.002114,113.535,0.510997,0,,realistic_mixed
2026-05-11T06:16:15+00:00,slice_3,smf_6,SMF,46.596,46.204,11.654,0.003787,300.684,0.583347,0,,realistic_mixed
2026-05-11T06:16:15+00:00,slice_1,gnb_7,gNB,52.851,65.17,19.43,0.003432,274.794,0.682517,0,,realistic_mixed
2026-05-11T06:16:15+00:00,slice_2,upf_8,UPF,30.278,52.686,30.336,0.005742,96.416,0.521495,0,,realistic_mixed
2026-05-11T06:17:15+00:00,slice_1,gnb_1,gNB,39.399,58.491,20.186,0.002285,325.191,0.678767,0,,realistic_mixed
2026-05-11T06:17:15+00:00,slice_2,upf_2,UPF,45.806,50.737,31.537,0.0023,28.733,0.518446,0,,realistic_mixed
2026-05-11T06:17:15+00:00,slice_3,router_3,Router,43.247,58.322,10.023,0.005094,183.478,0.686609,0,,realistic_mixed
2026-05-11T06:17:15+00:00,slice_1,service_4,Service,39.406,50.985,18.42,0.002253,248.822,0.658789,0,,realistic_mixed
2026-05-11T06:17:15+00:00,slice_2,amf_5,AMF,42.093,60.59,30.345,0.003662,127.29,0.470178,0,,realistic_mixed
2026-05-11T06:17:15+00:00,slice_3,smf_6,SMF,38.273,51.914,12.442,0.006169,357.462,0.688398,0,,realistic_mixed
2026-05-11T06:17:15+00:00,slice_1,gnb_7,gNB,51.233,54.539,18.395,0.003108,478.829,0.714707,0,,realistic_mixed
2026-05-11T06:17:15+00:00,slice_2,upf_8,UPF,45.248,47.604,34.08,0.003075,56.53,0.476286,0,,realistic_mixed
2026-05-11T06:18:15+00:00,slice_1,gnb_1,gNB,46.696,54.596,17.338,0.003403,318.463,0.647839,0,,realistic_mixed
2026-05-11T06:18:15+00:00,slice_2,upf_2,UPF,57.382,47.166,31.752,0.002735,240.261,0.597426,0,,realistic_mixed
2026-05-11T06:18:15+00:00,slice_3,router_3,Router,56.861,51.684,10.397,0.00425,199.391,0.56572,0,,realistic_mixed
2026-05-11T06:18:15+00:00,slice_1,service_4,Service,53.438,55.813,19.304,0.003618,433.972,0.658615,0,,realistic_mixed
2026-05-11T06:18:15+00:00,slice_2,amf_5,AMF,51.176,51.803,30.294,0.002318,134.91,0.551719,0,,realistic_mixed
2026-05-11T06:18:15+00:00,slice_3,smf_6,SMF,57.431,64.576,13.958,0.003993,290.69,0.760366,0,,realistic_mixed
2026-05-11T06:18:15+00:00,slice_1,gnb_7,gNB,53.225,56.462,17.734,0.003864,439.652,0.731177,0,,realistic_mixed
2026-05-11T06:18:15+00:00,slice_2,upf_8,UPF,40.159,56.583,31.354,0.004802,66.819,0.577816,0,,realistic_mixed
2026-05-11T06:19:15+00:00,slice_1,gnb_1,gNB,48.035,46.728,18.154,0.002163,269.537,0.599059,0,,realistic_mixed
2026-05-11T06:19:15+00:00,slice_2,upf_2,UPF,50.932,53.634,32.081,0.00591,145.753,0.492418,0,,realistic_mixed
2026-05-11T06:19:15+00:00,slice_3,router_3,Router,44.81,39.931,11.466,0.002041,323.571,0.690876,0,,realistic_mixed
2026-05-11T06:19:15+00:00,slice_1,service_4,Service,29.068,44.938,19.148,0.002921,202.12,0.683572,0,,realistic_mixed
2026-05-11T06:19:15+00:00,slice_2,amf_5,AMF,57.213,64.078,34.015,0.005306,86.217,0.561556,0,,realistic_mixed
2026-05-11T06:19:15+00:00,slice_3,smf_6,SMF,42.075,52.72,11.267,0.003418,312.761,0.660688,0,,realistic_mixed
2026-05-11T06:19:15+00:00,slice_1,gnb_7,gNB,56.829,62.02,21.053,0.004773,464.626,0.774061,0,,realistic_mixed
2026-05-11T06:19:15+00:00,slice_2,upf_8,UPF,52.479,68.111,31.643,0.003278,0.0,0.662483,0,,realistic_mixed
2026-05-11T06:20:15+00:00,slice_1,gnb_1,gNB,51.753,42.158,20.107,0.003512,312.544,0.593916,0,,realistic_mixed
2026-05-11T06:20:15+00:00,slice_2,upf_2,UPF,38.954,52.378,31.217,0.002199,102.629,0.5889,0,,realistic_mixed
2026-05-11T06:20:15+00:00,slice_3,router_3,Router,46.457,51.896,16.199,0.003482,358.437,0.77451,0,,realistic_mixed
2026-05-11T06:20:15+00:00,slice_1,service_4,Service,46.935,55.243,20.634,0.003505,431.587,0.776427,0,,realistic_mixed
2026-05-11T06:20:15+00:00,slice_2,amf_5,AMF,43.925,46.697,29.772,0.003074,111.956,0.449592,0,,realistic_mixed
2026-05-11T06:20:15+00:00,slice_3,smf_6,SMF,39.225,51.552,11.128,0.002178,204.314,0.710408,0,,realistic_mixed
2026-05-11T06:20:15+00:00,slice_1,gnb_7,gNB,49.661,51.107,18.04,0.002202,286.214,0.686613,0,,realistic_mixed
2026-05-11T06:20:15+00:00,slice_2,upf_8,UPF,40.487,55.682,30.587,0.00272,68.709,0.467992,0,,realistic_mixed
2026-05-11T06:21:15+00:00,slice_1,gnb_1,gNB,36.976,49.063,18.42,0.002676,451.172,0.686938,0,,realistic_mixed
2026-05-11T06:21:15+00:00,slice_2,upf_2,UPF,56.953,47.695,31.713,0.00204,122.151,0.533901,0,,realistic_mixed
2026-05-11T06:21:15+00:00,slice_3,router_3,Router,58.725,56.366,11.858,0.002515,428.804,0.734977,0,,realistic_mixed
2026-05-11T06:21:15+00:00,slice_1,service_4,Service,38.001,47.425,19.641,0.003805,325.031,0.732356,0,,realistic_mixed
2026-05-11T06:21:15+00:00,slice_2,amf_5,AMF,59.02,65.423,30.084,0.00423,124.421,0.514446,0,,realistic_mixed
2026-05-11T06:21:15+00:00,slice_3,smf_6,SMF,57.027,64.022,10.658,0.003246,268.445,0.719392,0,,realistic_mixed
2026-05-11T06:21:15+00:00,slice_1,gnb_7,gNB,45.344,51.717,19.526,0.002997,359.821,0.637076,0,,realistic_mixed
2026-05-11T06:21:15+00:00,slice_2,upf_8,UPF,57.538,54.845,31.762,0.002228,115.288,0.604255,0,,realistic_mixed
2026-05-11T06:22:15+00:00,slice_1,gnb_1,gNB,41.718,54.943,20.336,0.003469,259.661,0.618257,0,,realistic_mixed
2026-05-11T06:22:15+00:00,slice_2,upf_2,UPF,56.93,60.655,32.339,0.005373,189.606,0.554459,0,,realistic_mixed
2026-05-11T06:22:15+00:00,slice_3,router_3,Router,46.759,54.938,10.674,0.003091,161.194,0.584196,0,,realistic_mixed
2026-05-11T06:22:15+00:00,slice_1,service_4,Service,43.173,53.543,23.08,0.003027,314.666,0.686059,0,,realistic_mixed
2026-05-11T06:22:15+00:00,slice_2,amf_5,AMF,47.188,64.988,32.519,0.003974,191.111,0.558484,0,,realistic_mixed
2026-05-11T06:22:15+00:00,slice_3,smf_6,SMF,34.675,48.688,18.782,0.003948,305.097,0.836044,0,,realistic_mixed
2026-05-11T06:22:15+00:00,slice_1,gnb_7,gNB,30.379,40.743,19.271,0.002115,357.817,0.616693,0,,realistic_mixed
2026-05-11T06:22:15+00:00,slice_2,upf_8,UPF,43.558,54.868,31.462,0.002901,224.787,0.503841,0,,realistic_mixed
2026-05-11T06:23:15+00:00,slice_1,gnb_1,gNB,43.844,42.415,18.108,0.003256,353.707,0.725473,0,,realistic_mixed
2026-05-11T06:23:15+00:00,slice_2,upf_2,UPF,55.58,54.054,31.767,0.002512,136.075,0.616448,0,,realistic_mixed
2026-05-11T06:23:15+00:00,slice_3,router_3,Router,45.186,49.138,11.801,0.002568,270.802,0.577287,0,,realistic_mixed
2026-05-11T06:23:15+00:00,slice_1,service_4,Service,45.738,41.694,17.574,0.005753,374.412,0.7113,0,,realistic_mixed
2026-05-11T06:23:15+00:00,slice_2,amf_5,AMF,42.071,45.396,31.425,0.00318,179.829,0.638037,0,,realistic_mixed
2026-05-11T06:23:15+00:00,slice_3,smf_6,SMF,39.815,54.566,11.451,0.002441,346.109,0.653759,0,,realistic_mixed
2026-05-11T06:23:15+00:00,slice_1,gnb_7,gNB,60.0,56.71,21.842,0.003793,331.78,0.747801,0,,realistic_mixed
2026-05-11T06:23:15+00:00,slice_2,upf_8,UPF,49.022,58.224,31.221,0.004173,162.425,0.563271,0,,realistic_mixed
2026-05-11T06:24:15+00:00,slice_1,gnb_1,gNB,50.086,56.603,19.647,0.004483,264.9,0.639926,0,,realistic_mixed
2026-05-11T06:24:15+00:00,slice_2,upf_2,UPF,39.199,54.847,32.472,0.003733,92.382,0.651559,0,,realistic_mixed
2026-05-11T06:24:15+00:00,slice_3,router_3,Router,42.44,51.846,16.166,0.004106,373.793,0.641231,0,,realistic_mixed
2026-05-11T06:24:15+00:00,slice_1,service_4,Service,45.274,46.314,18.249,0.002853,186.258,0.52253,0,,realistic_mixed
2026-05-11T06:24:15+00:00,slice_2,amf_5,AMF,48.926,52.288,30.893,0.003412,158.298,0.499576,0,,realistic_mixed
2026-05-11T06:24:15+00:00,slice_3,smf_6,SMF,43.333,60.128,11.309,0.002963,212.229,0.571375,0,,realistic_mixed
2026-05-11T06:24:15+00:00,slice_1,gnb_7,gNB,40.994,41.621,18.592,0.002982,215.076,0.695578,0,,realistic_mixed
2026-05-11T06:24:15+00:00,slice_2,upf_8,UPF,41.044,55.242,31.737,0.002096,304.762,0.55207,0,,realistic_mixed
2026-05-11T06:25:15+00:00,slice_1,gnb_1,gNB,43.672,58.753,17.264,0.002861,273.265,0.708144,0,,realistic_mixed
2026-05-11T06:25:15+00:00,slice_2,upf_2,UPF,44.802,52.549,32.334,0.002411,259.636,0.651544,0,,realistic_mixed
2026-05-11T06:25:15+00:00,slice_3,router_3,Router,48.407,60.227,12.396,0.003349,100.63,0.560722,0,,realistic_mixed
2026-05-11T06:25:15+00:00,slice_1,service_4,Service,47.888,61.355,19.962,0.004376,431.01,0.779815,0,,realistic_mixed
2026-05-11T06:25:15+00:00,slice_2,amf_5,AMF,54.476,58.755,33.054,0.005063,224.873,0.583415,0,,realistic_mixed
2026-05-11T06:25:15+00:00,slice_3,smf_6,SMF,45.957,44.679,12.53,0.003273,246.325,0.594843,0,,realistic_mixed
2026-05-11T06:25:15+00:00,slice_1,gnb_7,gNB,31.164,51.348,17.977,0.006321,313.309,0.68079,0,,realistic_mixed
2026-05-11T06:25:15+00:00,slice_2,upf_8,UPF,52.146,49.303,30.744,0.003013,58.858,0.526202,0,,realistic_mixed
2026-05-11T06:26:15+00:00,slice_1,gnb_1,gNB,44.807,54.184,18.32,0.003917,390.221,0.623153,0,,realistic_mixed
2026-05-11T06:26:15+00:00,slice_2,upf_2,UPF,57.904,55.431,30.704,0.002766,231.919,0.638641,0,,realistic_mixed
2026-05-11T06:26:15+00:00,slice_3,router_3,Router,44.781,59.002,11.632,0.003013,265.231,0.636419,0,,realistic_mixed
2026-05-11T06:26:15+00:00,slice_1,service_4,Service,55.889,59.626,20.104,0.006258,413.827,0.733753,0,,realistic_mixed
2026-05-11T06:26:15+00:00,slice_2,amf_5,AMF,63.133,70.403,32.381,0.003314,0.0,0.446872,0,,realistic_mixed
2026-05-11T06:26:15+00:00,slice_3,smf_6,SMF,40.133,47.348,12.082,0.003033,267.41,0.760789,0,,realistic_mixed
2026-05-11T06:26:15+00:00,slice_1,gnb_7,gNB,45.908,59.531,18.273,0.00241,368.682,0.552861,0,,realistic_mixed
2026-05-11T06:26:15+00:00,slice_2,upf_8,UPF,48.254,57.252,31.534,0.002639,65.188,0.567701,0,,realistic_mixed
2026-05-11T06:27:15+00:00,slice_1,gnb_1,gNB,40.378,47.647,18.517,0.0031,321.583,0.641243,0,,realistic_mixed
2026-05-11T06:27:15+00:00,slice_2,upf_2,UPF,44.034,52.23,30.994,0.003787,182.91,0.564574,0,,realistic_mixed
2026-05-11T06:27:15+00:00,slice_3,router_3,Router,48.196,51.902,11.281,0.004136,118.694,0.539264,0,,realistic_mixed
2026-05-11T06:27:15+00:00,slice_1,service_4,Service,47.053,54.822,18.744,0.004942,447.737,0.589085,0,,realistic_mixed
2026-05-11T06:27:15+00:00,slice_2,amf_5,AMF,38.574,45.94,31.486,0.004872,202.445,0.572992,0,,realistic_mixed
2026-05-11T06:27:15+00:00,slice_3,smf_6,SMF,41.284,45.855,11.903,0.004546,269.85,0.6027,0,,realistic_mixed
2026-05-11T06:27:15+00:00,slice_1,gnb_7,gNB,58.865,58.445,17.864,0.004593,380.121,0.630895,0,,realistic_mixed
2026-05-11T06:27:15+00:00,slice_2,upf_8,UPF,50.231,59.143,30.044,0.002126,52.997,0.53164,0,,realistic_mixed
2026-05-11T06:28:15+00:00,slice_1,gnb_1,gNB,47.121,61.635,17.39,0.003974,261.758,0.65204,0,,realistic_mixed
2026-05-11T06:28:15+00:00,slice_2,upf_2,UPF,44.529,50.046,31.976,0.002513,205.231,0.584506,0,,realistic_mixed
2026-05-11T06:28:15+00:00,slice_3,router_3,Router,40.64,32.953,10.37,0.002911,184.951,0.620078,0,,realistic_mixed
2026-05-11T06:28:15+00:00,slice_1,service_4,Service,40.796,44.417,19.157,0.004577,408.066,0.6723,0,,realistic_mixed
2026-05-11T06:28:15+00:00,slice_2,amf_5,AMF,56.478,56.809,30.246,0.002133,227.507,0.533966,0,,realistic_mixed
2026-05-11T06:28:15+00:00,slice_3,smf_6,SMF,39.557,51.79,12.274,0.004873,228.342,0.5898,0,,realistic_mixed
2026-05-11T06:28:15+00:00,slice_1,gnb_7,gNB,37.282,51.078,19.221,0.002483,354.098,0.722712,0,,realistic_mixed
2026-05-11T06:28:15+00:00,slice_2,upf_8,UPF,49.583,50.427,30.903,0.002608,202.438,0.624477,0,,realistic_mixed
2026-05-11T06:29:15+00:00,slice_1,gnb_1,gNB,54.982,60.956,18.541,0.002596,383.279,0.606266,0,,realistic_mixed
2026-05-11T06:29:15+00:00,slice_2,upf_2,UPF,38.282,56.642,32.042,0.003272,251.936,0.549622,0,,realistic_mixed
2026-05-11T06:29:15+00:00,slice_3,router_3,Router,58.973,53.243,11.209,0.002867,301.797,0.589918,0,,realistic_mixed
2026-05-11T06:29:15+00:00,slice_1,service_4,Service,50.08,56.65,19.323,0.002359,359.272,0.634746,0,,realistic_mixed
2026-05-11T06:29:15+00:00,slice_2,amf_5,AMF,43.439,56.286,30.209,0.003688,189.658,0.490677,0,,realistic_mixed
2026-05-11T06:29:15+00:00,slice_3,smf_6,SMF,39.675,56.812,11.968,0.003255,412.673,0.713746,0,,realistic_mixed
2026-05-11T06:29:15+00:00,slice_1,gnb_7,gNB,44.977,49.952,22.965,0.002805,361.571,0.766283,0,,realistic_mixed
2026-05-11T06:29:15+00:00,slice_2,upf_8,UPF,51.867,56.297,30.193,0.002945,199.942,0.483314,0,,realistic_mixed
2026-05-11T06:30:15+00:00,slice_1,gnb_1,gNB,38.186,49.309,18.234,0.003642,381.271,0.62216,0,,realistic_mixed
2026-05-11T06:30:15+00:00,slice_2,upf_2,UPF,48.953,62.484,33.012,0.002174,94.24,0.514194,0,,realistic_mixed
2026-05-11T06:30:15+00:00,slice_3,router_3,Router,47.081,49.275,12.404,0.002536,196.56,0.659469,0,,realistic_mixed
2026-05-11T06:30:15+00:00,slice_1,service_4,Service,54.024,43.959,20.651,0.00493,391.944,0.701009,0,,realistic_mixed
2026-05-11T06:30:15+00:00,slice_2,amf_5,AMF,51.722,36.362,30.612,0.0024,139.411,0.486203,0,,realistic_mixed
2026-05-11T06:30:15+00:00,slice_3,smf_6,SMF,50.471,68.172,13.195,0.002528,287.615,0.730254,0,,realistic_mixed
2026-05-11T06:30:15+00:00,slice_1,gnb_7,gNB,56.576,65.257,18.543,0.004338,345.521,0.705383,0,,realistic_mixed
2026-05-11T06:30:15+00:00,slice_2,upf_8,UPF,41.949,48.3,30.94,0.004005,125.814,0.535127,0,,realistic_mixed
2026-05-11T06:31:15+00:00,slice_1,gnb_1,gNB,43.682,55.273,18.816,0.005042,497.362,0.739025,0,,realistic_mixed
2026-05-11T06:31:15+00:00,slice_2,upf_2,UPF,60.408,60.777,31.683,0.004517,259.44,0.590385,0,,realistic_mixed
2026-05-11T06:31:15+00:00,slice_3,router_3,Router,48.617,45.629,11.774,0.002086,76.222,0.654983,0,,realistic_mixed
2026-05-11T06:31:15+00:00,slice_1,service_4,Service,59.078,69.468,17.321,0.003068,476.288,0.678985,0,,realistic_mixed
2026-05-11T06:31:15+00:00,slice_2,amf_5,AMF,39.868,44.352,34.146,0.003843,220.423,0.499139,0,,realistic_mixed
2026-05-11T06:31:15+00:00,slice_3,smf_6,SMF,54.84,43.397,11.359,0.002629,227.683,0.664959,0,,realistic_mixed
2026-05-11T06:31:15+00:00,slice_1,gnb_7,gNB,45.291,57.284,17.078,0.006051,217.353,0.679962,0,,realistic_mixed
2026-05-11T06:31:15+00:00,slice_2,upf_8,UPF,51.803,53.172,33.143,0.002235,184.59,0.551128,0,,realistic_mixed
2026-05-11T06:32:15+00:00,slice_1,gnb_1,gNB,41.343,59.519,19.358,0.002723,365.172,0.651074,0,,realistic_mixed
2026-05-11T06:32:15+00:00,slice_2,upf_2,UPF,45.01,53.793,31.55,0.002837,91.374,0.550679,0,,realistic_mixed
2026-05-11T06:32:15+00:00,slice_3,router_3,Router,36.718,39.923,11.374,0.002183,312.304,0.633829,0,,realistic_mixed
2026-05-11T06:32:15+00:00,slice_1,service_4,Service,40.333,40.698,17.339,0.002256,290.415,0.736646,0,,realistic_mixed
2026-05-11T06:32:15+00:00,slice_2,amf_5,AMF,35.863,46.366,29.711,0.003134,134.863,0.674512,0,,realistic_mixed
2026-05-11T06:32:15+00:00,slice_3,smf_6,SMF,46.717,52.248,13.816,0.002666,278.027,0.604309,0,,realistic_mixed
2026-05-11T06:32:15+00:00,slice_1,gnb_7,gNB,48.837,55.199,16.559,0.003629,278.372,0.647999,0,,realistic_mixed
2026-05-11T06:32:15+00:00,slice_2,upf_8,UPF,37.262,45.477,32.888,0.002814,180.759,0.521628,0,,realistic_mixed
2026-05-11T06:33:15+00:00,slice_1,gnb_1,gNB,49.187,49.609,23.091,0.005514,311.392,0.764989,0,,realistic_mixed
2026-05-11T06:33:15+00:00,slice_2,upf_2,UPF,50.673,54.256,32.847,0.004288,264.228,0.515144,0,,realistic_mixed
2026-05-11T06:33:15+00:00,slice_3,router_3,Router,44.993,56.13,12.268,0.002252,182.121,0.713594,0,,realistic_mixed
2026-05-11T06:33:15+00:00,slice_1,service_4,Service,34.89,44.675,17.394,0.002132,339.644,0.729941,0,,realistic_mixed
2026-05-11T06:33:15+00:00,slice_2,amf_5,AMF,47.661,43.61,30.799,0.00257,131.094,0.644434,0,,realistic_mixed
2026-05-11T06:33:15+00:00,slice_3,smf_6,SMF,52.012,53.221,11.017,0.003886,178.029,0.57379,0,,realistic_mixed
2026-05-11T06:33:15+00:00,slice_1,gnb_7,gNB,47.6,51.682,18.472,0.004406,375.486,0.64105,0,,realistic_mixed
2026-05-11T06:33:15+00:00,slice_2,upf_8,UPF,44.003,46.955,29.428,0.00291,265.558,0.490609,0,,realistic_mixed
2026-05-11T06:34:15+00:00,slice_1,gnb_1,gNB,56.194,67.081,18.526,0.002238,392.193,0.710949,0,,realistic_mixed
2026-05-11T06:34:15+00:00,slice_2,upf_2,UPF,43.828,55.492,33.395,0.00311,106.885,0.514854,0,,realistic_mixed
2026-05-11T06:34:15+00:00,slice_3,router_3,Router,32.944,57.022,10.325,0.002416,384.39,0.601095,0,,realistic_mixed
2026-05-11T06:34:15+00:00,slice_1,service_4,Service,51.388,62.209,21.706,0.003509,576.556,0.783514,0,,realistic_mixed
2026-05-11T06:34:15+00:00,slice_2,amf_5,AMF,51.239,51.556,34.258,0.003765,279.253,0.604247,0,,realistic_mixed
2026-05-11T06:34:15+00:00,slice_3,smf_6,SMF,43.062,46.225,10.917,0.002327,298.042,0.650861,0,,realistic_mixed
2026-05-11T06:34:15+00:00,slice_1,gnb_7,gNB,43.479,46.151,18.729,0.005374,327.346,0.705375,0,,realistic_mixed
2026-05-11T06:34:15+00:00,slice_2,upf_8,UPF,45.229,48.042,32.665,0.002564,140.708,0.538163,0,,realistic_mixed
2026-05-11T06:35:15+00:00,slice_1,gnb_1,gNB,42.892,42.724,18.92,0.003858,335.93,0.726671,0,,realistic_mixed
2026-05-11T06:35:15+00:00,slice_2,upf_2,UPF,39.779,55.762,31.291,0.002247,134.459,0.542603,0,,realistic_mixed
2026-05-11T06:35:15+00:00,slice_3,router_3,Router,48.358,52.218,11.327,0.003515,306.934,0.697727,0,,realistic_mixed
2026-05-11T06:35:15+00:00,slice_1,service_4,Service,51.499,50.292,20.469,0.006088,445.38,0.67794,0,,realistic_mixed
2026-05-11T06:35:15+00:00,slice_2,amf_5,AMF,59.872,54.706,31.558,0.005847,169.774,0.579277,0,,realistic_mixed
2026-05-11T06:35:15+00:00,slice_3,smf_6,SMF,54.115,45.587,11.754,0.003277,201.606,0.717656,0,,realistic_mixed
2026-05-11T06:35:15+00:00,slice_1,gnb_7,gNB,46.056,46.889,20.279,0.006519,385.26,0.683715,0,,realistic_mixed
2026-05-11T06:35:15+00:00,slice_2,upf_8,UPF,52.849,49.255,31.571,0.003325,122.048,0.494044,0,,realistic_mixed
2026-05-11T06:36:15+00:00,slice_1,gnb_1,gNB,46.21,43.006,18.138,0.004316,393.919,0.606738,0,,realistic_mixed
2026-05-11T06:36:15+00:00,slice_2,upf_2,UPF,34.8,47.904,30.781,0.003346,143.935,0.52732,0,,realistic_mixed
2026-05-11T06:36:15+00:00,slice_3,router_3,Router,46.907,50.371,13.267,0.00236,140.677,0.611323,0,,realistic_mixed
2026-05-11T06:36:15+00:00,slice_1,service_4,Service,42.387,41.148,19.465,0.003776,349.798,0.654564,0,,realistic_mixed
2026-05-11T06:36:15+00:00,slice_2,amf_5,AMF,50.131,56.316,30.368,0.004489,115.2,0.587935,0,,realistic_mixed
2026-05-11T06:36:15+00:00,slice_3,smf_6,SMF,47.624,53.928,11.76,0.003605,234.72,0.639892,0,,realistic_mixed
2026-05-11T06:36:15+00:00,slice_1,gnb_7,gNB,39.668,58.2,18.963,0.002997,348.824,0.607854,0,,realistic_mixed
2026-05-11T06:36:15+00:00,slice_2,upf_8,UPF,41.311,51.204,31.103,0.002427,148.616,0.577645,0,,realistic_mixed
2026-05-11T06:37:15+00:00,slice_1,gnb_1,gNB,65.388,62.382,19.709,0.003599,476.472,0.724458,0,,realistic_mixed
2026-05-11T06:37:15+00:00,slice_2,upf_2,UPF,43.363,46.939,30.817,0.004287,135.894,0.686046,0,,realistic_mixed
2026-05-11T06:37:15+00:00,slice_3,router_3,Router,54.294,58.366,11.763,0.002131,202.967,0.651049,0,,realistic_mixed
2026-05-11T06:37:15+00:00,slice_1,service_4,Service,48.064,48.187,17.861,0.002986,354.994,0.69065,0,,realistic_mixed
2026-05-11T06:37:15+00:00,slice_2,amf_5,AMF,39.322,45.25,30.734,0.002532,185.347,0.537152,0,,realistic_mixed
2026-05-11T06:37:15+00:00,slice_3,smf_6,SMF,56.237,59.688,10.48,0.002194,332.31,0.581662,0,,realistic_mixed
2026-05-11T06:37:15+00:00,slice_1,gnb_7,gNB,32.648,54.135,19.914,0.005316,155.388,0.698604,0,,realistic_mixed
2026-05-11T06:37:15+00:00,slice_2,upf_8,UPF,47.163,55.783,31.268,0.004868,161.271,0.632546,0,,realistic_mixed
2026-05-11T06:38:15+00:00,slice_1,gnb_1,gNB,55.178,58.711,20.164,0.002284,402.391,0.765619,0,,realistic_mixed
2026-05-11T06:38:15+00:00,slice_2,upf_2,UPF,48.325,51.15,31.19,0.003099,193.822,0.624965,0,,realistic_mixed
2026-05-11T06:38:15+00:00,slice_3,router_3,Router,46.453,49.72,10.768,0.003884,272.637,0.658633,0,,realistic_mixed
2026-05-11T06:38:15+00:00,slice_1,service_4,Service,52.184,60.299,17.819,0.003961,386.113,0.643898,0,,realistic_mixed
2026-05-11T06:38:15+00:00,slice_2,amf_5,AMF,38.921,43.113,30.623,0.007492,80.251,0.488147,0,,realistic_mixed
2026-05-11T06:38:15+00:00,slice_3,smf_6,SMF,43.773,48.903,18.899,0.004464,387.854,0.675839,0,,realistic_mixed
2026-05-11T06:38:15+00:00,slice_1,gnb_7,gNB,41.005,51.099,18.373,0.005071,496.597,0.619983,0,,realistic_mixed
2026-05-11T06:38:15+00:00,slice_2,upf_8,UPF,54.641,63.01,32.316,0.00746,246.739,0.60784,0,,realistic_mixed
2026-05-11T06:39:15+00:00,slice_1,gnb_1,gNB,51.152,64.98,18.96,0.005276,396.609,0.701794,0,,realistic_mixed
2026-05-11T06:39:15+00:00,slice_2,upf_2,UPF,57.458,56.991,30.438,0.005043,160.059,0.538898,0,,realistic_mixed
2026-05-11T06:39:15+00:00,slice_3,router_3,Router,51.326,57.442,11.329,0.004625,300.228,0.619438,0,,realistic_mixed
2026-05-11T06:39:15+00:00,slice_1,service_4,Service,49.241,55.172,17.193,0.002763,276.607,0.643221,0,,realistic_mixed
2026-05-11T06:39:15+00:00,slice_2,amf_5,AMF,51.127,57.963,29.622,0.003018,183.145,0.582556,0,,realistic_mixed
2026-05-11T06:39:15+00:00,slice_3,smf_6,SMF,30.575,54.232,11.575,0.002266,246.315,0.64259,0,,realistic_mixed
2026-05-11T06:39:15+00:00,slice_1,gnb_7,gNB,55.011,55.186,18.468,0.002804,277.059,0.692424,0,,realistic_mixed
2026-05-11T06:39:15+00:00,slice_2,upf_8,UPF,39.213,46.289,29.807,0.004942,168.496,0.656954,0,,realistic_mixed
2026-05-11T06:40:15+00:00,slice_1,gnb_1,gNB,56.618,51.743,18.694,0.003423,398.621,0.646945,0,,realistic_mixed
2026-05-11T06:40:15+00:00,slice_2,upf_2,UPF,50.136,57.779,31.196,0.004182,40.476,0.53901,0,,realistic_mixed
2026-05-11T06:40:15+00:00,slice_3,router_3,Router,39.58,59.244,11.995,0.002384,130.528,0.606454,0,,realistic_mixed
2026-05-11T06:40:15+00:00,slice_1,service_4,Service,44.627,45.06,19.826,0.004854,510.75,0.689474,0,,realistic_mixed
2026-05-11T06:40:15+00:00,slice_2,amf_5,AMF,54.905,52.849,31.494,0.00312,160.768,0.625378,0,,realistic_mixed
2026-05-11T06:40:15+00:00,slice_3,smf_6,SMF,53.369,55.123,12.135,0.003969,262.27,0.655141,0,,realistic_mixed
2026-05-11T06:40:15+00:00,slice_1,gnb_7,gNB,47.995,58.941,18.334,0.003483,378.786,0.631044,0,,realistic_mixed
2026-05-11T06:40:15+00:00,slice_2,upf_8,UPF,55.454,45.81,31.275,0.002882,142.144,0.584376,0,,realistic_mixed
2026-05-11T06:41:15+00:00,slice_1,gnb_1,gNB,53.03,48.654,23.192,0.003526,495.797,0.807241,0,,realistic_mixed
2026-05-11T06:41:15+00:00,slice_2,upf_2,UPF,39.77,54.268,31.964,0.006322,102.552,0.538191,0,,realistic_mixed
2026-05-11T06:41:15+00:00,slice_3,router_3,Router,53.351,45.318,9.728,0.00269,254.735,0.713589,0,,realistic_mixed
2026-05-11T06:41:15+00:00,slice_1,service_4,Service,49.601,52.596,18.964,0.002976,475.714,0.737004,0,,realistic_mixed
2026-05-11T06:41:15+00:00,slice_2,amf_5,AMF,54.388,47.307,34.446,0.002087,223.362,0.587838,0,,realistic_mixed
2026-05-11T06:41:15+00:00,slice_3,smf_6,SMF,45.728,57.594,10.748,0.002933,305.281,0.6479,0,,realistic_mixed
2026-05-11T06:41:15+00:00,slice_1,gnb_7,gNB,49.448,51.863,19.333,0.002909,496.101,0.744099,0,,realistic_mixed
2026-05-11T06:41:15+00:00,slice_2,upf_8,UPF,55.466,48.563,32.048,0.002792,126.01,0.676908,0,,realistic_mixed
2026-05-11T06:42:15+00:00,slice_1,gnb_1,gNB,37.813,51.189,19.23,0.00385,426.421,0.65291,0,,realistic_mixed
2026-05-11T06:42:15+00:00,slice_2,upf_2,UPF,42.69,55.24,31.403,0.0032,108.497,0.62389,0,,realistic_mixed
2026-05-11T06:42:15+00:00,slice_3,router_3,Router,50.369,59.897,10.093,0.002549,311.568,0.728861,0,,realistic_mixed
2026-05-11T06:42:15+00:00,slice_1,service_4,Service,50.61,50.631,17.106,0.00352,376.216,0.718514,0,,realistic_mixed
2026-05-11T06:42:15+00:00,slice_2,amf_5,AMF,52.575,61.114,30.037,0.004332,131.728,0.512973,0,,realistic_mixed
2026-05-11T06:42:15+00:00,slice_3,smf_6,SMF,61.377,60.132,12.327,0.00233,325.107,0.672571,0,,realistic_mixed
2026-05-11T06:42:15+00:00,slice_1,gnb_7,gNB,36.546,42.606,18.234,0.00481,317.567,0.736524,0,,realistic_mixed
2026-05-11T06:42:15+00:00,slice_2,upf_8,UPF,51.755,46.951,29.792,0.006022,171.847,0.5927,0,,realistic_mixed
2026-05-11T06:43:15+00:00,slice_1,gnb_1,gNB,44.223,56.228,16.811,0.004424,390.938,0.722926,0,,realistic_mixed
2026-05-11T06:43:15+00:00,slice_2,upf_2,UPF,45.358,60.23,30.979,0.002306,142.669,0.575269,0,,realistic_mixed
2026-05-11T06:43:15+00:00,slice_3,router_3,Router,42.13,54.389,11.198,0.002686,333.281,0.64633,0,,realistic_mixed
2026-05-11T06:43:15+00:00,slice_1,service_4,Service,42.238,47.617,21.99,0.006544,324.305,0.716538,0,,realistic_mixed
2026-05-11T06:43:15+00:00,slice_2,amf_5,AMF,39.874,51.101,32.044,0.003195,167.256,0.553278,0,,realistic_mixed
2026-05-11T06:43:15+00:00,slice_3,smf_6,SMF,35.881,46.328,10.503,0.006622,226.336,0.704559,0,,realistic_mixed
2026-05-11T06:43:15+00:00,slice_1,gnb_7,gNB,58.003,60.522,19.468,0.002493,396.965,0.655198,0,,realistic_mixed
2026-05-11T06:43:15+00:00,slice_2,upf_8,UPF,45.671,53.027,30.539,0.002259,307.572,0.569648,0,,realistic_mixed
2026-05-11T06:44:15+00:00,slice_1,gnb_1,gNB,56.901,46.912,17.36,0.002195,299.999,0.674336,0,,realistic_mixed
2026-05-11T06:44:15+00:00,slice_2,upf_2,UPF,49.438,40.634,30.512,0.003042,132.296,0.547338,0,,realistic_mixed
2026-05-11T06:44:15+00:00,slice_3,router_3,Router,54.661,39.599,10.876,0.004811,252.018,0.639456,0,,realistic_mixed
2026-05-11T06:44:15+00:00,slice_1,service_4,Service,35.03,42.342,18.492,0.002081,407.406,0.67884,0,,realistic_mixed
2026-05-11T06:44:15+00:00,slice_2,amf_5,AMF,43.164,47.006,30.47,0.00464,178.627,0.519736,0,,realistic_mixed
2026-05-11T06:44:15+00:00,slice_3,smf_6,SMF,55.085,57.09,15.548,0.002858,271.35,0.702456,0,,realistic_mixed
2026-05-11T06:44:15+00:00,slice_1,gnb_7,gNB,46.633,47.032,17.76,0.004069,449.842,0.608697,0,,realistic_mixed
2026-05-11T06:44:15+00:00,slice_2,upf_8,UPF,54.38,55.838,31.082,0.003723,157.608,0.482019,0,,realistic_mixed
2026-05-11T06:45:15+00:00,slice_1,gnb_1,gNB,49.497,63.798,19.988,0.003038,302.504,0.764025,0,,realistic_mixed
2026-05-11T06:45:15+00:00,slice_2,upf_2,UPF,58.573,66.096,31.643,0.004764,203.33,0.497118,0,,realistic_mixed
2026-05-11T06:45:15+00:00,slice_3,router_3,Router,37.007,52.887,11.103,0.003212,246.314,0.656099,0,,realistic_mixed
2026-05-11T06:45:15+00:00,slice_1,service_4,Service,44.188,59.71,18.829,0.004373,319.584,0.73894,0,,realistic_mixed
2026-05-11T06:45:15+00:00,slice_2,amf_5,AMF,62.116,57.08,30.168,0.005817,147.304,0.59516,0,,realistic_mixed
2026-05-11T06:45:15+00:00,slice_3,smf_6,SMF,41.56,59.233,10.827,0.003164,258.593,0.579268,0,,realistic_mixed
2026-05-11T06:45:15+00:00,slice_1,gnb_7,gNB,41.205,38.806,21.227,0.002059,259.363,0.666891,0,,realistic_mixed
2026-05-11T06:45:15+00:00,slice_2,upf_8,UPF,44.627,50.832,32.02,0.003627,169.488,0.510138,0,,realistic_mixed
2026-05-11T06:46:15+00:00,slice_1,gnb_1,gNB,45.901,50.32,19.917,0.002233,404.631,0.749461,0,,realistic_mixed
2026-05-11T06:46:15+00:00,slice_2,upf_2,UPF,63.071,57.589,30.365,0.003328,224.281,0.60718,0,,realistic_mixed
2026-05-11T06:46:15+00:00,slice_3,router_3,Router,46.521,44.73,10.636,0.003659,224.621,0.722033,0,,realistic_mixed
2026-05-11T06:46:15+00:00,slice_1,service_4,Service,47.134,61.1,18.261,0.008146,397.208,0.706679,0,,realistic_mixed
2026-05-11T06:46:15+00:00,slice_2,amf_5,AMF,51.121,48.143,30.437,0.003951,176.643,0.544732,0,,realistic_mixed
2026-05-11T06:46:15+00:00,slice_3,smf_6,SMF,53.082,49.513,10.396,0.004613,379.847,0.633314,0,,realistic_mixed
2026-05-11T06:46:15+00:00,slice_1,gnb_7,gNB,59.334,52.581,18.328,0.002998,403.525,0.705458,0,,realistic_mixed
2026-05-11T06:46:15+00:00,slice_2,upf_8,UPF,53.189,55.326,30.636,0.003214,23.66,0.4459,0,,realistic_mixed
2026-05-11T06:47:15+00:00,slice_1,gnb_1,gNB,56.184,52.89,23.467,0.005237,404.203,0.714133,0,,realistic_mixed
2026-05-11T06:47:15+00:00,slice_2,upf_2,UPF,52.721,58.261,30.071,0.00472,269.146,0.627648,0,,realistic_mixed
2026-05-11T06:47:15+00:00,slice_3,router_3,Router,47.935,66.217,10.99,0.003325,142.464,0.660907,0,,realistic_mixed
2026-05-11T06:47:15+00:00,slice_1,service_4,Service,52.611,59.667,18.266,0.002589,396.955,0.719933,0,,realistic_mixed
2026-05-11T06:47:15+00:00,slice_2,amf_5,AMF,36.071,48.763,30.048,0.003316,135.253,0.505807,0,,realistic_mixed
2026-05-11T06:47:15+00:00,slice_3,smf_6,SMF,57.235,57.445,12.76,0.005111,213.557,0.775214,0,,realistic_mixed
2026-05-11T06:47:15+00:00,slice_1,gnb_7,gNB,47.989,55.775,19.276,0.002813,456.531,0.768263,0,,realistic_mixed
2026-05-11T06:47:15+00:00,slice_2,upf_8,UPF,52.95,53.769,30.05,0.004298,27.944,0.614672,0,,realistic_mixed
2026-05-11T06:48:15+00:00,slice_1,gnb_1,gNB,44.913,59.405,17.359,0.002667,414.54,0.70496,0,,realistic_mixed
2026-05-11T06:48:15+00:00,slice_2,upf_2,UPF,44.573,52.568,32.392,0.004888,233.685,0.571215,0,,realistic_mixed
2026-05-11T06:48:15+00:00,slice_3,router_3,Router,37.81,41.46,12.544,0.003805,240.909,0.64352,0,,realistic_mixed
2026-05-11T06:48:15+00:00,slice_1,service_4,Service,44.143,47.401,18.464,0.002378,526.696,0.733949,0,,realistic_mixed
2026-05-11T06:48:15+00:00,slice_2,amf_5,AMF,54.13,53.441,33.364,0.002345,53.788,0.503966,0,,realistic_mixed
2026-05-11T06:48:15+00:00,slice_3,smf_6,SMF,39.899,55.014,10.209,0.004889,147.554,0.5862,0,,realistic_mixed
2026-05-11T06:48:15+00:00,slice_1,gnb_7,gNB,41.939,60.946,20.01,0.002461,312.508,0.717035,0,,realistic_mixed
2026-05-11T06:48:15+00:00,slice_2,upf_8,UPF,56.709,63.906,33.296,0.002181,134.61,0.588833,0,,realistic_mixed
2026-05-11T06:49:15+00:00,slice_1,gnb_1,gNB,42.204,48.461,19.086,0.003581,331.668,0.625174,0,,realistic_mixed
2026-05-11T06:49:15+00:00,slice_2,upf_2,UPF,48.503,55.199,31.617,0.00283,106.584,0.629032,0,,realistic_mixed
2026-05-11T06:49:15+00:00,slice_3,router_3,Router,45.516,54.906,12.179,0.003452,334.708,0.543845,0,,realistic_mixed
2026-05-11T06:49:15+00:00,slice_1,service_4,Service,42.589,55.43,19.932,0.005639,267.2,0.715866,0,,realistic_mixed
2026-05-11T06:49:15+00:00,slice_2,amf_5,AMF,66.467,51.216,33.373,0.003139,197.851,0.58001,0,,realistic_mixed
2026-05-11T06:49:15+00:00,slice_3,smf_6,SMF,42.708,43.194,16.44,0.003015,184.275,0.819057,0,,realistic_mixed
2026-05-11T06:49:15+00:00,slice_1,gnb_7,gNB,52.913,64.272,24.039,0.004003,379.96,0.823694,0,,realistic_mixed
2026-05-11T06:49:15+00:00,slice_2,upf_8,UPF,41.394,46.633,31.469,0.003561,199.263,0.591097,0,,realistic_mixed
2026-05-11T06:50:15+00:00,slice_1,gnb_1,gNB,46.025,60.166,21.661,0.004088,278.837,0.796012,0,,realistic_mixed
2026-05-11T06:50:15+00:00,slice_2,upf_2,UPF,45.899,59.83,31.76,0.002032,31.482,0.595109,0,,realistic_mixed
2026-05-11T06:50:15+00:00,slice_3,router_3,Router,36.045,52.338,10.528,0.004564,169.432,0.58329,0,,realistic_mixed
2026-05-11T06:50:15+00:00,slice_1,service_4,Service,55.844,54.001,18.049,0.003548,362.386,0.69242,0,,realistic_mixed
2026-05-11T06:50:15+00:00,slice_2,amf_5,AMF,48.713,62.303,29.399,0.003122,99.084,0.666358,0,,realistic_mixed
2026-05-11T06:50:15+00:00,slice_3,smf_6,SMF,58.412,64.53,10.869,0.004595,179.693,0.559832,0,,realistic_mixed
2026-05-11T06:50:15+00:00,slice_1,gnb_7,gNB,52.345,44.691,19.608,0.004288,421.746,0.728191,0,,realistic_mixed
2026-05-11T06:50:15+00:00,slice_2,upf_8,UPF,40.523,44.64,31.323,0.003364,266.581,0.604604,0,,realistic_mixed
2026-05-11T06:51:15+00:00,slice_1,gnb_1,gNB,57.388,59.45,24.603,0.004892,443.54,0.811189,0,,realistic_mixed
2026-05-11T06:51:15+00:00,slice_2,upf_2,UPF,50.465,48.28,32.507,0.004321,148.553,0.579304,0,,realistic_mixed
2026-05-11T06:51:15+00:00,slice_3,router_3,Router,53.028,54.256,10.591,0.005053,261.202,0.648197,0,,realistic_mixed
2026-05-11T06:51:15+00:00,slice_1,service_4,Service,44.404,49.922,19.541,0.002964,424.172,0.764505,0,,realistic_mixed
2026-05-11T06:51:15+00:00,slice_2,amf_5,AMF,47.096,44.51,29.926,0.003306,138.125,0.577606,0,,realistic_mixed
2026-05-11T06:51:15+00:00,slice_3,smf_6,SMF,40.433,41.506,11.959,0.00438,422.132,0.716837,0,,realistic_mixed
2026-05-11T06:51:15+00:00,slice_1,gnb_7,gNB,50.074,59.57,19.976,0.002562,415.265,0.656097,0,,realistic_mixed
2026-05-11T06:51:15+00:00,slice_2,upf_8,UPF,52.2,59.804,31.989,0.003816,150.022,0.570896,0,,realistic_mixed
2026-05-11T06:52:15+00:00,slice_1,gnb_1,gNB,47.918,53.367,18.868,0.002447,254.647,0.645321,0,,realistic_mixed
2026-05-11T06:52:15+00:00,slice_2,upf_2,UPF,43.761,57.547,30.927,0.004624,36.393,0.574282,0,,realistic_mixed
2026-05-11T06:52:15+00:00,slice_3,router_3,Router,38.315,51.962,10.119,0.002112,343.422,0.699874,0,,realistic_mixed
2026-05-11T06:52:15+00:00,slice_1,service_4,Service,56.988,50.937,17.749,0.006368,435.445,0.691949,0,,realistic_mixed
2026-05-11T06:52:15+00:00,slice_2,amf_5,AMF,46.801,55.685,34.619,0.002969,250.719,0.558715,0,,realistic_mixed
2026-05-11T06:52:15+00:00,slice_3,smf_6,SMF,50.642,53.851,13.176,0.005858,224.883,0.611914,0,,realistic_mixed
2026-05-11T06:52:15+00:00,slice_1,gnb_7,gNB,40.064,50.758,18.216,0.005148,452.411,0.677612,0,,realistic_mixed
2026-05-11T06:52:15+00:00,slice_2,upf_8,UPF,61.917,50.644,32.605,0.005101,74.897,0.617211,0,,realistic_mixed
2026-05-11T06:53:15+00:00,slice_1,gnb_1,gNB,58.515,60.062,19.819,0.00481,357.119,0.750395,0,,realistic_mixed
2026-05-11T06:53:15+00:00,slice_2,upf_2,UPF,56.432,57.462,30.023,0.00322,231.311,0.526549,0,,realistic_mixed
2026-05-11T06:53:15+00:00,slice_3,router_3,Router,45.356,59.181,11.056,0.003544,265.017,0.59233,0,,realistic_mixed
2026-05-11T06:53:15+00:00,slice_1,service_4,Service,40.169,46.79,18.93,0.00203,334.03,0.755475,0,,realistic_mixed
2026-05-11T06:53:15+00:00,slice_2,amf_5,AMF,36.372,54.0,31.019,0.003318,213.528,0.579577,0,,realistic_mixed
2026-05-11T06:53:15+00:00,slice_3,smf_6,SMF,38.468,58.194,11.645,0.003721,431.524,0.6477,0,,realistic_mixed
2026-05-11T06:53:15+00:00,slice_1,gnb_7,gNB,44.686,55.119,18.744,0.002346,343.913,0.649767,0,,realistic_mixed
2026-05-11T06:53:15+00:00,slice_2,upf_8,UPF,36.386,52.236,30.903,0.002463,109.492,0.559732,0,,realistic_mixed
2026-05-11T06:54:15+00:00,slice_1,gnb_1,gNB,34.859,45.016,18.701,0.002355,406.136,0.687239,0,,realistic_mixed
2026-05-11T06:54:15+00:00,slice_2,upf_2,UPF,54.893,69.476,34.179,0.004588,38.733,0.570947,0,,realistic_mixed
2026-05-11T06:54:15+00:00,slice_3,router_3,Router,52.206,48.255,11.369,0.002371,347.272,0.615092,0,,realistic_mixed
2026-05-11T06:54:15+00:00,slice_1,service_4,Service,47.799,57.429,21.235,0.002851,444.033,0.779039,0,,realistic_mixed
2026-05-11T06:54:15+00:00,slice_2,amf_5,AMF,50.553,47.171,31.651,0.004265,225.388,0.526509,0,,realistic_mixed
2026-05-11T06:54:15+00:00,slice_3,smf_6,SMF,35.967,59.354,20.466,0.005872,277.932,0.851936,0,,realistic_mixed
2026-05-11T06:54:15+00:00,slice_1,gnb_7,gNB,50.628,60.58,18.028,0.005021,321.541,0.725082,0,,realistic_mixed
2026-05-11T06:54:15+00:00,slice_2,upf_8,UPF,52.349,53.386,32.288,0.002193,283.519,0.619486,0,,realistic_mixed
2026-05-11T06:55:15+00:00,slice_1,gnb_1,gNB,47.581,56.241,19.919,0.005328,382.606,0.737304,0,,realistic_mixed
2026-05-11T06:55:15+00:00,slice_2,upf_2,UPF,47.713,53.939,30.251,0.003977,236.445,0.591139,0,,realistic_mixed
2026-05-11T06:55:15+00:00,slice_3,router_3,Router,58.423,70.447,11.453,0.00336,308.128,0.706774,0,,realistic_mixed
2026-05-11T06:55:15+00:00,slice_1,service_4,Service,40.51,49.45,19.262,0.003028,337.599,0.701782,0,,realistic_mixed
2026-05-11T06:55:15+00:00,slice_2,amf_5,AMF,40.98,47.934,31.8,0.002906,205.979,0.745889,0,,realistic_mixed
2026-05-11T06:55:15+00:00,slice_3,smf_6,SMF,54.868,52.918,13.269,0.003947,500.905,0.66853,0,,realistic_mixed
2026-05-11T06:55:15+00:00,slice_1,gnb_7,gNB,51.985,48.888,18.76,0.003971,369.882,0.728712,0,,realistic_mixed
2026-05-11T06:55:15+00:00,slice_2,upf_8,UPF,37.775,46.346,31.4,0.006202,259.141,0.624653,0,,realistic_mixed
2026-05-11T06:56:15+00:00,slice_1,gnb_1,gNB,49.375,51.253,17.413,0.003305,517.166,0.640488,0,,realistic_mixed
2026-05-11T06:56:15+00:00,slice_2,upf_2,UPF,57.091,57.004,31.304,0.002303,160.758,0.672014,0,,realistic_mixed
2026-05-11T06:56:15+00:00,slice_3,router_3,Router,49.345,52.905,12.159,0.002643,260.962,0.643037,0,,realistic_mixed
2026-05-11T06:56:15+00:00,slice_1,service_4,Service,33.796,54.296,21.396,0.002218,463.117,0.788936,0,,realistic_mixed
2026-05-11T06:56:15+00:00,slice_2,amf_5,AMF,43.824,49.883,33.243,0.002026,194.318,0.533494,0,,realistic_mixed
2026-05-11T06:56:15+00:00,slice_3,smf_6,SMF,47.952,57.572,15.843,0.004522,226.582,0.784032,0,,realistic_mixed
2026-05-11T06:56:15+00:00,slice_1,gnb_7,gNB,38.577,46.666,21.337,0.003463,367.594,0.666693,0,,realistic_mixed
2026-05-11T06:56:15+00:00,slice_2,upf_8,UPF,52.4,52.711,30.728,0.004206,197.383,0.608117,0,,realistic_mixed
2026-05-11T06:57:15+00:00,slice_1,gnb_1,gNB,44.102,45.311,17.904,0.003778,459.3,0.668024,0,,realistic_mixed
2026-05-11T06:57:15+00:00,slice_2,upf_2,UPF,37.263,49.997,29.252,0.003328,53.865,0.558407,0,,realistic_mixed
2026-05-11T06:57:15+00:00,slice_3,router_3,Router,53.973,48.574,9.737,0.006837,222.38,0.546454,0,,realistic_mixed
2026-05-11T06:57:15+00:00,slice_1,service_4,Service,53.162,50.825,20.627,0.004385,407.061,0.755532,0,,realistic_mixed
2026-05-11T06:57:15+00:00,slice_2,amf_5,AMF,44.052,45.509,30.316,0.003497,162.023,0.549364,0,,realistic_mixed
2026-05-11T06:57:15+00:00,slice_3,smf_6,SMF,57.828,54.546,13.833,0.005213,235.518,0.683079,0,,realistic_mixed
2026-05-11T06:57:15+00:00,slice_1,gnb_7,gNB,43.673,53.483,18.207,0.00319,417.782,0.701186,0,,realistic_mixed
2026-05-11T06:57:15+00:00,slice_2,upf_8,UPF,57.61,57.197,30.081,0.004039,97.685,0.47919,0,,realistic_mixed
2026-05-11T06:58:15+00:00,slice_1,gnb_1,gNB,57.269,61.979,20.831,0.002412,398.108,0.72966,0,,realistic_mixed
2026-05-11T06:58:15+00:00,slice_2,upf_2,UPF,56.271,54.965,31.006,0.00213,208.073,0.582958,0,,realistic_mixed
2026-05-11T06:58:15+00:00,slice_3,router_3,Router,48.366,54.183,10.835,0.005307,334.693,0.635439,0,,realistic_mixed
2026-05-11T06:58:15+00:00,slice_1,service_4,Service,50.479,53.087,18.727,0.006626,425.934,0.747584,0,,realistic_mixed
2026-05-11T06:58:15+00:00,slice_2,amf_5,AMF,56.646,46.591,30.67,0.002604,125.34,0.649355,0,,realistic_mixed
2026-05-11T06:58:15+00:00,slice_3,smf_6,SMF,47.187,49.934,11.053,0.003689,298.332,0.685453,0,,realistic_mixed
2026-05-11T06:58:15+00:00,slice_1,gnb_7,gNB,43.102,35.603,18.299,0.005558,274.456,0.747883,0,,realistic_mixed
2026-05-11T06:58:15+00:00,slice_2,upf_8,UPF,51.42,50.642,29.592,0.002784,111.107,0.658588,0,,realistic_mixed
2026-05-11T06:59:15+00:00,slice_1,gnb_1,gNB,48.168,54.509,18.117,0.003441,376.025,0.666354,0,,realistic_mixed
2026-05-11T06:59:15+00:00,slice_2,upf_2,UPF,47.174,56.51,31.274,0.003167,143.563,0.578344,0,,realistic_mixed
2026-05-11T06:59:15+00:00,slice_3,router_3,Router,46.033,52.628,12.951,0.002876,308.345,0.657054,0,,realistic_mixed
2026-05-11T06:59:15+00:00,slice_1,service_4,Service,58.23,52.718,18.143,0.002948,379.73,0.710505,0,,realistic_mixed
2026-05-11T06:59:15+00:00,slice_2,amf_5,AMF,45.108,52.863,31.218,0.003197,248.158,0.49528,0,,realistic_mixed
2026-05-11T06:59:15+00:00,slice_3,smf_6,SMF,33.524,31.865,9.806,0.00336,224.032,0.615837,0,,realistic_mixed
2026-05-11T06:59:15+00:00,slice_1,gnb_7,gNB,40.5,36.709,19.624,0.003029,452.557,0.676736,0,,realistic_mixed
2026-05-11T06:59:15+00:00,slice_2,upf_8,UPF,59.173,63.559,31.712,0.002013,196.297,0.556323,0,,realistic_mixed
2026-05-11T07:00:15+00:00,slice_1,gnb_1,gNB,44.715,46.495,20.993,0.004858,504.876,0.761486,0,,realistic_mixed
2026-05-11T07:00:15+00:00,slice_2,upf_2,UPF,48.887,48.104,32.312,0.004914,237.156,0.630001,0,,realistic_mixed
2026-05-11T07:00:15+00:00,slice_3,router_3,Router,46.918,48.852,13.513,0.005119,357.366,0.765396,0,,realistic_mixed
2026-05-11T07:00:15+00:00,slice_1,service_4,Service,55.149,58.008,17.149,0.002217,435.392,0.717246,0,,realistic_mixed
2026-05-11T07:00:15+00:00,slice_2,amf_5,AMF,57.253,61.283,31.495,0.003616,209.837,0.631358,0,,realistic_mixed
2026-05-11T07:00:15+00:00,slice_3,smf_6,SMF,44.141,47.427,11.707,0.002904,330.827,0.712526,0,,realistic_mixed
2026-05-11T07:00:15+00:00,slice_1,gnb_7,gNB,48.759,48.264,24.978,0.004309,471.909,0.78918,0,,realistic_mixed
2026-05-11T07:00:15+00:00,slice_2,upf_8,UPF,51.175,55.716,34.503,0.003773,260.556,0.537802,0,,realistic_mixed
2026-05-11T07:01:15+00:00,slice_1,gnb_1,gNB,36.521,61.038,18.418,0.004571,346.509,0.638609,0,,realistic_mixed
2026-05-11T07:01:15+00:00,slice_2,upf_2,UPF,48.329,50.145,32.871,0.00247,198.357,0.593137,0,,realistic_mixed
2026-05-11T07:01:15+00:00,slice_3,router_3,Router,50.588,56.887,11.828,0.004684,389.916,0.755573,0,,realistic_mixed
2026-05-11T07:01:15+00:00,slice_1,service_4,Service,45.475,54.73,21.977,0.004254,573.512,0.657996,0,,realistic_mixed
2026-05-11T07:01:15+00:00,slice_2,amf_5,AMF,38.221,49.247,30.787,0.004085,153.846,0.541722,0,,realistic_mixed
2026-05-11T07:01:15+00:00,slice_3,smf_6,SMF,32.431,54.417,14.969,0.002461,257.738,0.622451,0,,realistic_mixed
2026-05-11T07:01:15+00:00,slice_1,gnb_7,gNB,53.35,59.708,22.125,0.003887,403.463,0.783536,0,,realistic_mixed
2026-05-11T07:01:15+00:00,slice_2,upf_8,UPF,54.743,52.634,32.296,0.004238,216.406,0.588298,0,,realistic_mixed
2026-05-11T07:02:15+00:00,slice_1,gnb_1,gNB,49.159,48.913,19.692,0.002172,434.185,0.657704,0,,realistic_mixed
2026-05-11T07:02:15+00:00,slice_2,upf_2,UPF,37.464,49.249,31.37,0.00268,201.147,0.604031,0,,realistic_mixed
2026-05-11T07:02:15+00:00,slice_3,router_3,Router,60.453,59.748,11.582,0.004252,339.489,0.738858,0,,realistic_mixed
2026-05-11T07:02:15+00:00,slice_1,service_4,Service,50.596,55.22,17.784,0.003831,397.804,0.697912,0,,realistic_mixed
2026-05-11T07:02:15+00:00,slice_2,amf_5,AMF,53.612,63.344,30.623,0.002661,200.539,0.589635,0,,realistic_mixed
2026-05-11T07:02:15+00:00,slice_3,smf_6,SMF,50.424,57.332,10.533,0.002884,162.504,0.737364,0,,realistic_mixed
2026-05-11T07:02:15+00:00,slice_1,gnb_7,gNB,57.608,49.938,25.928,0.003389,505.269,0.82841,0,,realistic_mixed
2026-05-11T07:02:15+00:00,slice_2,upf_8,UPF,46.561,53.41,29.651,0.00405,0.0,0.638181,0,,realistic_mixed
2026-05-11T07:03:15+00:00,slice_1,gnb_1,gNB,45.378,53.832,19.104,0.006654,521.093,0.735208,0,,realistic_mixed
2026-05-11T07:03:15+00:00,slice_2,upf_2,UPF,42.087,54.693,30.442,0.003321,166.214,0.657779,0,,realistic_mixed
2026-05-11T07:03:15+00:00,slice_3,router_3,Router,53.646,56.887,10.961,0.002163,338.983,0.661194,0,,realistic_mixed
2026-05-11T07:03:15+00:00,slice_1,service_4,Service,62.479,61.716,26.079,0.003886,435.0,0.826169,0,,realistic_mixed
2026-05-11T07:03:15+00:00,slice_2,amf_5,AMF,54.845,62.145,30.598,0.003871,186.158,0.640501,0,,realistic_mixed
2026-05-11T07:03:15+00:00,slice_3,smf_6,SMF,56.264,63.385,13.507,0.002315,351.063,0.701852,0,,realistic_mixed
2026-05-11T07:03:15+00:00,slice_1,gnb_7,gNB,41.995,49.99,18.526,0.003791,464.761,0.74184,0,,realistic_mixed
2026-05-11T07:03:15+00:00,slice_2,upf_8,UPF,44.024,39.067,31.948,0.00557,135.594,0.506237,0,,realistic_mixed
2026-05-11T07:04:15+00:00,slice_1,gnb_1,gNB,48.323,58.856,20.394,0.004262,444.58,0.77748,0,,realistic_mixed
2026-05-11T07:04:15+00:00,slice_2,upf_2,UPF,38.15,47.85,31.536,0.004841,198.081,0.531389,0,,realistic_mixed
2026-05-11T07:04:15+00:00,slice_3,router_3,Router,37.715,55.116,11.055,0.004695,191.425,0.605196,0,,realistic_mixed
2026-05-11T07:04:15+00:00,slice_1,service_4,Service,61.888,79.554,21.025,0.002496,525.305,0.704285,0,,realistic_mixed
2026-05-11T07:04:15+00:00,slice_2,amf_5,AMF,63.708,58.96,29.982,0.003182,237.081,0.691601,0,,realistic_mixed
2026-05-11T07:04:15+00:00,slice_3,smf_6,SMF,45.514,60.034,10.847,0.005403,151.264,0.677747,0,,realistic_mixed
2026-05-11T07:04:15+00:00,slice_1,gnb_7,gNB,52.852,61.379,18.59,0.003172,547.492,0.739016,0,,realistic_mixed
2026-05-11T07:04:15+00:00,slice_2,upf_8,UPF,51.806,56.115,32.019,0.003506,255.901,0.571093,0,,realistic_mixed
2026-05-11T07:05:15+00:00,slice_1,gnb_1,gNB,48.243,56.006,19.767,0.00462,454.645,0.711184,0,,realistic_mixed
2026-05-11T07:05:15+00:00,slice_2,upf_2,UPF,51.306,57.999,31.446,0.004957,238.222,0.563277,0,,realistic_mixed
2026-05-11T07:05:15+00:00,slice_3,router_3,Router,46.689,52.048,14.383,0.004127,150.042,0.688056,0,,realistic_mixed
2026-05-11T07:05:15+00:00,slice_1,service_4,Service,45.488,54.789,17.702,0.004595,472.134,0.745889,0,,realistic_mixed
2026-05-11T07:05:15+00:00,slice_2,amf_5,AMF,47.201,50.787,31.825,0.002802,163.394,0.698569,0,,realistic_mixed
2026-05-11T07:05:15+00:00,slice_3,smf_6,SMF,44.471,50.85,10.34,0.003529,335.129,0.634377,0,,realistic_mixed
2026-05-11T07:05:15+00:00,slice_1,gnb_7,gNB,44.868,42.705,18.26,0.004638,533.118,0.736655,0,,realistic_mixed
2026-05-11T07:05:15+00:00,slice_2,upf_8,UPF,48.058,56.625,31.431,0.003468,220.471,0.637716,0,,realistic_mixed
2026-05-11T07:06:15+00:00,slice_1,gnb_1,gNB,49.49,45.688,20.507,0.002383,529.23,0.787861,0,,realistic_mixed
2026-05-11T07:06:15+00:00,slice_2,upf_2,UPF,44.913,39.857,30.096,0.006044,317.575,0.712311,0,,realistic_mixed
2026-05-11T07:06:15+00:00,slice_3,router_3,Router,48.674,55.681,11.828,0.004076,278.143,0.657311,0,,realistic_mixed
2026-05-11T07:06:15+00:00,slice_1,service_4,Service,64.942,63.143,20.562,0.002092,588.642,0.781888,0,,realistic_mixed
2026-05-11T07:06:15+00:00,slice_2,amf_5,AMF,38.903,30.734,30.653,0.003835,88.305,0.539463,0,,realistic_mixed
2026-05-11T07:06:15+00:00,slice_3,smf_6,SMF,62.97,59.235,13.903,0.003051,270.108,0.6295,0,,realistic_mixed
2026-05-11T07:06:15+00:00,slice_1,gnb_7,gNB,45.739,46.558,17.829,0.002308,546.005,0.711162,0,,realistic_mixed
2026-05-11T07:06:15+00:00,slice_2,upf_8,UPF,46.468,56.574,32.44,0.003949,96.832,0.562954,0,,realistic_mixed
2026-05-11T07:07:15+00:00,slice_1,gnb_1,gNB,43.196,47.575,17.013,0.002587,262.267,0.635426,0,,realistic_mixed
2026-05-11T07:07:15+00:00,slice_2,upf_2,UPF,39.95,50.712,30.75,0.003417,252.426,0.639512,0,,realistic_mixed
2026-05-11T07:07:15+00:00,slice_3,router_3,Router,57.439,63.081,13.911,0.002654,216.737,0.728816,0,,realistic_mixed
2026-05-11T07:07:15+00:00,slice_1,service_4,Service,51.912,53.249,17.187,0.002545,342.303,0.691696,0,,realistic_mixed
2026-05-11T07:07:15+00:00,slice_2,amf_5,AMF,63.123,55.914,33.351,0.003251,271.086,0.578685,0,,realistic_mixed
2026-05-11T07:07:15+00:00,slice_3,smf_6,SMF,52.194,57.398,10.828,0.002969,303.636,0.732327,0,,realistic_mixed
2026-05-11T07:07:15+00:00,slice_1,gnb_7,gNB,39.0,50.725,20.764,0.002338,487.345,0.747724,0,,realistic_mixed
2026-05-11T07:07:15+00:00,slice_2,upf_8,UPF,40.989,50.128,32.197,0.007637,194.056,0.631583,0,,realistic_mixed
2026-05-11T07:08:15+00:00,slice_1,gnb_1,gNB,51.604,65.854,18.511,0.002785,490.641,0.604,0,,realistic_mixed
2026-05-11T07:08:15+00:00,slice_2,upf_2,UPF,52.827,51.996,30.202,0.003801,128.485,0.584711,0,,realistic_mixed
2026-05-11T07:08:15+00:00,slice_3,router_3,Router,46.691,36.034,11.812,0.002123,408.249,0.691849,0,,realistic_mixed
2026-05-11T07:08:15+00:00,slice_1,service_4,Service,46.244,61.973,17.028,0.002702,502.139,0.723458,0,,realistic_mixed
2026-05-11T07:08:15+00:00,slice_2,amf_5,AMF,51.181,52.95,30.505,0.002505,217.066,0.562043,0,,realistic_mixed
2026-05-11T07:08:15+00:00,slice_3,smf_6,SMF,41.041,35.629,9.754,0.0026,295.053,0.720574,0,,realistic_mixed
2026-05-11T07:08:15+00:00,slice_1,gnb_7,gNB,39.354,46.539,17.875,0.002094,455.641,0.74592,0,,realistic_mixed
2026-05-11T07:08:15+00:00,slice_2,upf_8,UPF,48.158,50.271,30.046,0.003702,161.478,0.54702,0,,realistic_mixed
2026-05-11T07:09:15+00:00,slice_1,gnb_1,gNB,54.699,54.094,18.347,0.005908,520.169,0.749273,0,,realistic_mixed
2026-05-11T07:09:15+00:00,slice_2,upf_2,UPF,53.853,59.37,32.316,0.003379,131.731,0.579916,0,,realistic_mixed
2026-05-11T07:09:15+00:00,slice_3,router_3,Router,48.473,51.848,11.567,0.002692,355.867,0.657364,0,,realistic_mixed
2026-05-11T07:09:15+00:00,slice_1,service_4,Service,43.311,52.673,20.687,0.002639,312.266,0.761418,0,,realistic_mixed
2026-05-11T07:09:15+00:00,slice_2,amf_5,AMF,57.673,56.466,31.341,0.002738,185.975,0.51821,0,,realistic_mixed
2026-05-11T07:09:15+00:00,slice_3,smf_6,SMF,67.21,55.08,16.791,0.005068,257.84,0.707378,0,,realistic_mixed
2026-05-11T07:09:15+00:00,slice_1,gnb_7,gNB,42.978,48.543,23.037,0.002409,405.576,0.807284,0,,realistic_mixed
2026-05-11T07:09:15+00:00,slice_2,upf_8,UPF,54.359,55.685,31.932,0.002774,143.917,0.637204,0,,realistic_mixed
2026-05-11T07:10:15+00:00,slice_1,gnb_1,gNB,51.98,47.626,18.883,0.00254,349.019,0.757054,0,,realistic_mixed
2026-05-11T07:10:15+00:00,slice_2,upf_2,UPF,48.724,68.561,30.49,0.003143,170.927,0.693646,0,,realistic_mixed
2026-05-11T07:10:15+00:00,slice_3,router_3,Router,48.252,55.56,11.102,0.003422,310.096,0.600792,0,,realistic_mixed
2026-05-11T07:10:15+00:00,slice_1,service_4,Service,58.471,57.669,18.683,0.003582,425.218,0.690311,0,,realistic_mixed
2026-05-11T07:10:15+00:00,slice_2,amf_5,AMF,50.808,62.039,29.503,0.002374,303.439,0.617962,0,,realistic_mixed
2026-05-11T07:10:15+00:00,slice_3,smf_6,SMF,56.735,51.863,11.739,0.004009,320.078,0.685441,0,,realistic_mixed
2026-05-11T07:10:15+00:00,slice_1,gnb_7,gNB,39.37,47.838,20.939,0.003463,413.059,0.788504,0,,realistic_mixed
2026-05-11T07:10:15+00:00,slice_2,upf_8,UPF,39.826,46.353,31.262,0.004332,40.307,0.592918,0,,realistic_mixed
2026-05-11T07:11:15+00:00,slice_1,gnb_1,gNB,54.669,66.825,18.511,0.003608,481.027,0.700398,0,,realistic_mixed
2026-05-11T07:11:15+00:00,slice_2,upf_2,UPF,52.748,47.061,31.877,0.004131,180.208,0.682541,0,,realistic_mixed
2026-05-11T07:11:15+00:00,slice_3,router_3,Router,42.255,48.238,15.564,0.002652,198.309,0.675398,0,,realistic_mixed
2026-05-11T07:11:15+00:00,slice_1,service_4,Service,40.733,49.216,17.605,0.00203,416.978,0.667122,0,,realistic_mixed
2026-05-11T07:11:15+00:00,slice_2,amf_5,AMF,40.749,42.766,31.654,0.002175,306.836,0.627588,0,,realistic_mixed
2026-05-11T07:11:15+00:00,slice_3,smf_6,SMF,42.338,49.966,10.997,0.00208,327.637,0.655145,0,,realistic_mixed
2026-05-11T07:11:15+00:00,slice_1,gnb_7,gNB,57.976,61.693,18.008,0.004918,332.648,0.599773,0,,realistic_mixed
2026-05-11T07:11:15+00:00,slice_2,upf_8,UPF,52.587,56.897,32.344,0.002842,15.57,0.550221,0,,realistic_mixed
2026-05-11T07:12:15+00:00,slice_1,gnb_1,gNB,52.821,50.585,19.766,0.002976,329.261,0.605964,0,,realistic_mixed
2026-05-11T07:12:15+00:00,slice_2,upf_2,UPF,52.381,62.242,30.916,0.003679,124.947,0.639967,0,,realistic_mixed
2026-05-11T07:12:15+00:00,slice_3,router_3,Router,41.37,51.346,10.34,0.004919,305.181,0.641168,0,,realistic_mixed
2026-05-11T07:12:15+00:00,slice_1,service_4,Service,45.286,38.959,17.126,0.002664,365.858,0.723133,0,,realistic_mixed
2026-05-11T07:12:15+00:00,slice_2,amf_5,AMF,49.857,56.609,30.832,0.004595,208.972,0.589108,0,,realistic_mixed
2026-05-11T07:12:15+00:00,slice_3,smf_6,SMF,48.133,52.765,11.399,0.002669,270.11,0.686369,0,,realistic_mixed
2026-05-11T07:12:15+00:00,slice_1,gnb_7,gNB,46.527,55.083,17.891,0.003823,436.324,0.732779,0,,realistic_mixed
2026-05-11T07:12:15+00:00,slice_2,upf_8,UPF,44.043,49.363,29.634,0.00224,117.369,0.601413,0,,realistic_mixed
2026-05-11T07:13:15+00:00,slice_1,gnb_1,gNB,48.29,58.992,18.908,0.004067,608.387,0.681269,0,,realistic_mixed
2026-05-11T07:13:15+00:00,slice_2,upf_2,UPF,46.646,61.182,30.632,0.002551,295.389,0.610285,0,,realistic_mixed
2026-05-11T07:13:15+00:00,slice_3,router_3,Router,62.553,59.417,10.576,0.006971,370.588,0.732345,0,,realistic_mixed
2026-05-11T07:13:15+00:00,slice_1,service_4,Service,58.896,48.526,19.755,0.003301,452.968,0.771525,0,,realistic_mixed
2026-05-11T07:13:15+00:00,slice_2,amf_5,AMF,47.69,58.265,31.521,0.002156,306.647,0.580885,0,,realistic_mixed
2026-05-11T07:13:15+00:00,slice_3,smf_6,SMF,47.752,60.174,10.419,0.003923,247.787,0.623688,0,,realistic_mixed
2026-05-11T07:13:15+00:00,slice_1,gnb_7,gNB,42.816,48.638,19.831,0.00219,435.001,0.707748,0,,realistic_mixed
2026-05-11T07:13:15+00:00,slice_2,upf_8,UPF,44.411,49.87,31.316,0.00314,25.527,0.610643,0,,realistic_mixed
2026-05-11T07:14:15+00:00,slice_1,gnb_1,gNB,40.261,47.36,17.527,0.002457,202.546,0.716248,0,,realistic_mixed
2026-05-11T07:14:15+00:00,slice_2,upf_2,UPF,64.214,56.409,33.569,0.003189,142.095,0.568658,0,,realistic_mixed
2026-05-11T07:14:15+00:00,slice_3,router_3,Router,53.296,53.837,12.436,0.004717,259.818,0.644546,0,,realistic_mixed
2026-05-11T07:14:15+00:00,slice_1,service_4,Service,52.199,65.275,19.456,0.003044,314.909,0.687418,0,,realistic_mixed
2026-05-11T07:14:15+00:00,slice_2,amf_5,AMF,53.566,64.264,30.968,0.004712,218.806,0.581502,0,,realistic_mixed
2026-05-11T07:14:15+00:00,slice_3,smf_6,SMF,44.371,56.382,11.297,0.002489,273.423,0.663236,0,,realistic_mixed
2026-05-11T07:14:15+00:00,slice_1,gnb_7,gNB,57.446,55.834,25.346,0.002277,501.528,0.799721,0,,realistic_mixed
2026-05-11T07:14:15+00:00,slice_2,upf_8,UPF,50.151,57.973,33.685,0.002064,122.403,0.614222,0,,realistic_mixed
2026-05-11T07:15:15+00:00,slice_1,gnb_1,gNB,55.797,53.747,18.97,0.002883,373.058,0.654459,0,,realistic_mixed
2026-05-11T07:15:15+00:00,slice_2,upf_2,UPF,44.568,51.915,33.348,0.00418,251.447,0.504792,0,,realistic_mixed
2026-05-11T07:15:15+00:00,slice_3,router_3,Router,48.901,44.861,11.252,0.003235,315.175,0.665073,0,,realistic_mixed
2026-05-11T07:15:15+00:00,slice_1,service_4,Service,61.916,69.513,24.476,0.004506,585.791,0.785535,0,,realistic_mixed
2026-05-11T07:15:15+00:00,slice_2,amf_5,AMF,49.022,55.873,30.545,0.003936,218.72,0.732856,0,,realistic_mixed
2026-05-11T07:15:15+00:00,slice_3,smf_6,SMF,40.087,52.017,10.716,0.002868,310.817,0.752243,0,,realistic_mixed
2026-05-11T07:15:15+00:00,slice_1,gnb_7,gNB,41.386,52.033,18.547,0.002428,354.065,0.684697,0,,realistic_mixed
2026-05-11T07:15:15+00:00,slice_2,upf_8,UPF,44.129,45.168,31.531,0.003762,257.371,0.58157,0,,realistic_mixed
2026-05-11T07:16:15+00:00,slice_1,gnb_1,gNB,43.932,45.356,19.998,0.003563,564.869,0.754453,0,,realistic_mixed
2026-05-11T07:16:15+00:00,slice_2,upf_2,UPF,51.182,52.394,34.311,0.003745,150.679,0.559449,0,,realistic_mixed
2026-05-11T07:16:15+00:00,slice_3,router_3,Router,37.989,55.838,10.529,0.00281,149.393,0.548366,0,,realistic_mixed
2026-05-11T07:16:15+00:00,slice_1,service_4,Service,56.91,63.515,19.838,0.002942,522.902,0.641281,0,,realistic_mixed
2026-05-11T07:16:15+00:00,slice_2,amf_5,AMF,50.117,60.304,31.719,0.003047,140.652,0.643664,0,,realistic_mixed
2026-05-11T07:16:15+00:00,slice_3,smf_6,SMF,41.732,48.843,14.0,0.002959,289.326,0.791288,0,,realistic_mixed
2026-05-11T07:16:15+00:00,slice_1,gnb_7,gNB,53.213,48.6,18.395,0.005097,444.174,0.727033,0,,realistic_mixed
2026-05-11T07:16:15+00:00,slice_2,upf_8,UPF,48.569,50.237,31.266,0.002074,233.722,0.564561,0,,realistic_mixed
2026-05-11T07:17:15+00:00,slice_1,gnb_1,gNB,51.713,60.711,19.01,0.003569,326.124,0.645785,0,,realistic_mixed
2026-05-11T07:17:15+00:00,slice_2,upf_2,UPF,44.238,44.878,31.326,0.002299,131.478,0.61069,0,,realistic_mixed
2026-05-11T07:17:15+00:00,slice_3,router_3,Router,57.081,61.3,12.583,0.004079,243.221,0.740023,0,,realistic_mixed
2026-05-11T07:17:15+00:00,slice_1,service_4,Service,46.812,58.492,20.325,0.002499,526.855,0.649138,0,,realistic_mixed
2026-05-11T07:17:15+00:00,slice_2,amf_5,AMF,43.864,60.872,30.759,0.004389,33.085,0.541254,0,,realistic_mixed
2026-05-11T07:17:15+00:00,slice_3,smf_6,SMF,54.114,51.564,10.886,0.002749,441.43,0.735059,0,,realistic_mixed
2026-05-11T07:17:15+00:00,slice_1,gnb_7,gNB,67.946,65.325,29.521,0.003273,607.389,0.802481,0,,realistic_mixed
2026-05-11T07:17:15+00:00,slice_2,upf_8,UPF,57.266,46.587,30.052,0.004523,177.332,0.689378,0,,realistic_mixed
2026-05-11T07:18:15+00:00,slice_1,gnb_1,gNB,54.87,55.165,20.496,0.005897,355.628,0.692403,0,,realistic_mixed
2026-05-11T07:18:15+00:00,slice_2,upf_2,UPF,49.234,56.99,33.245,0.006048,274.741,0.548785,0,,realistic_mixed
2026-05-11T07:18:15+00:00,slice_3,router_3,Router,43.178,43.347,11.087,0.002771,322.946,0.730992,0,,realistic_mixed
2026-05-11T07:18:15+00:00,slice_1,service_4,Service,50.756,52.18,22.063,0.005225,461.186,0.782034,0,,realistic_mixed
2026-05-11T07:18:15+00:00,slice_2,amf_5,AMF,33.982,46.784,32.635,0.003572,87.313,0.42409,0,,realistic_mixed
2026-05-11T07:18:15+00:00,slice_3,smf_6,SMF,47.803,47.221,9.702,0.004407,212.524,0.565493,0,,realistic_mixed
2026-05-11T07:18:15+00:00,slice_1,gnb_7,gNB,43.443,55.911,20.785,0.003199,327.534,0.772666,0,,realistic_mixed
2026-05-11T07:18:15+00:00,slice_2,upf_8,UPF,42.084,43.434,34.898,0.00343,128.767,0.603671,0,,realistic_mixed
2026-05-11T07:19:15+00:00,slice_1,gnb_1,gNB,49.214,49.628,18.695,0.004767,324.587,0.747888,0,,realistic_mixed
2026-05-11T07:19:15+00:00,slice_2,upf_2,UPF,38.223,54.587,30.333,0.002431,216.412,0.71594,0,,realistic_mixed
2026-05-11T07:19:15+00:00,slice_3,router_3,Router,46.754,66.521,14.856,0.004373,233.783,0.564482,0,,realistic_mixed
2026-05-11T07:19:15+00:00,slice_1,service_4,Service,40.419,47.614,21.444,0.004251,414.227,0.785616,0,,realistic_mixed
2026-05-11T07:19:15+00:00,slice_2,amf_5,AMF,36.524,60.02,31.188,0.003098,199.55,0.566072,0,,realistic_mixed
2026-05-11T07:19:15+00:00,slice_3,smf_6,SMF,68.492,55.426,18.263,0.003167,277.163,0.639503,0,,realistic_mixed
2026-05-11T07:19:15+00:00,slice_1,gnb_7,gNB,51.038,51.152,23.338,0.003502,348.302,0.79761,0,,realistic_mixed
2026-05-11T07:19:15+00:00,slice_2,upf_8,UPF,46.744,53.058,29.782,0.005072,154.658,0.595633,0,,realistic_mixed
2026-05-11T07:20:15+00:00,slice_1,gnb_1,gNB,52.098,59.429,19.957,0.003477,431.669,0.757222,0,,realistic_mixed
2026-05-11T07:20:15+00:00,slice_2,upf_2,UPF,57.133,39.921,31.471,0.006251,164.482,0.571152,0,,realistic_mixed
2026-05-11T07:20:15+00:00,slice_3,router_3,Router,51.02,52.484,11.491,0.005204,123.687,0.652299,0,,realistic_mixed
2026-05-11T07:20:15+00:00,slice_1,service_4,Service,53.318,58.985,17.275,0.00229,518.277,0.705199,0,,realistic_mixed
2026-05-11T07:20:15+00:00,slice_2,amf_5,AMF,50.195,46.326,30.217,0.002196,190.995,0.539744,0,,realistic_mixed
2026-05-11T07:20:15+00:00,slice_3,smf_6,SMF,49.087,43.164,12.904,0.003706,358.112,0.699773,0,,realistic_mixed
2026-05-11T07:20:15+00:00,slice_1,gnb_7,gNB,51.16,53.829,22.444,0.003819,415.036,0.793506,0,,realistic_mixed
2026-05-11T07:20:15+00:00,slice_2,upf_8,UPF,40.089,49.813,30.772,0.002387,236.877,0.595042,0,,realistic_mixed
2026-05-11T07:21:15+00:00,slice_1,gnb_1,gNB,58.073,58.369,17.758,0.002403,285.851,0.701654,0,,realistic_mixed
2026-05-11T07:21:15+00:00,slice_2,upf_2,UPF,48.907,50.33,31.642,0.003214,26.583,0.509218,0,,realistic_mixed
2026-05-11T07:21:15+00:00,slice_3,router_3,Router,35.967,39.348,10.439,0.003306,283.679,0.60572,0,,realistic_mixed
2026-05-11T07:21:15+00:00,slice_1,service_4,Service,51.036,54.704,18.496,0.002476,481.062,0.728759,0,,realistic_mixed
2026-05-11T07:21:15+00:00,slice_2,amf_5,AMF,53.64,54.195,31.454,0.002293,213.178,0.521537,0,,realistic_mixed
2026-05-11T07:21:15+00:00,slice_3,smf_6,SMF,48.126,56.444,10.788,0.003118,222.485,0.64242,0,,realistic_mixed
2026-05-11T07:21:15+00:00,slice_1,gnb_7,gNB,51.165,52.1,18.227,0.004167,369.955,0.670851,0,,realistic_mixed
2026-05-11T07:21:15+00:00,slice_2,upf_8,UPF,54.805,50.989,29.745,0.002085,84.589,0.522481,0,,realistic_mixed
2026-05-11T07:22:15+00:00,slice_1,gnb_1,gNB,48.069,48.778,18.656,0.002827,321.316,0.60722,0,,realistic_mixed
2026-05-11T07:22:15+00:00,slice_2,upf_2,UPF,68.443,68.468,37.962,0.003683,124.222,0.702514,0,,realistic_mixed
2026-05-11T07:22:15+00:00,slice_3,router_3,Router,51.106,56.288,9.947,0.003574,311.051,0.602785,0,,realistic_mixed
2026-05-11T07:22:15+00:00,slice_1,service_4,Service,59.743,60.283,22.292,0.003611,381.798,0.745787,0,,realistic_mixed
2026-05-11T07:22:15+00:00,slice_2,amf_5,AMF,44.529,51.822,31.771,0.006734,274.702,0.53316,0,,realistic_mixed
2026-05-11T07:22:15+00:00,slice_3,smf_6,SMF,39.629,50.226,10.874,0.003509,232.466,0.668244,0,,realistic_mixed
2026-05-11T07:22:15+00:00,slice_1,gnb_7,gNB,54.36,59.558,21.948,0.004483,409.841,0.787537,0,,realistic_mixed
2026-05-11T07:22:15+00:00,slice_2,upf_8,UPF,44.462,47.73,30.696,0.002559,129.564,0.644534,0,,realistic_mixed
2026-05-11T07:23:15+00:00,slice_1,gnb_1,gNB,44.675,52.721,20.403,0.006728,495.551,0.732111,0,,realistic_mixed
2026-05-11T07:23:15+00:00,slice_2,upf_2,UPF,41.334,53.238,31.946,0.005872,94.296,0.56589,0,,realistic_mixed
2026-05-11T07:23:15+00:00,slice_3,router_3,Router,48.235,50.48,12.976,0.003112,273.202,0.645453,0,,realistic_mixed
2026-05-11T07:23:15+00:00,slice_1,service_4,Service,49.05,42.503,20.121,0.002252,340.427,0.752974,0,,realistic_mixed
2026-05-11T07:23:15+00:00,slice_2,amf_5,AMF,59.389,42.878,30.745,0.002498,202.055,0.504494,0,,realistic_mixed
2026-05-11T07:23:15+00:00,slice_3,smf_6,SMF,52.597,58.673,12.142,0.006321,213.846,0.656299,0,,realistic_mixed
2026-05-11T07:23:15+00:00,slice_1,gnb_7,gNB,48.286,60.611,16.999,0.002253,358.946,0.625457,0,,realistic_mixed
2026-05-11T07:23:15+00:00,slice_2,upf_8,UPF,37.14,55.968,30.984,0.003257,187.143,0.628111,0,,realistic_mixed
2026-05-11T07:24:15+00:00,slice_1,gnb_1,gNB,69.629,50.385,24.499,0.002223,434.518,0.760982,0,,realistic_mixed
2026-05-11T07:24:15+00:00,slice_2,upf_2,UPF,49.536,49.275,31.892,0.00415,111.735,0.536692,0,,realistic_mixed
2026-05-11T07:24:15+00:00,slice_3,router_3,Router,55.82,49.33,13.247,0.002579,134.239,0.664589,0,,realistic_mixed
2026-05-11T07:24:15+00:00,slice_1,service_4,Service,42.892,42.054,18.799,0.004347,335.872,0.677356,0,,realistic_mixed
2026-05-11T07:24:15+00:00,slice_2,amf_5,AMF,57.488,58.674,35.265,0.002801,185.998,0.643613,0,,realistic_mixed
2026-05-11T07:24:15+00:00,slice_3,smf_6,SMF,50.135,55.328,10.898,0.002505,421.876,0.610703,0,,realistic_mixed
2026-05-11T07:24:15+00:00,slice_1,gnb_7,gNB,56.597,57.594,21.325,0.003355,550.844,0.745013,0,,realistic_mixed
2026-05-11T07:24:15+00:00,slice_2,upf_8,UPF,48.097,52.658,32.294,0.008425,149.359,0.639384,0,,realistic_mixed
2026-05-11T07:25:15+00:00,slice_1,gnb_1,gNB,55.915,65.658,18.87,0.00557,453.699,0.755081,0,,realistic_mixed
2026-05-11T07:25:15+00:00,slice_2,upf_2,UPF,53.354,56.509,33.539,0.00239,268.423,0.598355,0,,realistic_mixed
2026-05-11T07:25:15+00:00,slice_3,router_3,Router,47.415,43.0,11.698,0.005231,284.345,0.726413,0,,realistic_mixed
2026-05-11T07:25:15+00:00,slice_1,service_4,Service,55.178,51.491,18.703,0.002107,407.208,0.710576,0,,realistic_mixed
2026-05-11T07:25:15+00:00,slice_2,amf_5,AMF,35.51,40.02,32.308,0.002283,146.752,0.680226,0,,realistic_mixed
2026-05-11T07:25:15+00:00,slice_3,smf_6,SMF,53.328,55.878,10.156,0.002852,266.523,0.688996,0,,realistic_mixed
2026-05-11T07:25:15+00:00,slice_1,gnb_7,gNB,41.547,47.282,18.537,0.003044,454.192,0.671142,0,,realistic_mixed
2026-05-11T07:25:15+00:00,slice_2,upf_8,UPF,52.097,42.812,31.543,0.002904,194.786,0.720489,0,,realistic_mixed
2026-05-11T07:26:15+00:00,slice_1,gnb_1,gNB,50.184,46.047,18.341,0.003692,422.372,0.687471,0,,realistic_mixed
2026-05-11T07:26:15+00:00,slice_2,upf_2,UPF,44.932,47.547,30.355,0.004094,147.045,0.556654,0,,realistic_mixed
2026-05-11T07:26:15+00:00,slice_3,router_3,Router,38.579,56.672,18.167,0.003513,272.251,0.734407,0,,realistic_mixed
2026-05-11T07:26:15+00:00,slice_1,service_4,Service,57.249,56.571,19.27,0.003408,299.707,0.704216,0,,realistic_mixed
2026-05-11T07:26:15+00:00,slice_2,amf_5,AMF,60.858,59.216,30.862,0.002239,140.463,0.65502,0,,realistic_mixed
2026-05-11T07:26:15+00:00,slice_3,smf_6,SMF,56.534,69.838,11.073,0.003358,195.421,0.717069,0,,realistic_mixed
2026-05-11T07:26:15+00:00,slice_1,gnb_7,gNB,57.545,60.636,17.908,0.003454,308.275,0.730897,0,,realistic_mixed
2026-05-11T07:26:15+00:00,slice_2,upf_8,UPF,58.734,50.723,31.384,0.004065,50.323,0.619617,0,,realistic_mixed
2026-05-11T07:27:15+00:00,slice_1,gnb_1,gNB,56.453,55.243,19.901,0.003957,480.262,0.681175,0,,realistic_mixed
2026-05-11T07:27:15+00:00,slice_2,upf_2,UPF,42.439,44.3,31.933,0.00313,227.615,0.633645,0,,realistic_mixed
2026-05-11T07:27:15+00:00,slice_3,router_3,Router,46.544,52.545,12.364,0.003992,411.757,0.767389,0,,realistic_mixed
2026-05-11T07:27:15+00:00,slice_1,service_4,Service,56.972,54.884,19.667,0.003419,440.673,0.725973,0,,realistic_mixed
2026-05-11T07:27:15+00:00,slice_2,amf_5,AMF,45.79,49.33,31.509,0.002819,223.043,0.659529,0,,realistic_mixed
2026-05-11T07:27:15+00:00,slice_3,smf_6,SMF,58.048,59.019,11.205,0.003009,294.16,0.720448,0,,realistic_mixed
2026-05-11T07:27:15+00:00,slice_1,gnb_7,gNB,51.426,49.053,18.524,0.002958,332.241,0.718234,0,,realistic_mixed
2026-05-11T07:27:15+00:00,slice_2,upf_8,UPF,55.056,57.409,31.608,0.005473,105.226,0.555813,0,,realistic_mixed
2026-05-11T07:28:15+00:00,slice_1,gnb_1,gNB,40.613,58.235,19.483,0.004031,289.288,0.748286,0,,realistic_mixed
2026-05-11T07:28:15+00:00,slice_2,upf_2,UPF,48.77,54.49,29.772,0.002743,117.588,0.611621,0,,realistic_mixed
2026-05-11T07:28:15+00:00,slice_3,router_3,Router,64.892,62.184,12.495,0.002376,474.239,0.740204,0,,realistic_mixed
2026-05-11T07:28:15+00:00,slice_1,service_4,Service,49.222,59.963,17.067,0.002131,463.14,0.7287,0,,realistic_mixed
2026-05-11T07:28:15+00:00,slice_2,amf_5,AMF,54.217,64.499,34.119,0.004977,189.387,0.661809,0,,realistic_mixed
2026-05-11T07:28:15+00:00,slice_3,smf_6,SMF,46.373,45.742,11.45,0.002648,204.924,0.666317,0,,realistic_mixed
2026-05-11T07:28:15+00:00,slice_1,gnb_7,gNB,60.208,53.915,18.75,0.002953,477.558,0.751785,0,,realistic_mixed
2026-05-11T07:28:15+00:00,slice_2,upf_8,UPF,60.596,56.973,32.931,0.002506,197.636,0.640035,0,,realistic_mixed
2026-05-11T07:29:15+00:00,slice_1,gnb_1,gNB,50.264,62.104,21.867,0.002602,363.867,0.789791,0,,realistic_mixed
2026-05-11T07:29:15+00:00,slice_2,upf_2,UPF,38.177,49.334,31.941,0.003217,156.86,0.68489,0,,realistic_mixed
2026-05-11T07:29:15+00:00,slice_3,router_3,Router,46.027,46.304,14.483,0.003262,302.0,0.6738,0,,realistic_mixed
2026-05-11T07:29:15+00:00,slice_1,service_4,Service,52.987,48.969,17.505,0.002645,395.76,0.682246,0,,realistic_mixed
2026-05-11T07:29:15+00:00,slice_2,amf_5,AMF,37.774,47.695,31.214,0.003499,45.166,0.533683,0,,realistic_mixed
2026-05-11T07:29:15+00:00,slice_3,smf_6,SMF,48.284,48.558,11.59,0.003067,339.261,0.657043,0,,realistic_mixed
2026-05-11T07:29:15+00:00,slice_1,gnb_7,gNB,42.231,36.474,18.201,0.003243,330.804,0.63591,0,,realistic_mixed
2026-05-11T07:29:15+00:00,slice_2,upf_8,UPF,53.635,49.111,30.372,0.002644,177.102,0.683216,0,,realistic_mixed
2026-05-11T07:30:15+00:00,slice_1,gnb_1,gNB,52.895,53.871,18.29,0.002141,514.837,0.765371,0,,realistic_mixed
2026-05-11T07:30:15+00:00,slice_2,upf_2,UPF,49.536,55.466,31.595,0.002084,257.59,0.663715,0,,realistic_mixed
2026-05-11T07:30:15+00:00,slice_3,router_3,Router,51.863,58.897,11.703,0.003934,332.09,0.756167,0,,realistic_mixed
2026-05-11T07:30:15+00:00,slice_1,service_4,Service,49.627,58.326,19.007,0.003887,546.295,0.662445,0,,realistic_mixed
2026-05-11T07:30:15+00:00,slice_2,amf_5,AMF,64.808,60.08,31.051,0.002651,277.782,0.582337,0,,realistic_mixed
2026-05-11T07:30:15+00:00,slice_3,smf_6,SMF,41.82,58.911,11.164,0.002031,290.459,0.705156,0,,realistic_mixed
2026-05-11T07:30:15+00:00,slice_1,gnb_7,gNB,53.392,63.981,19.681,0.00365,402.731,0.747473,0,,realistic_mixed
2026-05-11T07:30:15+00:00,slice_2,upf_8,UPF,50.434,54.888,30.172,0.002954,97.119,0.602738,0,,realistic_mixed
2026-05-11T07:31:15+00:00,slice_1,gnb_1,gNB,47.906,49.222,21.739,0.003881,447.733,0.788188,0,,realistic_mixed
2026-05-11T07:31:15+00:00,slice_2,upf_2,UPF,40.317,57.762,32.01,0.002723,309.526,0.63015,0,,realistic_mixed
2026-05-11T07:31:15+00:00,slice_3,router_3,Router,54.755,60.847,12.168,0.005672,408.83,0.709282,0,,realistic_mixed
2026-05-11T07:31:15+00:00,slice_1,service_4,Service,56.326,51.049,21.366,0.004861,506.348,0.777912,0,,realistic_mixed
2026-05-11T07:31:15+00:00,slice_2,amf_5,AMF,41.329,45.298,32.87,0.003079,171.808,0.613637,0,,realistic_mixed
2026-05-11T07:31:15+00:00,slice_3,smf_6,SMF,58.6,64.734,14.954,0.003446,284.774,0.693403,0,,realistic_mixed
2026-05-11T07:31:15+00:00,slice_1,gnb_7,gNB,56.0,55.01,34.164,0.017073,544.457,0.938106,0,,realistic_mixed
2026-05-11T07:31:15+00:00,slice_2,upf_8,UPF,54.28,47.354,33.855,0.006319,285.878,0.687482,0,,realistic_mixed
2026-05-11T07:32:15+00:00,slice_1,gnb_1,gNB,56.815,69.121,22.547,0.002259,410.439,0.805188,0,,realistic_mixed
2026-05-11T07:32:15+00:00,slice_2,upf_2,UPF,49.638,55.527,31.935,0.003622,142.57,0.652944,0,,realistic_mixed
2026-05-11T07:32:15+00:00,slice_3,router_3,Router,49.124,53.985,11.103,0.003912,312.915,0.585552,0,,realistic_mixed
2026-05-11T07:32:15+00:00,slice_1,service_4,Service,66.569,62.89,25.762,0.003712,541.728,0.808577,0,,realistic_mixed
2026-05-11T07:32:15+00:00,slice_2,amf_5,AMF,43.747,48.666,31.529,0.004544,104.125,0.653748,0,,realistic_mixed
2026-05-11T07:32:15+00:00,slice_3,smf_6,SMF,40.803,47.099,11.201,0.003213,142.81,0.691539,0,,realistic_mixed
2026-05-11T07:32:15+00:00,slice_1,gnb_7,gNB,41.293,57.198,19.319,0.006443,461.688,0.747373,0,,realistic_mixed
2026-05-11T07:32:15+00:00,slice_2,upf_8,UPF,52.314,64.644,30.049,0.005598,322.118,0.578192,0,,realistic_mixed
2026-05-11T07:33:15+00:00,slice_1,gnb_1,gNB,47.543,53.06,18.23,0.00278,498.868,0.69542,0,,realistic_mixed
2026-05-11T07:33:15+00:00,slice_2,upf_2,UPF,52.968,50.878,31.236,0.002044,116.345,0.650419,0,,realistic_mixed
2026-05-11T07:33:15+00:00,slice_3,router_3,Router,45.57,56.148,12.361,0.004314,333.164,0.717437,0,,realistic_mixed
2026-05-11T07:33:15+00:00,slice_1,service_4,Service,53.86,53.417,19.276,0.006286,500.987,0.764833,0,,realistic_mixed
2026-05-11T07:33:15+00:00,slice_2,amf_5,AMF,60.551,47.375,32.431,0.004542,179.175,0.714437,0,,realistic_mixed
2026-05-11T07:33:15+00:00,slice_3,smf_6,SMF,59.018,58.709,12.575,0.003025,249.835,0.734663,0,,realistic_mixed
2026-05-11T07:33:15+00:00,slice_1,gnb_7,gNB,56.674,52.509,18.446,0.002284,463.353,0.672318,0,,realistic_mixed
2026-05-11T07:33:15+00:00,slice_2,upf_8,UPF,61.921,61.959,31.257,0.002045,172.708,0.646854,0,,realistic_mixed
2026-05-11T07:34:15+00:00,slice_1,gnb_1,gNB,55.597,51.547,28.655,0.009053,478.504,0.872978,0,,realistic_mixed
2026-05-11T07:34:15+00:00,slice_2,upf_2,UPF,44.737,47.294,32.191,0.003179,192.035,0.693018,0,,realistic_mixed
2026-05-11T07:34:15+00:00,slice_3,router_3,Router,41.518,48.989,9.915,0.003015,293.39,0.637257,0,,realistic_mixed
2026-05-11T07:34:15+00:00,slice_1,service_4,Service,48.163,50.855,20.629,0.003284,506.948,0.766066,0,,realistic_mixed
2026-05-11T07:34:15+00:00,slice_2,amf_5,AMF,39.002,54.085,30.159,0.00619,173.779,0.705277,0,,realistic_mixed
2026-05-11T07:34:15+00:00,slice_3,smf_6,SMF,57.936,56.895,9.562,0.002605,365.777,0.695252,0,,realistic_mixed
2026-05-11T07:34:15+00:00,slice_1,gnb_7,gNB,52.363,60.356,28.426,0.010952,621.32,0.861304,0,,realistic_mixed
2026-05-11T07:34:15+00:00,slice_2,upf_8,UPF,49.749,61.732,31.235,0.003055,148.715,0.636368,0,,realistic_mixed
2026-05-11T07:35:15+00:00,slice_1,gnb_1,gNB,51.719,65.069,31.975,0.010777,657.122,0.879771,0,,realistic_mixed
2026-05-11T07:35:15+00:00,slice_2,upf_2,UPF,57.009,55.8,29.686,0.003238,263.004,0.604393,0,,realistic_mixed
2026-05-11T07:35:15+00:00,slice_3,router_3,Router,56.217,58.499,13.819,0.003074,348.395,0.683254,0,,realistic_mixed
2026-05-11T07:35:15+00:00,slice_1,service_4,Service,55.655,59.424,26.287,0.003078,565.986,0.794257,0,,realistic_mixed
2026-05-11T07:35:15+00:00,slice_2,amf_5,AMF,37.612,53.544,30.646,0.003745,154.541,0.620896,0,,realistic_mixed
2026-05-11T07:35:15+00:00,slice_3,smf_6,SMF,52.822,53.332,12.392,0.004454,188.43,0.69899,0,,realistic_mixed
2026-05-11T07:35:15+00:00,slice_1,gnb_7,gNB,55.84,50.274,23.041,0.003477,334.924,0.704167,0,,realistic_mixed
2026-05-11T07:35:15+00:00,slice_2,upf_8,UPF,46.485,35.059,33.464,0.002816,147.833,0.701324,0,,realistic_mixed
2026-05-11T07:36:15+00:00,slice_1,gnb_1,gNB,52.587,63.126,17.502,0.004529,507.82,0.681371,0,,realistic_mixed
2026-05-11T07:36:15+00:00,slice_2,upf_2,UPF,50.671,54.289,30.708,0.002484,64.954,0.687283,0,,realistic_mixed
2026-05-11T07:36:15+00:00,slice_3,router_3,Router,56.592,63.711,10.793,0.004708,399.494,0.688644,0,,realistic_mixed
2026-05-11T07:36:15+00:00,slice_1,service_4,Service,49.846,58.735,19.471,0.002263,333.521,0.768103,0,,realistic_mixed
2026-05-11T07:36:15+00:00,slice_2,amf_5,AMF,49.764,48.938,32.057,0.00617,248.852,0.610745,0,,realistic_mixed
2026-05-11T07:36:15+00:00,slice_3,smf_6,SMF,43.522,52.378,10.481,0.003366,236.779,0.742174,0,,realistic_mixed
2026-05-11T07:36:15+00:00,slice_1,gnb_7,gNB,47.218,54.823,18.475,0.002072,471.32,0.645073,0,,realistic_mixed
2026-05-11T07:36:15+00:00,slice_2,upf_8,UPF,41.929,47.246,31.598,0.005645,63.007,0.556246,0,,realistic_mixed
2026-05-11T07:37:15+00:00,slice_1,gnb_1,gNB,54.258,56.664,17.167,0.003823,476.893,0.721831,0,,realistic_mixed
2026-05-11T07:37:15+00:00,slice_2,upf_2,UPF,52.659,53.659,30.021,0.003116,249.159,0.626727,0,,realistic_mixed
2026-05-11T07:37:15+00:00,slice_3,router_3,Router,52.61,55.579,12.599,0.004731,209.178,0.677535,0,,realistic_mixed
2026-05-11T07:37:15+00:00,slice_1,service_4,Service,54.961,52.006,19.688,0.003523,443.173,0.715524,0,,realistic_mixed
2026-05-11T07:37:15+00:00,slice_2,amf_5,AMF,48.733,67.951,31.186,0.00289,170.076,0.578626,0,,realistic_mixed
2026-05-11T07:37:15+00:00,slice_3,smf_6,SMF,43.071,53.634,12.807,0.005103,346.454,0.741469,0,,realistic_mixed
2026-05-11T07:37:15+00:00,slice_1,gnb_7,gNB,38.38,64.42,27.463,0.009019,462.176,0.86162,0,,realistic_mixed
2026-05-11T07:37:15+00:00,slice_2,upf_8,UPF,56.359,62.566,29.206,0.003364,114.186,0.628278,0,,realistic_mixed
2026-05-11T07:38:15+00:00,slice_1,gnb_1,gNB,40.3,40.81,17.549,0.004286,345.486,0.574989,0,,realistic_mixed
2026-05-11T07:38:15+00:00,slice_2,upf_2,UPF,54.806,53.932,30.955,0.002467,273.509,0.625219,0,,realistic_mixed
2026-05-11T07:38:15+00:00,slice_3,router_3,Router,55.677,54.523,11.348,0.004165,491.208,0.716584,0,,realistic_mixed
2026-05-11T07:38:15+00:00,slice_1,service_4,Service,64.139,61.761,21.394,0.002188,573.307,0.776234,0,,realistic_mixed
2026-05-11T07:38:15+00:00,slice_2,amf_5,AMF,63.857,71.805,30.454,0.003566,120.769,0.633847,0,,realistic_mixed
2026-05-11T07:38:15+00:00,slice_3,smf_6,SMF,56.839,58.039,12.436,0.002315,272.745,0.695915,0,,realistic_mixed
2026-05-11T07:38:15+00:00,slice_1,gnb_7,gNB,46.776,52.593,20.89,0.004452,416.305,0.735649,0,,realistic_mixed
2026-05-11T07:38:15+00:00,slice_2,upf_8,UPF,42.024,50.618,31.858,0.003036,245.417,0.571525,0,,realistic_mixed
2026-05-11T07:39:15+00:00,slice_1,gnb_1,gNB,55.334,62.33,25.621,0.003655,544.198,0.821737,0,,realistic_mixed
2026-05-11T07:39:15+00:00,slice_2,upf_2,UPF,52.294,61.554,31.149,0.002913,97.35,0.610773,0,,realistic_mixed
2026-05-11T07:39:15+00:00,slice_3,router_3,Router,49.98,54.46,10.923,0.002018,314.34,0.614258,0,,realistic_mixed
2026-05-11T07:39:15+00:00,slice_1,service_4,Service,56.591,60.226,24.067,0.002877,412.555,0.77759,0,,realistic_mixed
2026-05-11T07:39:15+00:00,slice_2,amf_5,AMF,46.242,48.881,32.54,0.0043,230.232,0.594412,0,,realistic_mixed
2026-05-11T07:39:15+00:00,slice_3,smf_6,SMF,39.998,55.126,11.435,0.002818,394.932,0.754075,0,,realistic_mixed
2026-05-11T07:39:15+00:00,slice_1,gnb_7,gNB,49.707,52.351,20.119,0.005435,428.191,0.705162,0,,realistic_mixed
2026-05-11T07:39:15+00:00,slice_2,upf_8,UPF,50.249,50.12,30.941,0.003904,235.235,0.665355,0,,realistic_mixed
2026-05-11T07:40:15+00:00,slice_1,gnb_1,gNB,65.414,61.402,21.761,0.006364,565.055,0.776507,0,,realistic_mixed
2026-05-11T07:40:15+00:00,slice_2,upf_2,UPF,49.362,57.418,30.381,0.002564,137.427,0.644695,0,,realistic_mixed
2026-05-11T07:40:15+00:00,slice_3,router_3,Router,49.23,52.208,10.851,0.003764,366.77,0.730708,0,,realistic_mixed
2026-05-11T07:40:15+00:00,slice_1,service_4,Service,50.622,55.199,18.012,0.002876,558.341,0.671162,0,,realistic_mixed
2026-05-11T07:40:15+00:00,slice_2,amf_5,AMF,47.162,47.105,30.697,0.004477,0.0,0.52157,0,,realistic_mixed
2026-05-11T07:40:15+00:00,slice_3,smf_6,SMF,57.826,53.869,18.551,0.004616,426.449,0.825213,0,,realistic_mixed
2026-05-11T07:40:15+00:00,slice_1,gnb_7,gNB,50.388,55.508,24.633,0.004953,523.846,0.8257,0,,realistic_mixed
2026-05-11T07:40:15+00:00,slice_2,upf_8,UPF,43.744,44.131,29.944,0.003889,229.164,0.631739,0,,realistic_mixed
2026-05-11T07:41:15+00:00,slice_1,gnb_1,gNB,57.08,51.987,22.611,0.002546,567.108,0.785784,0,,realistic_mixed
2026-05-11T07:41:15+00:00,slice_2,upf_2,UPF,58.007,53.318,29.597,0.002054,209.922,0.569056,0,,realistic_mixed
2026-05-11T07:41:15+00:00,slice_3,router_3,Router,44.052,51.165,11.361,0.002392,373.131,0.709759,0,,realistic_mixed
2026-05-11T07:41:15+00:00,slice_1,service_4,Service,43.881,64.289,19.495,0.005949,371.226,0.764641,0,,realistic_mixed
2026-05-11T07:41:15+00:00,slice_2,amf_5,AMF,59.336,56.733,29.045,0.003472,322.486,0.635758,0,,realistic_mixed
2026-05-11T07:41:15+00:00,slice_3,smf_6,SMF,52.191,58.38,11.457,0.004315,182.968,0.698144,0,,realistic_mixed
2026-05-11T07:41:15+00:00,slice_1,gnb_7,gNB,56.505,55.973,29.163,0.006742,493.211,0.850684,0,,realistic_mixed
2026-05-11T07:41:15+00:00,slice_2,upf_8,UPF,56.452,65.505,31.123,0.002093,100.49,0.60741,0,,realistic_mixed
2026-05-11T07:42:15+00:00,slice_1,gnb_1,gNB,46.65,56.107,18.741,0.00332,381.681,0.70878,0,,realistic_mixed
2026-05-11T07:42:15+00:00,slice_2,upf_2,UPF,41.496,53.02,29.26,0.00402,267.52,0.642529,0,,realistic_mixed
2026-05-11T07:42:15+00:00,slice_3,router_3,Router,57.293,57.608,12.13,0.005927,317.206,0.696219,0,,realistic_mixed
2026-05-11T07:42:15+00:00,slice_1,service_4,Service,45.353,52.523,23.292,0.002955,501.78,0.800816,0,,realistic_mixed
2026-05-11T07:42:15+00:00,slice_2,amf_5,AMF,54.894,67.482,31.066,0.004443,277.927,0.671976,0,,realistic_mixed
2026-05-11T07:42:15+00:00,slice_3,smf_6,SMF,42.494,51.141,9.624,0.0025,271.937,0.654213,0,,realistic_mixed
2026-05-11T07:42:15+00:00,slice_1,gnb_7,gNB,55.782,59.931,19.111,0.00402,450.892,0.773877,0,,realistic_mixed
2026-05-11T07:42:15+00:00,slice_2,upf_8,UPF,58.289,62.081,29.946,0.005385,126.696,0.693087,0,,realistic_mixed
2026-05-11T07:43:15+00:00,slice_1,gnb_1,gNB,55.87,44.03,21.44,0.003607,410.974,0.639694,0,,realistic_mixed
2026-05-11T07:43:15+00:00,slice_2,upf_2,UPF,46.179,52.873,30.649,0.005984,377.368,0.622666,0,,realistic_mixed
2026-05-11T07:43:15+00:00,slice_3,router_3,Router,46.287,51.778,11.818,0.005089,429.32,0.669087,0,,realistic_mixed
2026-05-11T07:43:15+00:00,slice_1,service_4,Service,58.413,58.276,24.718,0.004084,567.84,0.722154,0,,realistic_mixed
2026-05-11T07:43:15+00:00,slice_2,amf_5,AMF,55.863,63.82,29.789,0.002215,209.166,0.612188,0,,realistic_mixed
2026-05-11T07:43:15+00:00,slice_3,smf_6,SMF,52.683,51.453,10.926,0.004157,311.172,0.75522,0,,realistic_mixed
2026-05-11T07:43:15+00:00,slice_1,gnb_7,gNB,51.741,46.242,18.767,0.002247,473.278,0.705596,0,,realistic_mixed
2026-05-11T07:43:15+00:00,slice_2,upf_8,UPF,41.786,58.235,32.463,0.004386,172.848,0.660165,0,,realistic_mixed
2026-05-11T07:44:15+00:00,slice_1,gnb_1,gNB,54.661,51.609,17.833,0.003177,329.502,0.721402,0,,realistic_mixed
2026-05-11T07:44:15+00:00,slice_2,upf_2,UPF,46.01,49.816,29.962,0.004294,198.897,0.589083,0,,realistic_mixed
2026-05-11T07:44:15+00:00,slice_3,router_3,Router,50.135,41.888,14.291,0.003598,326.352,0.635076,0,,realistic_mixed
2026-05-11T07:44:15+00:00,slice_1,service_4,Service,59.885,60.308,22.028,0.002272,458.751,0.76982,0,,realistic_mixed
2026-05-11T07:44:15+00:00,slice_2,amf_5,AMF,58.636,55.954,29.74,0.003872,254.069,0.549487,0,,realistic_mixed
2026-05-11T07:44:15+00:00,slice_3,smf_6,SMF,50.539,45.057,10.117,0.003251,236.235,0.650181,0,,realistic_mixed
2026-05-11T07:44:15+00:00,slice_1,gnb_7,gNB,43.794,54.302,21.613,0.004384,357.455,0.706453,0,,realistic_mixed
2026-05-11T07:44:15+00:00,slice_2,upf_8,UPF,40.72,52.54,31.347,0.002023,104.254,0.625554,0,,realistic_mixed
2026-05-11T07:45:15+00:00,slice_1,gnb_1,gNB,44.307,59.556,24.171,0.002984,463.326,0.811972,0,,realistic_mixed
2026-05-11T07:45:15+00:00,slice_2,upf_2,UPF,54.999,50.606,30.305,0.002714,77.779,0.647985,0,,realistic_mixed
2026-05-11T07:45:15+00:00,slice_3,router_3,Router,48.98,63.122,20.151,0.005193,266.821,0.842778,0,,realistic_mixed
2026-05-11T07:45:15+00:00,slice_1,service_4,Service,62.214,58.416,19.901,0.002529,328.581,0.741012,0,,realistic_mixed
2026-05-11T07:45:15+00:00,slice_2,amf_5,AMF,40.058,47.674,31.601,0.006305,173.924,0.5746,0,,realistic_mixed
2026-05-11T07:45:15+00:00,slice_3,smf_6,SMF,51.32,54.447,11.737,0.003093,251.073,0.626373,0,,realistic_mixed
2026-05-11T07:45:15+00:00,slice_1,gnb_7,gNB,50.946,52.064,21.28,0.002231,297.975,0.763074,0,,realistic_mixed
2026-05-11T07:45:15+00:00,slice_2,upf_8,UPF,52.855,56.253,30.01,0.0038,221.772,0.592522,0,,realistic_mixed
2026-05-11T07:46:15+00:00,slice_1,gnb_1,gNB,55.902,63.035,18.284,0.004535,604.186,0.761644,0,,realistic_mixed
2026-05-11T07:46:15+00:00,slice_2,upf_2,UPF,55.134,53.374,29.998,0.002735,184.033,0.695048,0,,realistic_mixed
2026-05-11T07:46:15+00:00,slice_3,router_3,Router,55.24,65.781,11.561,0.002737,396.33,0.755727,0,,realistic_mixed
2026-05-11T07:46:15+00:00,slice_1,service_4,Service,53.019,59.861,21.666,0.002413,475.556,0.777845,0,,realistic_mixed
2026-05-11T07:46:15+00:00,slice_2,amf_5,AMF,52.64,47.807,30.751,0.003017,239.908,0.668337,0,,realistic_mixed
2026-05-11T07:46:15+00:00,slice_3,smf_6,SMF,56.831,64.225,10.844,0.007042,276.178,0.7215,0,,realistic_mixed
2026-05-11T07:46:15+00:00,slice_1,gnb_7,gNB,41.114,49.892,22.947,0.002108,491.724,0.81182,0,,realistic_mixed
2026-05-11T07:46:15+00:00,slice_2,upf_8,UPF,56.554,52.78,31.751,0.00307,240.546,0.675231,0,,realistic_mixed
2026-05-11T07:47:15+00:00,slice_1,gnb_1,gNB,45.646,53.3,17.297,0.0028,539.634,0.728538,0,,realistic_mixed
2026-05-11T07:47:15+00:00,slice_2,upf_2,UPF,56.136,49.173,30.771,0.003252,118.828,0.56637,0,,realistic_mixed
2026-05-11T07:47:15+00:00,slice_3,router_3,Router,60.385,55.644,11.555,0.005382,379.242,0.749197,0,,realistic_mixed
2026-05-11T07:47:15+00:00,slice_1,service_4,Service,43.894,51.583,19.393,0.002994,371.05,0.678967,0,,realistic_mixed
2026-05-11T07:47:15+00:00,slice_2,amf_5,AMF,48.134,51.539,31.383,0.004774,107.712,0.553499,0,,realistic_mixed
2026-05-11T07:47:15+00:00,slice_3,smf_6,SMF,55.245,43.479,11.843,0.003851,356.409,0.7173,0,,realistic_mixed
2026-05-11T07:47:15+00:00,slice_1,gnb_7,gNB,46.06,52.618,24.561,0.003755,325.067,0.820835,0,,realistic_mixed
2026-05-11T07:47:15+00:00,slice_2,upf_8,UPF,55.204,61.981,30.208,0.003352,188.31,0.495609,0,,realistic_mixed
2026-05-11T07:48:15+00:00,slice_1,gnb_1,gNB,45.345,46.099,18.862,0.00527,509.238,0.737737,0,,realistic_mixed
2026-05-11T07:48:15+00:00,slice_2,upf_2,UPF,48.563,42.751,31.905,0.004354,211.648,0.684934,0,,realistic_mixed
2026-05-11T07:48:15+00:00,slice_3,router_3,Router,44.969,51.095,11.755,0.002728,240.835,0.643567,0,,realistic_mixed
2026-05-11T07:48:15+00:00,slice_1,service_4,Service,46.444,50.024,23.808,0.004592,462.998,0.815404,0,,realistic_mixed
2026-05-11T07:48:15+00:00,slice_2,amf_5,AMF,55.619,64.195,31.148,0.002976,274.907,0.623053,0,,realistic_mixed
2026-05-11T07:48:15+00:00,slice_3,smf_6,SMF,49.738,51.867,14.481,0.002316,363.433,0.738098,0,,realistic_mixed
2026-05-11T07:48:15+00:00,slice_1,gnb_7,gNB,58.034,59.999,18.099,0.002091,364.934,0.662474,0,,realistic_mixed
2026-05-11T07:48:15+00:00,slice_2,upf_8,UPF,49.896,43.069,30.02,0.004794,265.535,0.586781,0,,realistic_mixed
2026-05-11T07:49:15+00:00,slice_1,gnb_1,gNB,76.036401,37.182,69.61216,0.007938,552.491,0.860618,1,cpu_overload,realistic_mixed
2026-05-11T07:49:15+00:00,slice_2,upf_2,UPF,73.621,63.504,43.605,0.004606,232.99,0.669731,0,,realistic_mixed
2026-05-11T07:49:15+00:00,slice_3,router_3,Router,48.05,53.941,11.486,0.002336,266.72,0.719671,0,,realistic_mixed
2026-05-11T07:49:15+00:00,slice_1,service_4,Service,75.002401,72.05,67.71116,0.00405,561.153,0.822725,1,cpu_overload,realistic_mixed
2026-05-11T07:49:15+00:00,slice_2,amf_5,AMF,59.94,65.618,30.845,0.005296,250.05,0.67776,0,,realistic_mixed
2026-05-11T07:49:15+00:00,slice_3,smf_6,SMF,49.401,55.348,25.296,0.008366,425.307,0.867825,0,,realistic_mixed
2026-05-11T07:49:15+00:00,slice_1,gnb_7,gNB,71.561401,55.956,60.82916,0.002479,415.73,0.743353,1,cpu_overload,realistic_mixed
2026-05-11T07:49:15+00:00,slice_2,upf_8,UPF,65.645,68.187,35.437,0.003019,255.948,0.800478,0,,realistic_mixed
2026-05-11T07:50:15+00:00,slice_1,gnb_1,gNB,73.176401,53.762,71.70416,0.003999,444.237,0.790549,1,cpu_overload,realistic_mixed
2026-05-11T07:50:15+00:00,slice_2,upf_2,UPF,52.675,52.5,31.62,0.002275,246.941,0.742303,0,,realistic_mixed
2026-05-11T07:50:15+00:00,slice_3,router_3,Router,57.457,66.639,16.225,0.002535,443.953,0.785187,0,,realistic_mixed
2026-05-11T07:50:15+00:00,slice_1,service_4,Service,74.283401,56.114,69.66816,0.003205,570.983,0.765063,1,cpu_overload,realistic_mixed
2026-05-11T07:50:15+00:00,slice_2,amf_5,AMF,58.847,60.125,32.613,0.007612,110.625,0.678544,0,,realistic_mixed
2026-05-11T07:50:15+00:00,slice_3,smf_6,SMF,65.373,71.867,19.859,0.004592,273.32,0.821259,0,,realistic_mixed
2026-05-11T07:50:15+00:00,slice_1,gnb_7,gNB,66.055401,56.092,78.52816,0.006785,557.855,0.831788,1,cpu_overload,realistic_mixed
2026-05-11T07:50:15+00:00,slice_2,upf_8,UPF,56.132,55.425,30.975,0.005125,297.801,0.708634,0,,realistic_mixed
2026-05-11T07:51:15+00:00,slice_1,gnb_1,gNB,82.478401,62.551,76.16616,0.002647,282.59,0.666067,1,cpu_overload,realistic_mixed
2026-05-11T07:51:15+00:00,slice_2,upf_2,UPF,52.538,47.665,31.041,0.002016,281.23,0.696084,0,,realistic_mixed
2026-05-11T07:51:15+00:00,slice_3,router_3,Router,49.855,58.716,14.601,0.003048,242.414,0.781578,0,,realistic_mixed
2026-05-11T07:51:15+00:00,slice_1,service_4,Service,80.108401,57.866,78.71316,0.002072,331.013,0.777971,1,cpu_overload,realistic_mixed
2026-05-11T07:51:15+00:00,slice_2,amf_5,AMF,50.392,63.027,32.101,0.005643,133.729,0.695359,0,,realistic_mixed
2026-05-11T07:51:15+00:00,slice_3,smf_6,SMF,61.875,63.295,16.063,0.002947,428.476,0.800035,0,,realistic_mixed
2026-05-11T07:51:15+00:00,slice_1,gnb_7,gNB,88.509401,64.784,80.36216,0.003554,466.47,0.798105,1,cpu_overload,realistic_mixed
2026-05-11T07:51:15+00:00,slice_2,upf_8,UPF,59.289,63.773,30.604,0.002835,155.606,0.734427,0,,realistic_mixed
2026-05-11T07:52:15+00:00,slice_1,gnb_1,gNB,85.583401,64.992,84.47516,0.003108,373.696,0.746742,1,cpu_overload,realistic_mixed
2026-05-11T07:52:15+00:00,slice_2,upf_2,UPF,58.117,56.695,32.946,0.003897,101.981,0.78042,0,,realistic_mixed
2026-05-11T07:52:15+00:00,slice_3,router_3,Router,57.649,56.361,13.49,0.003575,501.775,0.783634,0,,realistic_mixed
2026-05-11T07:52:15+00:00,slice_1,service_4,Service,69.556401,51.556,85.28216,0.002346,452.402,0.698127,1,cpu_overload,realistic_mixed
2026-05-11T07:52:15+00:00,slice_2,amf_5,AMF,54.192,55.795,34.162,0.002168,186.275,0.661158,0,,realistic_mixed
2026-05-11T07:52:15+00:00,slice_3,smf_6,SMF,56.032,57.071,16.49,0.002777,338.34,0.81345,0,,realistic_mixed
2026-05-11T07:52:15+00:00,slice_1,gnb_7,gNB,77.117401,50.572,96.16916,0.010937,453.04,0.888183,1,cpu_overload,realistic_mixed
2026-05-11T07:52:15+00:00,slice_2,upf_8,UPF,61.161,59.184,30.826,0.002607,168.227,0.664884,0,,realistic_mixed
2026-05-11T07:53:15+00:00,slice_1,gnb_1,gNB,88.120401,63.559,98.31816,0.002503,436.82,0.810342,1,cpu_overload,realistic_mixed
2026-05-11T07:53:15+00:00,slice_2,upf_2,UPF,51.755,50.819,31.959,0.003485,289.319,0.722576,0,,realistic_mixed
2026-05-11T07:53:15+00:00,slice_3,router_3,Router,66.619,55.223,15.432,0.005796,248.872,0.77152,0,,realistic_mixed
2026-05-11T07:53:15+00:00,slice_1,service_4,Service,82.642401,53.962,92.87916,0.002079,462.07,0.707353,1,cpu_overload,realistic_mixed
2026-05-11T07:53:15+00:00,slice_2,amf_5,AMF,65.128,68.174,30.03,0.003033,119.299,0.643595,0,,realistic_mixed
2026-05-11T07:53:15+00:00,slice_3,smf_6,SMF,56.894,61.915,12.461,0.002061,324.543,0.760009,0,,realistic_mixed
2026-05-11T07:53:15+00:00,slice_1,gnb_7,gNB,77.178401,60.247,103.50616,0.010606,541.394,0.860575,1,cpu_overload,realistic_mixed
2026-05-11T07:53:15+00:00,slice_2,upf_8,UPF,53.0,61.724,30.313,0.002705,286.025,0.713559,0,,realistic_mixed
2026-05-11T07:54:15+00:00,slice_1,gnb_1,gNB,72.724401,58.376,104.15616,0.003182,483.171,0.701639,1,cpu_overload,realistic_mixed
2026-05-11T07:54:15+00:00,slice_2,upf_2,UPF,45.421,60.19,32.356,0.004684,92.39,0.606088,0,,realistic_mixed
2026-05-11T07:54:15+00:00,slice_3,router_3,Router,61.185,72.08,11.793,0.005684,312.56,0.73411,0,,realistic_mixed
2026-05-11T07:54:15+00:00,slice_1,service_4,Service,75.277401,52.016,109.46616,0.00293,342.883,0.826778,1,cpu_overload,realistic_mixed
2026-05-11T07:54:15+00:00,slice_2,amf_5,AMF,65.302,63.635,30.571,0.004918,408.316,0.748471,0,,realistic_mixed
2026-05-11T07:54:15+00:00,slice_3,smf_6,SMF,67.488,58.145,19.829,0.002276,426.985,0.82093,0,,realistic_mixed
2026-05-11T07:54:15+00:00,slice_1,gnb_7,gNB,83.515401,68.809,109.97416,0.004629,403.42,0.83643,1,cpu_overload,realistic_mixed
2026-05-11T07:54:15+00:00,slice_2,upf_8,UPF,50.515,50.103,31.43,0.004351,215.538,0.674932,0,,realistic_mixed
2026-05-11T07:55:15+00:00,slice_1,gnb_1,gNB,73.271401,58.216,110.49116,0.002177,429.51,0.775336,1,cpu_overload,realistic_mixed
2026-05-11T07:55:15+00:00,slice_2,upf_2,UPF,62.203,65.812,31.493,0.005229,241.757,0.686351,0,,realistic_mixed
2026-05-11T07:55:15+00:00,slice_3,router_3,Router,56.525,64.119,18.482,0.002364,409.499,0.810528,0,,realistic_mixed
2026-05-11T07:55:15+00:00,slice_1,service_4,Service,80.143401,54.195,116.60516,0.007142,450.957,0.839243,1,cpu_overload,realistic_mixed
2026-05-11T07:55:15+00:00,slice_2,amf_5,AMF,60.87,65.213,31.52,0.002606,162.018,0.665371,0,,realistic_mixed
2026-05-11T07:55:15+00:00,slice_3,smf_6,SMF,58.191,53.016,11.143,0.003517,431.566,0.749813,0,,realistic_mixed
2026-05-11T07:55:15+00:00,slice_1,gnb_7,gNB,85.366401,66.429,111.90916,0.00531,338.875,0.792788,1,cpu_overload,realistic_mixed
2026-05-11T07:55:15+00:00,slice_2,upf_8,UPF,55.991,54.866,30.635,0.002082,154.703,0.731831,0,,realistic_mixed
2026-05-11T07:56:15+00:00,slice_1,gnb_1,gNB,74.964401,66.891,124.84716,0.006428,552.477,0.854142,1,cpu_overload,realistic_mixed
2026-05-11T07:56:15+00:00,slice_2,upf_2,UPF,56.146,56.782,30.968,0.003066,256.565,0.690368,0,,realistic_mixed
2026-05-11T07:56:15+00:00,slice_3,router_3,Router,47.733,61.238,9.942,0.003577,269.684,0.74382,0,,realistic_mixed
2026-05-11T07:56:15+00:00,slice_1,service_4,Service,79.763401,54.381,126.54916,0.005098,513.669,0.84503,1,cpu_overload,realistic_mixed
2026-05-11T07:56:15+00:00,slice_2,amf_5,AMF,60.992,62.533,29.903,0.005508,165.842,0.7143,0,,realistic_mixed
2026-05-11T07:56:15+00:00,slice_3,smf_6,SMF,49.075,57.196,26.082,0.013793,386.741,0.910111,0,,realistic_mixed
2026-05-11T07:56:15+00:00,slice_1,gnb_7,gNB,73.063401,46.236,120.98716,0.003675,404.771,0.807315,1,cpu_overload,realistic_mixed
2026-05-11T07:56:15+00:00,slice_2,upf_8,UPF,41.752,54.302,29.88,0.003647,198.458,0.631652,0,,realistic_mixed
2026-05-11T07:57:15+00:00,slice_1,gnb_1,gNB,49.635,50.222,27.119,0.004432,488.92,0.838063,0,,realistic_mixed
2026-05-11T07:57:15+00:00,slice_2,upf_2,UPF,53.725,62.177,31.318,0.002048,161.653,0.718016,0,,realistic_mixed
2026-05-11T07:57:15+00:00,slice_3,router_3,Router,53.612,57.481,13.575,0.002406,347.438,0.782949,0,,realistic_mixed
2026-05-11T07:57:15+00:00,slice_1,service_4,Service,41.372,48.733,22.884,0.003222,401.587,0.799706,0,,realistic_mixed
2026-05-11T07:57:15+00:00,slice_2,amf_5,AMF,62.528,60.432,31.999,0.002926,199.514,0.68456,0,,realistic_mixed
2026-05-11T07:57:15+00:00,slice_3,smf_6,SMF,60.319,55.941,14.574,0.00236,370.592,0.789013,0,,realistic_mixed
2026-05-11T07:57:15+00:00,slice_1,gnb_7,gNB,62.154,60.414,32.564,0.007315,501.046,0.853843,0,,realistic_mixed
2026-05-11T07:57:15+00:00,slice_2,upf_8,UPF,47.086,53.2,34.193,0.004393,96.885,0.57086,0,,realistic_mixed
2026-05-11T07:58:15+00:00,slice_1,gnb_1,gNB,52.49,47.485,18.248,0.003953,490.783,0.725344,0,,realistic_mixed
2026-05-11T07:58:15+00:00,slice_2,upf_2,UPF,45.421,50.601,33.121,0.003191,188.139,0.704402,0,,realistic_mixed
2026-05-11T07:58:15+00:00,slice_3,router_3,Router,42.46,52.914,16.096,0.004749,320.861,0.799363,0,,realistic_mixed
2026-05-11T07:58:15+00:00,slice_1,service_4,Service,53.72,64.833,31.866,0.008717,671.842,0.859705,0,,realistic_mixed
2026-05-11T07:58:15+00:00,slice_2,amf_5,AMF,48.65,54.065,30.497,0.002778,177.267,0.659472,0,,realistic_mixed
2026-05-11T07:58:15+00:00,slice_3,smf_6,SMF,66.436,60.987,17.991,0.004266,528.848,0.814126,0,,realistic_mixed
2026-05-11T07:58:15+00:00,slice_1,gnb_7,gNB,48.977,57.408,20.866,0.003198,595.086,0.78783,0,,realistic_mixed
2026-05-11T07:58:15+00:00,slice_2,upf_8,UPF,47.845,55.926,32.504,0.00397,118.014,0.6885,0,,realistic_mixed
2026-05-11T07:59:15+00:00,slice_1,gnb_1,gNB,56.044,62.149,19.083,0.003388,433.443,0.743828,0,,realistic_mixed
2026-05-11T07:59:15+00:00,slice_2,upf_2,UPF,45.363,54.303,30.984,0.003583,241.868,0.702988,0,,realistic_mixed
2026-05-11T07:59:15+00:00,slice_3,router_3,Router,54.731,54.504,18.451,0.005871,289.953,0.801261,0,,realistic_mixed
2026-05-11T07:59:15+00:00,slice_1,service_4,Service,66.846,58.517,26.283,0.005387,520.666,0.812264,0,,realistic_mixed
2026-05-11T07:59:15+00:00,slice_2,amf_5,AMF,51.953,48.119,32.023,0.002106,49.505,0.650316,0,,realistic_mixed
2026-05-11T07:59:15+00:00,slice_3,smf_6,SMF,53.812,49.018,10.666,0.004477,299.652,0.642535,0,,realistic_mixed
2026-05-11T07:59:15+00:00,slice_1,gnb_7,gNB,43.839,56.788,20.072,0.002176,594.67,0.779188,0,,realistic_mixed
2026-05-11T07:59:15+00:00,slice_2,upf_8,UPF,64.705,69.962,34.025,0.002657,112.176,0.637004,0,,realistic_mixed
2026-05-11T08:00:15+00:00,slice_1,gnb_1,gNB,37.377,50.244,17.191,0.003414,444.439,0.754247,0,,realistic_mixed
2026-05-11T08:00:15+00:00,slice_2,upf_2,UPF,40.332,59.809,29.633,0.004526,190.145,0.618692,0,,realistic_mixed
2026-05-11T08:00:15+00:00,slice_3,router_3,Router,51.886,70.089,13.113,0.002899,254.186,0.745558,0,,realistic_mixed
2026-05-11T08:00:15+00:00,slice_1,service_4,Service,38.585,53.018,19.113,0.002142,533.178,0.763148,0,,realistic_mixed
2026-05-11T08:00:15+00:00,slice_2,amf_5,AMF,53.338,47.845,30.655,0.003728,93.73,0.557063,0,,realistic_mixed
2026-05-11T08:00:15+00:00,slice_3,smf_6,SMF,65.83,46.92,12.234,0.00213,236.092,0.69057,0,,realistic_mixed
2026-05-11T08:00:15+00:00,slice_1,gnb_7,gNB,64.722,61.442,17.747,0.003066,389.372,0.72559,0,,realistic_mixed
2026-05-11T08:00:15+00:00,slice_2,upf_8,UPF,49.483,50.878,31.853,0.00298,192.614,0.615273,0,,realistic_mixed
2026-05-11T08:01:15+00:00,slice_1,gnb_1,gNB,53.536,49.181,28.122,0.009446,435.319,0.827406,0,,realistic_mixed
2026-05-11T08:01:15+00:00,slice_2,upf_2,UPF,61.958,68.692,32.987,0.002035,304.575,0.723193,0,,realistic_mixed
2026-05-11T08:01:15+00:00,slice_3,router_3,Router,52.777,59.778,12.276,0.004584,168.45,0.672209,0,,realistic_mixed
2026-05-11T08:01:15+00:00,slice_1,service_4,Service,37.008,52.106,17.651,0.00566,437.952,0.740005,0,,realistic_mixed
2026-05-11T08:01:15+00:00,slice_2,amf_5,AMF,43.377,45.719,33.188,0.002529,226.6,0.650193,0,,realistic_mixed
2026-05-11T08:01:15+00:00,slice_3,smf_6,SMF,44.377,49.61,10.913,0.005531,389.227,0.734662,0,,realistic_mixed
2026-05-11T08:01:15+00:00,slice_1,gnb_7,gNB,47.304,52.796,17.999,0.005458,458.735,0.751746,0,,realistic_mixed
2026-05-11T08:01:15+00:00,slice_2,upf_8,UPF,60.76,43.723,30.264,0.005363,18.858,0.741901,0,,realistic_mixed
2026-05-11T08:02:15+00:00,slice_1,gnb_1,gNB,56.946,57.977,90.122607,0.005917,403.677413,0.98,1,congestion,realistic_mixed
2026-05-11T08:02:15+00:00,slice_2,upf_2,UPF,51.779,61.485,96.743607,0.004682,156.739287,0.920514,1,congestion,realistic_mixed
2026-05-11T08:02:15+00:00,slice_3,router_3,Router,41.939,45.166,77.458607,0.00433,245.978506,0.933002,1,congestion,realistic_mixed
2026-05-11T08:02:15+00:00,slice_1,service_4,Service,66.093,49.77,95.453607,0.006207,426.506686,0.98,1,congestion,realistic_mixed
2026-05-11T08:02:15+00:00,slice_2,amf_5,AMF,52.396,65.042,36.358,0.002828,255.512,0.77414,0,,realistic_mixed
2026-05-11T08:02:15+00:00,slice_3,smf_6,SMF,64.597,60.521,22.446,0.012273,392.873,0.881383,0,,realistic_mixed
2026-05-11T08:02:15+00:00,slice_1,gnb_7,gNB,47.317,51.595,95.567607,0.007078,270.826264,0.98,1,congestion,realistic_mixed
2026-05-11T08:02:15+00:00,slice_2,upf_8,UPF,48.085,51.235,95.760607,0.002762,188.19811,0.922372,1,congestion,realistic_mixed
2026-05-11T08:03:15+00:00,slice_1,gnb_1,gNB,57.385,54.864,102.158607,0.017894,407.238479,0.98,1,congestion,realistic_mixed
2026-05-11T08:03:15+00:00,slice_2,upf_2,UPF,56.63,60.841,103.946607,0.003769,155.841401,0.98,1,congestion,realistic_mixed
2026-05-11T08:03:15+00:00,slice_3,router_3,Router,47.941,53.604,92.960607,0.016028,351.221816,0.98,1,congestion,realistic_mixed
2026-05-11T08:03:15+00:00,slice_1,service_4,Service,62.96,45.524,97.817607,0.005862,323.086498,0.98,1,congestion,realistic_mixed
2026-05-11T08:03:15+00:00,slice_2,amf_5,AMF,57.555,64.083,29.79,0.002848,244.067,0.608904,0,,realistic_mixed
2026-05-11T08:03:15+00:00,slice_3,smf_6,SMF,65.533,68.81,13.434,0.002225,228.487,0.72729,0,,realistic_mixed
2026-05-11T08:03:15+00:00,slice_1,gnb_7,gNB,51.218,47.256,87.163607,0.003487,350.567742,0.98,1,congestion,realistic_mixed
2026-05-11T08:03:15+00:00,slice_2,upf_8,UPF,60.26,69.331,98.488607,0.007107,85.265547,0.979988,1,congestion,realistic_mixed
2026-05-11T08:04:15+00:00,slice_1,gnb_1,gNB,55.76,67.909,86.712607,0.003909,273.452717,0.98,1,congestion,realistic_mixed
2026-05-11T08:04:15+00:00,slice_2,upf_2,UPF,56.984,56.693,97.197607,0.005273,58.323503,0.944344,1,congestion,realistic_mixed
2026-05-11T08:04:15+00:00,slice_3,router_3,Router,60.848,60.941,81.248607,0.002234,170.853051,0.98,1,congestion,realistic_mixed
2026-05-11T08:04:15+00:00,slice_1,service_4,Service,50.259,61.816,93.163607,0.005409,396.255203,0.98,1,congestion,realistic_mixed
2026-05-11T08:04:15+00:00,slice_2,amf_5,AMF,48.965,61.201,31.32,0.00348,218.069,0.718207,0,,realistic_mixed
2026-05-11T08:04:15+00:00,slice_3,smf_6,SMF,50.369,60.202,14.313,0.005741,270.75,0.798293,0,,realistic_mixed
2026-05-11T08:04:15+00:00,slice_1,gnb_7,gNB,56.71,61.464,91.857607,0.004874,416.731531,0.98,1,congestion,realistic_mixed
2026-05-11T08:04:15+00:00,slice_2,upf_8,UPF,67.705,51.153,101.912607,0.003991,226.961144,0.966473,1,congestion,realistic_mixed
2026-05-11T08:05:15+00:00,slice_1,gnb_1,gNB,47.787,50.5,84.843607,0.005318,231.351329,0.98,1,congestion,realistic_mixed
2026-05-11T08:05:15+00:00,slice_2,upf_2,UPF,52.9,47.14,97.942607,0.003171,120.949669,0.910834,1,congestion,realistic_mixed
2026-05-11T08:05:15+00:00,slice_3,router_3,Router,43.677,46.201,83.220607,0.003627,245.082183,0.98,1,congestion,realistic_mixed
2026-05-11T08:05:15+00:00,slice_1,service_4,Service,56.032,58.442,95.485607,0.007148,416.404104,0.98,1,congestion,realistic_mixed
2026-05-11T08:05:15+00:00,slice_2,amf_5,AMF,57.19,58.563,33.191,0.002403,114.127,0.736862,0,,realistic_mixed
2026-05-11T08:05:15+00:00,slice_3,smf_6,SMF,61.692,68.61,17.059,0.003877,409.678,0.829852,0,,realistic_mixed
2026-05-11T08:05:15+00:00,slice_1,gnb_7,gNB,49.407,59.407,88.812607,0.002912,325.727017,0.98,1,congestion,realistic_mixed
2026-05-11T08:05:15+00:00,slice_2,upf_8,UPF,51.167,54.309,99.355607,0.004893,84.020697,0.906002,1,congestion,realistic_mixed
2026-05-11T08:06:15+00:00,slice_1,gnb_1,gNB,61.351,57.633,96.802607,0.01209,402.287995,0.98,1,congestion,realistic_mixed
2026-05-11T08:06:15+00:00,slice_2,upf_2,UPF,46.95,48.122,97.597607,0.00378,178.658953,0.979165,1,congestion,realistic_mixed
2026-05-11T08:06:15+00:00,slice_3,router_3,Router,37.049,42.878,83.556607,0.003804,257.029768,0.98,1,congestion,realistic_mixed
2026-05-11T08:06:15+00:00,slice_1,service_4,Service,63.381,67.546,103.530607,0.017685,320.873433,0.98,1,congestion,realistic_mixed
2026-05-11T08:06:15+00:00,slice_2,amf_5,AMF,66.907,68.285,33.117,0.004188,280.303,0.72389,0,,realistic_mixed
2026-05-11T08:06:15+00:00,slice_3,smf_6,SMF,52.47,53.48,13.58,0.003367,258.716,0.759124,0,,realistic_mixed
2026-05-11T08:06:15+00:00,slice_1,gnb_7,gNB,44.655,46.843,91.341607,0.002586,384.693654,0.98,1,congestion,realistic_mixed
2026-05-11T08:06:15+00:00,slice_2,upf_8,UPF,53.05,57.139,96.414607,0.002956,151.27539,0.98,1,congestion,realistic_mixed
2026-05-11T08:07:15+00:00,slice_1,gnb_1,gNB,54.641,68.301,92.989607,0.00607,515.370809,0.98,1,congestion,realistic_mixed
2026-05-11T08:07:15+00:00,slice_2,upf_2,UPF,49.094,58.885,98.963607,0.003046,87.292628,0.98,1,congestion,realistic_mixed
2026-05-11T08:07:15+00:00,slice_3,router_3,Router,53.214,61.267,76.936607,0.006263,252.784933,0.98,1,congestion,realistic_mixed
2026-05-11T08:07:15+00:00,slice_1,service_4,Service,56.295,57.224,94.076607,0.007546,329.738199,0.98,1,congestion,realistic_mixed
2026-05-11T08:07:15+00:00,slice_2,amf_5,AMF,50.861,55.622,30.726,0.005024,183.517,0.672712,0,,realistic_mixed
2026-05-11T08:07:15+00:00,slice_3,smf_6,SMF,57.422,63.571,16.706,0.002736,295.927,0.788524,0,,realistic_mixed
2026-05-11T08:07:15+00:00,slice_1,gnb_7,gNB,68.639,63.299,102.270607,0.012949,422.13213,0.98,1,congestion,realistic_mixed
2026-05-11T08:07:15+00:00,slice_2,upf_8,UPF,62.034,53.052,96.984607,0.005319,149.825019,0.98,1,congestion,realistic_mixed
2026-05-11T08:08:15+00:00,slice_1,gnb_1,gNB,48.879,63.405,90.814607,0.002541,466.863096,0.98,1,congestion,realistic_mixed
2026-05-11T08:08:15+00:00,slice_2,upf_2,UPF,70.157,63.975,103.575607,0.003831,116.738436,0.926828,1,congestion,realistic_mixed
2026-05-11T08:08:15+00:00,slice_3,router_3,Router,52.783,48.541,83.017607,0.003682,256.968034,0.98,1,congestion,realistic_mixed
2026-05-11T08:08:15+00:00,slice_1,service_4,Service,59.161,57.21,91.996607,0.004944,268.724945,0.98,1,congestion,realistic_mixed
2026-05-11T08:08:15+00:00,slice_2,amf_5,AMF,49.311,56.29,30.683,0.002498,174.905,0.71765,0,,realistic_mixed
2026-05-11T08:08:15+00:00,slice_3,smf_6,SMF,45.077,59.605,15.387,0.003088,272.477,0.787274,0,,realistic_mixed
2026-05-11T08:08:15+00:00,slice_1,gnb_7,gNB,53.526,52.759,94.820607,0.006677,427.342837,0.98,1,congestion,realistic_mixed
2026-05-11T08:08:15+00:00,slice_2,upf_8,UPF,67.91,72.691,100.461607,0.00218,163.75905,0.9185,1,congestion,realistic_mixed
2026-05-11T08:09:15+00:00,slice_1,gnb_1,gNB,57.905,59.951,91.263607,0.005617,455.024914,0.98,1,congestion,realistic_mixed
2026-05-11T08:09:15+00:00,slice_2,upf_2,UPF,48.255,69.792,97.043607,0.004196,203.694259,0.910275,1,congestion,realistic_mixed
2026-05-11T08:09:15+00:00,slice_3,router_3,Router,49.096,61.416,85.754607,0.009427,229.693874,0.98,1,congestion,realistic_mixed
2026-05-11T08:09:15+00:00,slice_1,service_4,Service,52.907,51.044,89.018607,0.003453,286.621708,0.98,1,congestion,realistic_mixed
2026-05-11T08:09:15+00:00,slice_2,amf_5,AMF,48.564,54.942,29.913,0.003089,218.963,0.68593,0,,realistic_mixed
2026-05-11T08:09:15+00:00,slice_3,smf_6,SMF,58.901,65.992,13.696,0.003667,272.983,0.781598,0,,realistic_mixed
2026-05-11T08:09:15+00:00,slice_1,gnb_7,gNB,64.82,58.718,91.390607,0.004721,395.656612,0.98,1,congestion,realistic_mixed
2026-05-11T08:09:15+00:00,slice_2,upf_8,UPF,58.731,54.278,100.108607,0.005589,200.421547,0.98,1,congestion,realistic_mixed
2026-05-11T08:10:15+00:00,slice_1,gnb_1,gNB,51.322,52.636,98.119607,0.012882,446.442251,0.98,1,congestion,realistic_mixed
2026-05-11T08:10:15+00:00,slice_2,upf_2,UPF,51.989,63.991,101.362607,0.002623,170.425598,0.98,1,congestion,realistic_mixed
2026-05-11T08:10:15+00:00,slice_3,router_3,Router,53.329,52.329,88.671607,0.010739,300.781578,0.98,1,congestion,realistic_mixed
2026-05-11T08:10:15+00:00,slice_1,service_4,Service,57.229,60.035,97.901607,0.009963,467.632824,0.98,1,congestion,realistic_mixed
2026-05-11T08:10:15+00:00,slice_2,amf_5,AMF,56.961,60.684,30.326,0.003717,230.897,0.750384,0,,realistic_mixed
2026-05-11T08:10:15+00:00,slice_3,smf_6,SMF,63.05,65.194,11.368,0.005804,435.213,0.745874,0,,realistic_mixed
2026-05-11T08:10:15+00:00,slice_1,gnb_7,gNB,55.561,63.435,95.257607,0.006951,390.387297,0.98,1,congestion,realistic_mixed
2026-05-11T08:10:15+00:00,slice_2,upf_8,UPF,70.046,67.169,105.133607,0.004041,232.389094,0.934787,1,congestion,realistic_mixed
2026-05-11T08:11:15+00:00,slice_1,gnb_1,gNB,49.364,58.786,94.243607,0.005966,305.596871,0.98,1,congestion,realistic_mixed
2026-05-11T08:11:15+00:00,slice_2,upf_2,UPF,44.455,48.532,97.416607,0.002314,119.878301,0.98,1,congestion,realistic_mixed
2026-05-11T08:11:15+00:00,slice_3,router_3,Router,55.365,57.115,93.068607,0.012789,300.257225,0.98,1,congestion,realistic_mixed
2026-05-11T08:11:15+00:00,slice_1,service_4,Service,57.2,60.214,94.554607,0.006057,258.786467,0.98,1,congestion,realistic_mixed
2026-05-11T08:11:15+00:00,slice_2,amf_5,AMF,58.272,59.282,31.207,0.004048,195.769,0.710856,0,,realistic_mixed
2026-05-11T08:11:15+00:00,slice_3,smf_6,SMF,80.624,68.409,43.137,0.005089,463.8,0.842825,0,,realistic_mixed
2026-05-11T08:11:15+00:00,slice_1,gnb_7,gNB,60.44,67.157,91.674607,0.005049,369.637461,0.98,1,congestion,realistic_mixed
2026-05-11T08:11:15+00:00,slice_2,upf_8,UPF,61.248,64.121,97.734607,0.004419,158.251392,0.870812,1,congestion,realistic_mixed
2026-05-11T08:12:15+00:00,slice_1,gnb_1,gNB,64.433,70.015,94.126607,0.005065,368.590318,0.98,1,congestion,realistic_mixed
2026-05-11T08:12:15+00:00,slice_2,upf_2,UPF,63.09,57.725,97.802607,0.002145,228.437303,0.976603,1,congestion,realistic_mixed
2026-05-11T08:12:15+00:00,slice_3,router_3,Router,54.001,53.674,83.144607,0.003403,95.164952,0.98,1,congestion,realistic_mixed
2026-05-11T08:12:15+00:00,slice_1,service_4,Service,56.708,55.754,94.629607,0.007144,370.470486,0.98,1,congestion,realistic_mixed
2026-05-11T08:12:15+00:00,slice_2,amf_5,AMF,57.953,59.028,31.751,0.004215,237.698,0.742041,0,,realistic_mixed
2026-05-11T08:12:15+00:00,slice_3,smf_6,SMF,42.683,53.274,28.206,0.020403,436.899,0.940442,0,,realistic_mixed
2026-05-11T08:12:15+00:00,slice_1,gnb_7,gNB,67.279,61.084,93.423607,0.003265,357.296806,0.98,1,congestion,realistic_mixed
2026-05-11T08:12:15+00:00,slice_2,upf_8,UPF,60.201,58.322,98.561607,0.003313,100.370971,0.884188,1,congestion,realistic_mixed
2026-05-11T08:13:15+00:00,slice_1,gnb_1,gNB,76.002,70.971,108.986607,0.005392,443.591522,0.98,1,congestion,realistic_mixed
2026-05-11T08:13:15+00:00,slice_2,upf_2,UPF,48.748,59.986,98.900607,0.004266,146.22488,0.98,1,congestion,realistic_mixed
2026-05-11T08:13:15+00:00,slice_3,router_3,Router,37.077,46.824,79.205607,0.002417,269.987768,0.98,1,congestion,realistic_mixed
2026-05-11T08:13:15+00:00,slice_1,service_4,Service,58.264,74.211,104.873607,0.020692,438.768414,0.98,1,congestion,realistic_mixed
2026-05-11T08:13:15+00:00,slice_2,amf_5,AMF,75.176,77.136,45.959,0.002681,250.158,0.75435,0,,realistic_mixed
2026-05-11T08:13:15+00:00,slice_3,smf_6,SMF,38.546,54.753,15.224,0.003812,244.72,0.794752,0,,realistic_mixed
2026-05-11T08:13:15+00:00,slice_1,gnb_7,gNB,52.582,68.136,87.597607,0.006527,483.211807,0.98,1,congestion,realistic_mixed
2026-05-11T08:13:15+00:00,slice_2,upf_8,UPF,57.645,60.896,98.085607,0.003895,125.446912,0.947376,1,congestion,realistic_mixed
2026-05-11T08:14:15+00:00,slice_1,gnb_1,gNB,37.465,60.722,26.728,0.007656,477.971,0.837767,0,,realistic_mixed
2026-05-11T08:14:15+00:00,slice_2,upf_2,UPF,59.986,62.511,32.532,0.002555,110.372,0.644192,0,,realistic_mixed
2026-05-11T08:14:15+00:00,slice_3,router_3,Router,51.674,54.295,11.275,0.003093,255.277,0.745178,0,,realistic_mixed
2026-05-11T08:14:15+00:00,slice_1,service_4,Service,46.846,58.838,22.887,0.003677,657.975,0.800542,0,,realistic_mixed
2026-05-11T08:14:15+00:00,slice_2,amf_5,AMF,47.869,42.868,31.597,0.004758,207.886,0.607036,0,,realistic_mixed
2026-05-11T08:14:15+00:00,slice_3,smf_6,SMF,51.292,47.215,11.416,0.002199,542.452,0.69338,0,,realistic_mixed
2026-05-11T08:14:15+00:00,slice_1,gnb_7,gNB,53.505,61.598,23.758,0.002568,420.894,0.820003,0,,realistic_mixed
2026-05-11T08:14:15+00:00,slice_2,upf_8,UPF,55.741,54.274,31.054,0.002489,203.52,0.642782,0,,realistic_mixed
2026-05-11T08:15:15+00:00,slice_1,gnb_1,gNB,52.904,53.333,25.623,0.004883,544.791,0.831242,0,,realistic_mixed
2026-05-11T08:15:15+00:00,slice_2,upf_2,UPF,37.972,51.413,32.053,0.003782,179.3,0.670288,0,,realistic_mixed
2026-05-11T08:15:15+00:00,slice_3,router_3,Router,60.953,57.23,11.181,0.003504,394.171,0.696515,0,,realistic_mixed
2026-05-11T08:15:15+00:00,slice_1,service_4,Service,47.303,47.755,22.486,0.006679,395.013,0.799135,0,,realistic_mixed
2026-05-11T08:15:15+00:00,slice_2,amf_5,AMF,59.023,48.509,31.662,0.00442,192.337,0.599923,0,,realistic_mixed
2026-05-11T08:15:15+00:00,slice_3,smf_6,SMF,60.181,59.015,10.497,0.003867,472.895,0.717295,0,,realistic_mixed
2026-05-11T08:15:15+00:00,slice_1,gnb_7,gNB,58.247,58.738,23.253,0.002676,472.875,0.791228,0,,realistic_mixed
2026-05-11T08:15:15+00:00,slice_2,upf_8,UPF,52.664,54.474,32.025,0.002731,270.52,0.580626,0,,realistic_mixed
2026-05-11T08:16:15+00:00,slice_1,gnb_1,gNB,58.383,63.936,20.874,0.002114,538.366,0.748266,0,,realistic_mixed
2026-05-11T08:16:15+00:00,slice_2,upf_2,UPF,52.654,52.52,33.429,0.004803,148.637,0.654552,0,,realistic_mixed
2026-05-11T08:16:15+00:00,slice_3,router_3,Router,56.368,56.004,12.243,0.002011,458.612,0.766933,0,,realistic_mixed
2026-05-11T08:16:15+00:00,slice_1,service_4,Service,37.828,36.554,24.055,0.004369,625.949,0.828438,0,,realistic_mixed
2026-05-11T08:16:15+00:00,slice_2,amf_5,AMF,69.192,70.976,37.857,0.002547,334.781,0.710785,0,,realistic_mixed
2026-05-11T08:16:15+00:00,slice_3,smf_6,SMF,53.127,49.095,14.117,0.002928,358.647,0.759022,0,,realistic_mixed
2026-05-11T08:16:15+00:00,slice_1,gnb_7,gNB,61.292,66.444,18.474,0.003346,343.139,0.698596,0,,realistic_mixed
2026-05-11T08:16:15+00:00,slice_2,upf_8,UPF,53.049,49.309,33.362,0.00383,183.278,0.684416,0,,realistic_mixed
2026-05-11T08:17:15+00:00,slice_1,gnb_1,gNB,54.584,57.656,30.517,0.009441,545.74,0.88186,0,,realistic_mixed
2026-05-11T08:17:15+00:00,slice_2,upf_2,UPF,55.055,62.416,30.888,0.004649,84.656,0.739303,0,,realistic_mixed
2026-05-11T08:17:15+00:00,slice_3,router_3,Router,58.351,72.989,11.754,0.00502,227.053,0.676338,0,,realistic_mixed
2026-05-11T08:17:15+00:00,slice_1,service_4,Service,41.956,58.127,22.904,0.004126,448.652,0.789036,0,,realistic_mixed
2026-05-11T08:17:15+00:00,slice_2,amf_5,AMF,39.343,54.417,33.289,0.0045,208.495,0.75586,0,,realistic_mixed
2026-05-11T08:17:15+00:00,slice_3,smf_6,SMF,58.764,57.371,16.637,0.005211,357.301,0.776476,0,,realistic_mixed
2026-05-11T08:17:15+00:00,slice_1,gnb_7,gNB,45.202,50.817,26.771,0.003244,560.885,0.771707,0,,realistic_mixed
2026-05-11T08:17:15+00:00,slice_2,upf_8,UPF,51.828,48.303,34.815,0.003862,332.448,0.762225,0,,realistic_mixed
2026-05-11T08:18:15+00:00,slice_1,gnb_1,gNB,51.839,49.271,23.586,0.00433,490.903,0.802431,0,,realistic_mixed
2026-05-11T08:18:15+00:00,slice_2,upf_2,UPF,40.532,50.348,31.536,0.002648,151.121,0.667468,0,,realistic_mixed
2026-05-11T08:18:15+00:00,slice_3,router_3,Router,36.772,53.632,10.319,0.007224,273.258,0.657852,0,,realistic_mixed
2026-05-11T08:18:15+00:00,slice_1,service_4,Service,54.192,66.825,23.214,0.004524,423.605,0.800425,0,,realistic_mixed
2026-05-11T08:18:15+00:00,slice_2,amf_5,AMF,59.7,47.208,29.785,0.002725,161.106,0.613653,0,,realistic_mixed
2026-05-11T08:18:15+00:00,slice_3,smf_6,SMF,44.975,69.483,12.709,0.002049,279.815,0.695482,0,,realistic_mixed
2026-05-11T08:18:15+00:00,slice_1,gnb_7,gNB,56.544,59.27,27.287,0.00439,500.966,0.838127,0,,realistic_mixed
2026-05-11T08:18:15+00:00,slice_2,upf_8,UPF,43.559,57.471,30.926,0.003206,275.515,0.683072,0,,realistic_mixed
2026-05-11T08:19:15+00:00,slice_1,gnb_1,gNB,42.492,48.005,23.022,0.003861,402.139,0.808235,0,,realistic_mixed
2026-05-11T08:19:15+00:00,slice_2,upf_2,UPF,51.11,54.638,31.631,0.005425,217.393,0.660234,0,,realistic_mixed
2026-05-11T08:19:15+00:00,slice_3,router_3,Router,51.157,58.901,14.288,0.004203,333.502,0.773455,0,,realistic_mixed
2026-05-11T08:19:15+00:00,slice_1,service_4,Service,45.679,52.396,25.119,0.00361,448.878,0.829791,0,,realistic_mixed
2026-05-11T08:19:15+00:00,slice_2,amf_5,AMF,62.804,62.548,33.425,0.002552,188.76,0.712209,0,,realistic_mixed
2026-05-11T08:19:15+00:00,slice_3,smf_6,SMF,40.319,56.642,12.357,0.002917,423.489,0.772532,0,,realistic_mixed
2026-05-11T08:19:15+00:00,slice_1,gnb_7,gNB,58.257,64.04,18.151,0.00385,492.975,0.762708,0,,realistic_mixed
2026-05-11T08:19:15+00:00,slice_2,upf_8,UPF,55.844,52.049,30.569,0.005943,240.828,0.689729,0,,realistic_mixed
2026-05-11T08:20:15+00:00,slice_1,gnb_1,gNB,54.269,63.722,25.261,0.003545,587.607,0.816673,0,,realistic_mixed
2026-05-11T08:20:15+00:00,slice_2,upf_2,UPF,65.055,61.313,31.355,0.002245,271.635,0.702207,0,,realistic_mixed
2026-05-11T08:20:15+00:00,slice_3,router_3,Router,49.26,52.454,10.837,0.004815,268.184,0.720754,0,,realistic_mixed
2026-05-11T08:20:15+00:00,slice_1,service_4,Service,45.908,59.985,17.45,0.003598,467.835,0.746842,0,,realistic_mixed
2026-05-11T08:20:15+00:00,slice_2,amf_5,AMF,56.123,54.864,31.178,0.002709,263.344,0.70774,0,,realistic_mixed
2026-05-11T08:20:15+00:00,slice_3,smf_6,SMF,53.225,59.98,10.487,0.002806,359.308,0.727803,0,,realistic_mixed
2026-05-11T08:20:15+00:00,slice_1,gnb_7,gNB,54.402,64.249,18.614,0.005071,457.722,0.761355,0,,realistic_mixed
2026-05-11T08:20:15+00:00,slice_2,upf_8,UPF,49.711,52.104,31.947,0.004463,117.314,0.603202,0,,realistic_mixed
2026-05-11T08:21:15+00:00,slice_1,gnb_1,gNB,45.8,66.991,20.726,0.003557,455.349,0.774982,0,,realistic_mixed
2026-05-11T08:21:15+00:00,slice_2,upf_2,UPF,65.592,61.211,33.043,0.002466,194.656,0.732179,0,,realistic_mixed
2026-05-11T08:21:15+00:00,slice_3,router_3,Router,59.405,55.548,17.515,0.004087,316.908,0.82948,0,,realistic_mixed
2026-05-11T08:21:15+00:00,slice_1,service_4,Service,49.001,59.605,22.565,0.003137,510.731,0.793042,0,,realistic_mixed
2026-05-11T08:21:15+00:00,slice_2,amf_5,AMF,50.901,54.199,33.041,0.003068,269.247,0.588289,0,,realistic_mixed
2026-05-11T08:21:15+00:00,slice_3,smf_6,SMF,51.948,48.847,12.26,0.003125,474.581,0.679731,0,,realistic_mixed
2026-05-11T08:21:15+00:00,slice_1,gnb_7,gNB,56.155,60.187,26.645,0.009884,425.786,0.854406,0,,realistic_mixed
2026-05-11T08:21:15+00:00,slice_2,upf_8,UPF,47.649,66.167,32.329,0.00349,246.887,0.620409,0,,realistic_mixed
2026-05-11T08:22:15+00:00,slice_1,gnb_1,gNB,47.735,63.763,24.523,0.004078,396.476,0.822247,0,,realistic_mixed
2026-05-11T08:22:15+00:00,slice_2,upf_2,UPF,48.211,51.866,30.991,0.00363,157.13,0.730528,0,,realistic_mixed
2026-05-11T08:22:15+00:00,slice_3,router_3,Router,50.639,57.657,12.476,0.002556,485.701,0.770873,0,,realistic_mixed
2026-05-11T08:22:15+00:00,slice_1,service_4,Service,66.808,68.815,24.829,0.00232,469.211,0.790281,0,,realistic_mixed
2026-05-11T08:22:15+00:00,slice_2,amf_5,AMF,55.599,59.295,34.078,0.003293,139.016,0.765748,0,,realistic_mixed
2026-05-11T08:22:15+00:00,slice_3,smf_6,SMF,46.657,61.167,10.098,0.002883,258.225,0.679689,0,,realistic_mixed
2026-05-11T08:22:15+00:00,slice_1,gnb_7,gNB,60.307,69.547,18.336,0.003659,441.921,0.658381,0,,realistic_mixed
2026-05-11T08:22:15+00:00,slice_2,upf_8,UPF,42.272,58.68,30.371,0.003808,164.58,0.586613,0,,realistic_mixed
2026-05-11T08:23:15+00:00,slice_1,gnb_1,gNB,50.377,52.81,18.594,0.003005,577.851,0.763136,0,,realistic_mixed
2026-05-11T08:23:15+00:00,slice_2,upf_2,UPF,51.257,49.38,30.909,0.00452,199.983,0.653424,0,,realistic_mixed
2026-05-11T08:23:15+00:00,slice_3,router_3,Router,63.41,45.969,18.834,0.002855,270.854,0.818397,0,,realistic_mixed
2026-05-11T08:23:15+00:00,slice_1,service_4,Service,43.918,48.14,20.97,0.002682,523.428,0.762734,0,,realistic_mixed
2026-05-11T08:23:15+00:00,slice_2,amf_5,AMF,56.54,48.713,34.515,0.002585,178.49,0.743552,0,,realistic_mixed
2026-05-11T08:23:15+00:00,slice_3,smf_6,SMF,57.275,48.863,18.179,0.005273,356.313,0.836387,0,,realistic_mixed
2026-05-11T08:23:15+00:00,slice_1,gnb_7,gNB,50.721,58.947,29.075,0.0031,418.395,0.8224,0,,realistic_mixed
2026-05-11T08:23:15+00:00,slice_2,upf_8,UPF,55.911,54.651,31.35,0.003576,344.831,0.637332,0,,realistic_mixed
2026-05-11T08:24:15+00:00,slice_1,gnb_1,gNB,58.51,54.165,27.501,0.008513,501.674,0.848072,0,,realistic_mixed
2026-05-11T08:24:15+00:00,slice_2,upf_2,UPF,64.664,57.885,32.094,0.006467,146.566,0.562592,0,,realistic_mixed
2026-05-11T08:24:15+00:00,slice_3,router_3,Router,58.477,58.206,12.408,0.002808,338.149,0.731077,0,,realistic_mixed
2026-05-11T08:24:15+00:00,slice_1,service_4,Service,51.162,66.828,18.599,0.003411,494.293,0.734492,0,,realistic_mixed
2026-05-11T08:24:15+00:00,slice_2,amf_5,AMF,54.14,57.685,32.26,0.007539,148.277,0.595897,0,,realistic_mixed
2026-05-11T08:24:15+00:00,slice_3,smf_6,SMF,65.417,58.789,19.832,0.00445,504.164,0.833426,0,,realistic_mixed
2026-05-11T08:24:15+00:00,slice_1,gnb_7,gNB,65.386,55.624,31.258,0.010169,643.87,0.883372,0,,realistic_mixed
2026-05-11T08:24:15+00:00,slice_2,upf_8,UPF,62.265,72.832,33.716,0.002085,170.632,0.698698,0,,realistic_mixed
2026-05-11T08:25:15+00:00,slice_1,gnb_1,gNB,42.161,57.928,28.67,0.005876,573.918,0.846898,0,,realistic_mixed
2026-05-11T08:25:15+00:00,slice_2,upf_2,UPF,60.126,75.715,31.184,0.002014,282.63,0.697053,0,,realistic_mixed
2026-05-11T08:25:15+00:00,slice_3,router_3,Router,66.671,57.922,14.965,0.003118,451.179,0.716491,0,,realistic_mixed
2026-05-11T08:25:15+00:00,slice_1,service_4,Service,43.969,57.025,17.071,0.002435,371.676,0.677469,0,,realistic_mixed
2026-05-11T08:25:15+00:00,slice_2,amf_5,AMF,66.61,69.376,34.311,0.003743,236.843,0.63608,0,,realistic_mixed
2026-05-11T08:25:15+00:00,slice_3,smf_6,SMF,48.039,46.873,10.395,0.00358,525.945,0.694258,0,,realistic_mixed
2026-05-11T08:25:15+00:00,slice_1,gnb_7,gNB,48.404,48.005,17.157,0.006268,554.117,0.729602,0,,realistic_mixed
2026-05-11T08:25:15+00:00,slice_2,upf_8,UPF,62.453,65.531,36.71,0.002599,233.335,0.80336,0,,realistic_mixed
2026-05-11T08:26:15+00:00,slice_1,gnb_1,gNB,52.152,61.785,21.483,0.002887,482.073,0.77849,0,,realistic_mixed
2026-05-11T08:26:15+00:00,slice_2,upf_2,UPF,61.817,63.542,32.166,0.00211,214.717,0.722189,0,,realistic_mixed
2026-05-11T08:26:15+00:00,slice_3,router_3,Router,58.493,52.985,19.338,0.005873,421.24,0.8318,0,,realistic_mixed
2026-05-11T08:26:15+00:00,slice_1,service_4,Service,56.038,57.078,21.94,0.002079,595.689,0.777967,0,,realistic_mixed
2026-05-11T08:26:15+00:00,slice_2,amf_5,AMF,46.854,61.78,30.915,0.007802,315.205,0.553695,0,,realistic_mixed
2026-05-11T08:26:15+00:00,slice_3,smf_6,SMF,56.885,57.226,17.31,0.004378,480.12,0.803317,0,,realistic_mixed
2026-05-11T08:26:15+00:00,slice_1,gnb_7,gNB,55.383,63.07,18.961,0.003066,385.905,0.766365,0,,realistic_mixed
2026-05-11T08:26:15+00:00,slice_2,upf_8,UPF,58.132,45.536,33.378,0.003529,265.675,0.653736,0,,realistic_mixed
2026-05-11T08:27:15+00:00,slice_1,gnb_1,gNB,45.051,58.174,24.232,0.003464,579.349,0.828125,0,,realistic_mixed
2026-05-11T08:27:15+00:00,slice_2,upf_2,UPF,50.954,58.662,31.041,0.006395,161.604,0.646478,0,,realistic_mixed
2026-05-11T08:27:15+00:00,slice_3,router_3,Router,51.059,47.259,15.048,0.004185,353.01,0.721328,0,,realistic_mixed
2026-05-11T08:27:15+00:00,slice_1,service_4,Service,51.684,42.488,22.949,0.003354,625.113,0.780889,0,,realistic_mixed
2026-05-11T08:27:15+00:00,slice_2,amf_5,AMF,55.849,64.487,29.9,0.002617,170.275,0.71834,0,,realistic_mixed
2026-05-11T08:27:15+00:00,slice_3,smf_6,SMF,38.979,52.382,18.256,0.002059,594.224,0.818561,0,,realistic_mixed
2026-05-11T08:27:15+00:00,slice_1,gnb_7,gNB,48.28,49.239,23.72,0.003508,540.466,0.795651,0,,realistic_mixed
2026-05-11T08:27:15+00:00,slice_2,upf_8,UPF,56.944,49.532,30.85,0.002544,160.132,0.648337,0,,realistic_mixed
2026-05-11T08:28:15+00:00,slice_1,gnb_1,gNB,71.653,54.522,34.728,0.003732,619.876,0.811478,0,,realistic_mixed
2026-05-11T08:28:15+00:00,slice_2,upf_2,UPF,64.548,59.396,30.606,0.004503,37.181,0.571079,0,,realistic_mixed
2026-05-11T08:28:15+00:00,slice_3,router_3,Router,48.681,45.349,19.919,0.005589,481.842,0.825574,0,,realistic_mixed
2026-05-11T08:28:15+00:00,slice_1,service_4,Service,45.629,52.59,21.2,0.003189,614.705,0.787879,0,,realistic_mixed
2026-05-11T08:28:15+00:00,slice_2,amf_5,AMF,54.752,49.02,30.481,0.002287,245.231,0.596909,0,,realistic_mixed
2026-05-11T08:28:15+00:00,slice_3,smf_6,SMF,62.322,64.093,13.102,0.002226,455.445,0.780147,0,,realistic_mixed
2026-05-11T08:28:15+00:00,slice_1,gnb_7,gNB,58.692,45.002,27.16,0.007121,485.868,0.836727,0,,realistic_mixed
2026-05-11T08:28:15+00:00,slice_2,upf_8,UPF,43.149,54.346,33.134,0.002109,134.55,0.636496,0,,realistic_mixed
2026-05-11T08:29:15+00:00,slice_1,gnb_1,gNB,43.866,51.048,26.864,0.005669,509.083,0.842519,0,,realistic_mixed
2026-05-11T08:29:15+00:00,slice_2,upf_2,UPF,69.55,64.454,42.519,0.003152,339.861,0.800677,0,,realistic_mixed
2026-05-11T08:29:15+00:00,slice_3,router_3,Router,51.606,60.558,18.362,0.004836,226.109,0.834793,0,,realistic_mixed
2026-05-11T08:29:15+00:00,slice_1,service_4,Service,49.395,45.703,18.229,0.003331,527.163,0.751005,0,,realistic_mixed
2026-05-11T08:29:15+00:00,slice_2,amf_5,AMF,51.553,54.187,31.025,0.002983,225.965,0.681284,0,,realistic_mixed
2026-05-11T08:29:15+00:00,slice_3,smf_6,SMF,55.183,63.082,13.256,0.00458,532.631,0.775832,0,,realistic_mixed
2026-05-11T08:29:15+00:00,slice_1,gnb_7,gNB,38.873,47.592,24.543,0.003914,608.586,0.814965,0,,realistic_mixed
2026-05-11T08:29:15+00:00,slice_2,upf_8,UPF,58.046,60.201,31.373,0.004791,141.252,0.593244,0,,realistic_mixed
2026-05-11T08:30:15+00:00,slice_1,gnb_1,gNB,61.705,52.534,26.246,0.005787,570.933,0.837664,0,,realistic_mixed
2026-05-11T08:30:15+00:00,slice_2,upf_2,UPF,59.774,51.977,31.614,0.004069,248.321,0.692317,0,,realistic_mixed
2026-05-11T08:30:15+00:00,slice_3,router_3,Router,47.076,52.37,10.69,0.002262,325.194,0.574789,0,,realistic_mixed
2026-05-11T08:30:15+00:00,slice_1,service_4,Service,47.724,51.017,18.142,0.005088,512.266,0.751171,0,,realistic_mixed
2026-05-11T08:30:15+00:00,slice_2,amf_5,AMF,62.866,57.323,31.256,0.002769,225.998,0.644503,0,,realistic_mixed
2026-05-11T08:30:15+00:00,slice_3,smf_6,SMF,63.716,55.624,16.868,0.002702,343.056,0.790091,0,,realistic_mixed
2026-05-11T08:30:15+00:00,slice_1,gnb_7,gNB,53.775,53.864,21.513,0.00361,622.855,0.797577,0,,realistic_mixed
2026-05-11T08:30:15+00:00,slice_2,upf_8,UPF,54.1,56.546,29.494,0.003222,182.749,0.712358,0,,realistic_mixed
2026-05-11T08:31:15+00:00,slice_1,gnb_1,gNB,42.968,49.919,23.567,0.003804,417.012,0.807271,0,,realistic_mixed
2026-05-11T08:31:15+00:00,slice_2,upf_2,UPF,54.2,46.546,29.88,0.002919,245.422,0.70486,0,,realistic_mixed
2026-05-11T08:31:15+00:00,slice_3,router_3,Router,53.204,52.139,15.417,0.004523,413.825,0.797504,0,,realistic_mixed
2026-05-11T08:31:15+00:00,slice_1,service_4,Service,57.154,61.863,29.218,0.007055,630.939,0.85816,0,,realistic_mixed
2026-05-11T08:31:15+00:00,slice_2,amf_5,AMF,51.546,57.245,35.57,0.00328,217.664,0.794131,0,,realistic_mixed
2026-05-11T08:31:15+00:00,slice_3,smf_6,SMF,42.897,45.362,11.288,0.003898,156.139,0.622973,0,,realistic_mixed
2026-05-11T08:31:15+00:00,slice_1,gnb_7,gNB,48.232,50.047,26.707,0.006635,455.76,0.84518,0,,realistic_mixed
2026-05-11T08:31:15+00:00,slice_2,upf_8,UPF,65.419,61.99,32.712,0.003741,217.877,0.687963,0,,realistic_mixed
2026-05-11T08:32:15+00:00,slice_1,gnb_1,gNB,58.648,59.258,17.201,0.002009,589.959,0.641595,0,,realistic_mixed
2026-05-11T08:32:15+00:00,slice_2,upf_2,UPF,62.581,64.865,31.134,0.005826,240.896,0.612458,0,,realistic_mixed
2026-05-11T08:32:15+00:00,slice_3,router_3,Router,45.839,40.61,12.513,0.005383,227.949,0.781559,0,,realistic_mixed
2026-05-11T08:32:15+00:00,slice_1,service_4,Service,49.265,56.014,29.125,0.010235,480.856,0.855744,0,,realistic_mixed
2026-05-11T08:32:15+00:00,slice_2,amf_5,AMF,58.911,57.323,30.18,0.003287,113.965,0.718143,0,,realistic_mixed
2026-05-11T08:32:15+00:00,slice_3,smf_6,SMF,38.927,46.945,10.778,0.002461,499.019,0.750909,0,,realistic_mixed
2026-05-11T08:32:15+00:00,slice_1,gnb_7,gNB,60.84,51.743,31.38,0.010268,552.938,0.88494,0,,realistic_mixed
2026-05-11T08:32:15+00:00,slice_2,upf_8,UPF,61.283,50.182,30.598,0.004131,191.775,0.730851,0,,realistic_mixed
2026-05-11T08:33:15+00:00,slice_1,gnb_1,gNB,62.177,59.245,24.685,0.003221,436.556,0.818539,0,,realistic_mixed
2026-05-11T08:33:15+00:00,slice_2,upf_2,UPF,62.838,58.001,31.583,0.004285,253.372,0.702876,0,,realistic_mixed
2026-05-11T08:33:15+00:00,slice_3,router_3,Router,50.749,47.563,12.404,0.0036,528.09,0.73518,0,,realistic_mixed
2026-05-11T08:33:15+00:00,slice_1,service_4,Service,57.263,50.436,21.047,0.002974,524.87,0.66951,0,,realistic_mixed
2026-05-11T08:33:15+00:00,slice_2,amf_5,AMF,57.015,59.618,30.353,0.004288,339.718,0.714853,0,,realistic_mixed
2026-05-11T08:33:15+00:00,slice_3,smf_6,SMF,56.538,58.821,11.144,0.003079,358.169,0.693527,0,,realistic_mixed
2026-05-11T08:33:15+00:00,slice_1,gnb_7,gNB,42.735,54.525,18.162,0.002252,649.518,0.744743,0,,realistic_mixed
2026-05-11T08:33:15+00:00,slice_2,upf_8,UPF,59.791,65.176,33.295,0.00368,248.574,0.651343,0,,realistic_mixed
2026-05-11T08:34:15+00:00,slice_1,gnb_1,gNB,45.508,55.142,34.417,0.015267,597.814,0.914117,0,,realistic_mixed
2026-05-11T08:34:15+00:00,slice_2,upf_2,UPF,42.882,51.718,30.297,0.006504,274.532,0.658036,0,,realistic_mixed
2026-05-11T08:34:15+00:00,slice_3,router_3,Router,60.947,51.796,18.082,0.003047,285.767,0.811429,0,,realistic_mixed
2026-05-11T08:34:15+00:00,slice_1,service_4,Service,62.956,71.238,20.816,0.002687,401.453,0.774461,0,,realistic_mixed
2026-05-11T08:34:15+00:00,slice_2,amf_5,AMF,52.858,47.737,32.15,0.003839,230.605,0.752514,0,,realistic_mixed
2026-05-11T08:34:15+00:00,slice_3,smf_6,SMF,69.123,66.756,20.723,0.00248,376.812,0.791056,0,,realistic_mixed
2026-05-11T08:34:15+00:00,slice_1,gnb_7,gNB,54.613,52.538,28.966,0.006594,546.181,0.836657,0,,realistic_mixed
2026-05-11T08:34:15+00:00,slice_2,upf_8,UPF,50.601,58.636,31.38,0.002694,179.45,0.675544,0,,realistic_mixed
2026-05-11T08:35:15+00:00,slice_1,gnb_1,gNB,48.212,55.56,27.486,0.003063,525.933,0.826351,0,,realistic_mixed
2026-05-11T08:35:15+00:00,slice_2,upf_2,UPF,50.533,58.712,29.74,0.006461,206.3,0.681642,0,,realistic_mixed
2026-05-11T08:35:15+00:00,slice_3,router_3,Router,51.319,61.474,12.34,0.003571,263.861,0.769019,0,,realistic_mixed
2026-05-11T08:35:15+00:00,slice_1,service_4,Service,44.606,54.034,19.562,0.003203,594.3,0.723685,0,,realistic_mixed
2026-05-11T08:35:15+00:00,slice_2,amf_5,AMF,60.732,55.658,34.345,0.003269,144.602,0.783493,0,,realistic_mixed
2026-05-11T08:35:15+00:00,slice_3,smf_6,SMF,69.347,59.442,24.16,0.006643,388.439,0.836517,0,,realistic_mixed
2026-05-11T08:35:15+00:00,slice_1,gnb_7,gNB,42.014,40.333,27.345,0.007742,487.429,0.84751,0,,realistic_mixed
2026-05-11T08:35:15+00:00,slice_2,upf_8,UPF,64.985,53.956,31.901,0.004903,237.216,0.583977,0,,realistic_mixed
2026-05-11T08:36:15+00:00,slice_1,gnb_1,gNB,60.107,68.453,17.923,0.00441,608.005,0.695206,0,,realistic_mixed
2026-05-11T08:36:15+00:00,slice_2,upf_2,UPF,64.239,57.418,32.692,0.002578,195.201,0.759593,0,,realistic_mixed
2026-05-11T08:36:15+00:00,slice_3,router_3,Router,51.671,53.704,11.635,0.004724,422.299,0.731512,0,,realistic_mixed
2026-05-11T08:36:15+00:00,slice_1,service_4,Service,42.782,58.675,25.904,0.003448,566.442,0.808237,0,,realistic_mixed
2026-05-11T08:36:15+00:00,slice_2,amf_5,AMF,53.786,58.995,32.473,0.002821,326.708,0.673181,0,,realistic_mixed
2026-05-11T08:36:15+00:00,slice_3,smf_6,SMF,37.499,46.939,10.918,0.003696,386.336,0.717577,0,,realistic_mixed
2026-05-11T08:36:15+00:00,slice_1,gnb_7,gNB,58.309,44.129,27.353,0.007324,568.466,0.860647,0,,realistic_mixed
2026-05-11T08:36:15+00:00,slice_2,upf_8,UPF,60.409,57.443,30.725,0.005275,296.506,0.690303,0,,realistic_mixed
2026-05-11T08:37:15+00:00,slice_1,gnb_1,gNB,55.053,54.259,33.119,0.013187,678.951,0.89321,0,,realistic_mixed
2026-05-11T08:37:15+00:00,slice_2,upf_2,UPF,53.833,49.993,31.16,0.002539,255.422,0.606006,0,,realistic_mixed
2026-05-11T08:37:15+00:00,slice_3,router_3,Router,59.689,54.011,13.351,0.002948,436.374,0.765877,0,,realistic_mixed
2026-05-11T08:37:15+00:00,slice_1,service_4,Service,50.545,48.435,22.833,0.005359,687.85,0.782653,0,,realistic_mixed
2026-05-11T08:37:15+00:00,slice_2,amf_5,AMF,55.228,63.744,31.109,0.00312,264.032,0.631183,0,,realistic_mixed
2026-05-11T08:37:15+00:00,slice_3,smf_6,SMF,53.428,56.95,9.653,0.003599,411.136,0.752394,0,,realistic_mixed
2026-05-11T08:37:15+00:00,slice_1,gnb_7,gNB,52.494,49.047,20.113,0.003115,474.249,0.770545,0,,realistic_mixed
2026-05-11T08:37:15+00:00,slice_2,upf_8,UPF,69.261,69.267,41.068,0.004988,245.433,0.675168,0,,realistic_mixed
2026-05-11T08:38:15+00:00,slice_1,gnb_1,gNB,53.955,53.183,26.703,0.010176,596.928,0.849588,0,,realistic_mixed
2026-05-11T08:38:15+00:00,slice_2,upf_2,UPF,64.114,72.972,30.654,0.005134,305.297,0.680953,0,,realistic_mixed
2026-05-11T08:38:15+00:00,slice_3,router_3,Router,56.399,58.293,17.419,0.004488,487.886,0.82619,0,,realistic_mixed
2026-05-11T08:38:15+00:00,slice_1,service_4,Service,64.447,60.873,18.921,0.003044,445.699,0.7539,0,,realistic_mixed
2026-05-11T08:38:15+00:00,slice_2,amf_5,AMF,50.758,52.087,31.787,0.004246,188.911,0.70538,0,,realistic_mixed
2026-05-11T08:38:15+00:00,slice_3,smf_6,SMF,59.056,63.754,10.911,0.0023,344.2,0.761892,0,,realistic_mixed
2026-05-11T08:38:15+00:00,slice_1,gnb_7,gNB,57.404,63.774,31.701,0.012524,675.713,0.897817,0,,realistic_mixed
2026-05-11T08:38:15+00:00,slice_2,upf_8,UPF,45.637,56.103,33.206,0.002123,279.184,0.686546,0,,realistic_mixed
2026-05-11T08:39:15+00:00,slice_1,gnb_1,gNB,54.738,47.945,29.264,0.01109,487.193,0.878745,0,,realistic_mixed
2026-05-11T08:39:15+00:00,slice_2,upf_2,UPF,57.848,53.249,32.159,0.003512,319.096,0.653429,0,,realistic_mixed
2026-05-11T08:39:15+00:00,slice_3,router_3,Router,62.063,64.589,18.223,0.002724,344.146,0.753273,0,,realistic_mixed
2026-05-11T08:39:15+00:00,slice_1,service_4,Service,60.191,61.619,30.399,0.012829,619.131,0.881332,0,,realistic_mixed
2026-05-11T08:39:15+00:00,slice_2,amf_5,AMF,47.463,39.738,30.737,0.004112,270.054,0.690768,0,,realistic_mixed
2026-05-11T08:39:15+00:00,slice_3,smf_6,SMF,53.273,56.382,15.809,0.002369,183.975,0.798458,0,,realistic_mixed
2026-05-11T08:39:15+00:00,slice_1,gnb_7,gNB,48.563,64.824,18.651,0.002996,469.681,0.690062,0,,realistic_mixed
2026-05-11T08:39:15+00:00,slice_2,upf_8,UPF,55.065,59.525,30.017,0.004279,243.27,0.682007,0,,realistic_mixed
2026-05-11T08:40:15+00:00,slice_1,gnb_1,gNB,67.012,55.847,22.391,0.00368,400.526,0.690665,0,,realistic_mixed
2026-05-11T08:40:15+00:00,slice_2,upf_2,UPF,50.713,44.911,31.658,0.007261,251.721,0.674568,0,,realistic_mixed
2026-05-11T08:40:15+00:00,slice_3,router_3,Router,52.283,54.661,10.388,0.002938,367.58,0.715242,0,,realistic_mixed
2026-05-11T08:40:15+00:00,slice_1,service_4,Service,42.955,52.211,20.195,0.003239,435.03,0.73537,0,,realistic_mixed
2026-05-11T08:40:15+00:00,slice_2,amf_5,AMF,53.106,54.172,31.665,0.002857,278.582,0.666524,0,,realistic_mixed
2026-05-11T08:40:15+00:00,slice_3,smf_6,SMF,44.676,51.173,13.825,0.00291,369.46,0.780878,0,,realistic_mixed
2026-05-11T08:40:15+00:00,slice_1,gnb_7,gNB,50.694,53.4,24.032,0.004593,527.695,0.736017,0,,realistic_mixed
2026-05-11T08:40:15+00:00,slice_2,upf_8,UPF,50.856,48.578,30.341,0.002041,302.25,0.751332,0,,realistic_mixed
2026-05-11T08:41:15+00:00,slice_1,gnb_1,gNB,61.46,61.834,26.419,0.002819,661.799,0.819022,0,,realistic_mixed
2026-05-11T08:41:15+00:00,slice_2,upf_2,UPF,55.945,55.488,31.113,0.002105,179.833,0.697486,0,,realistic_mixed
2026-05-11T08:41:15+00:00,slice_3,router_3,Router,55.304,74.537,11.705,0.002024,464.25,0.749661,0,,realistic_mixed
2026-05-11T08:41:15+00:00,slice_1,service_4,Service,61.232,63.958,26.648,0.003494,387.623,0.823198,0,,realistic_mixed
2026-05-11T08:41:15+00:00,slice_2,amf_5,AMF,40.556,43.595,30.363,0.003199,202.749,0.695718,0,,realistic_mixed
2026-05-11T08:41:15+00:00,slice_3,smf_6,SMF,56.769,69.687,11.489,0.004721,364.135,0.748328,0,,realistic_mixed
2026-05-11T08:41:15+00:00,slice_1,gnb_7,gNB,46.985,57.17,18.973,0.003918,498.82,0.739002,0,,realistic_mixed
2026-05-11T08:41:15+00:00,slice_2,upf_8,UPF,54.732,57.964,33.404,0.004898,373.086,0.65665,0,,realistic_mixed
2026-05-11T08:42:15+00:00,slice_1,gnb_1,gNB,62.617,61.954,27.84,0.006384,511.397,0.837308,0,,realistic_mixed
2026-05-11T08:42:15+00:00,slice_2,upf_2,UPF,60.98,51.462,30.552,0.002952,208.76,0.738459,0,,realistic_mixed
2026-05-11T08:42:15+00:00,slice_3,router_3,Router,45.156,56.862,21.972,0.009325,428.179,0.869718,0,,realistic_mixed
2026-05-11T08:42:15+00:00,slice_1,service_4,Service,56.507,60.696,25.559,0.005859,425.446,0.843219,0,,realistic_mixed
2026-05-11T08:42:15+00:00,slice_2,amf_5,AMF,39.441,51.023,29.473,0.002783,236.634,0.721486,0,,realistic_mixed
2026-05-11T08:42:15+00:00,slice_3,smf_6,SMF,50.815,56.102,15.558,0.002728,412.197,0.800163,0,,realistic_mixed
2026-05-11T08:42:15+00:00,slice_1,gnb_7,gNB,62.801,64.395,29.316,0.007421,385.651,0.856484,0,,realistic_mixed
2026-05-11T08:42:15+00:00,slice_2,upf_8,UPF,42.438,56.468,29.662,0.002552,204.791,0.700977,0,,realistic_mixed
2026-05-11T08:43:15+00:00,slice_1,gnb_1,gNB,40.802,45.923,20.086,0.002107,580.779,0.758437,0,,realistic_mixed
2026-05-11T08:43:15+00:00,slice_2,upf_2,UPF,56.144,58.01,33.354,0.003538,233.709,0.755717,0,,realistic_mixed
2026-05-11T08:43:15+00:00,slice_3,router_3,Router,54.104,53.228,12.538,0.002025,364.682,0.749792,0,,realistic_mixed
2026-05-11T08:43:15+00:00,slice_1,service_4,Service,49.249,52.041,20.817,0.002109,425.059,0.780835,0,,realistic_mixed
2026-05-11T08:43:15+00:00,slice_2,amf_5,AMF,55.983,62.03,30.335,0.002054,217.187,0.649414,0,,realistic_mixed
2026-05-11T08:43:15+00:00,slice_3,smf_6,SMF,52.403,57.074,18.329,0.005977,450.505,0.841218,0,,realistic_mixed
2026-05-11T08:43:15+00:00,slice_1,gnb_7,gNB,57.946,67.707,24.589,0.003898,490.877,0.827163,0,,realistic_mixed
2026-05-11T08:43:15+00:00,slice_2,upf_8,UPF,43.591,45.578,31.906,0.003355,316.173,0.714982,0,,realistic_mixed
2026-05-11T08:44:15+00:00,slice_1,gnb_1,gNB,55.396,54.739,29.614,0.006379,618.245,0.843088,0,,realistic_mixed
2026-05-11T08:44:15+00:00,slice_2,upf_2,UPF,52.718,57.573,30.738,0.002315,255.177,0.732247,0,,realistic_mixed
2026-05-11T08:44:15+00:00,slice_3,router_3,Router,54.076,50.447,24.134,0.006352,325.52,0.851617,0,,realistic_mixed
2026-05-11T08:44:15+00:00,slice_1,service_4,Service,51.88,62.815,17.909,0.00429,615.599,0.723881,0,,realistic_mixed
2026-05-11T08:44:15+00:00,slice_2,amf_5,AMF,44.094,55.873,32.664,0.002843,144.734,0.613417,0,,realistic_mixed
2026-05-11T08:44:15+00:00,slice_3,smf_6,SMF,53.596,51.123,15.223,0.003656,510.706,0.792242,0,,realistic_mixed
2026-05-11T08:44:15+00:00,slice_1,gnb_7,gNB,63.744,52.296,32.778,0.014428,567.653,0.915397,0,,realistic_mixed
2026-05-11T08:44:15+00:00,slice_2,upf_8,UPF,50.881,58.221,30.947,0.002088,50.729,0.637484,0,,realistic_mixed
2026-05-11T08:45:15+00:00,slice_1,gnb_1,gNB,60.251,55.576,23.329,0.002827,711.458,0.800692,0,,realistic_mixed
2026-05-11T08:45:15+00:00,slice_2,upf_2,UPF,62.76,64.482,30.47,0.003063,248.794,0.697815,0,,realistic_mixed
2026-05-11T08:45:15+00:00,slice_3,router_3,Router,48.503,34.464,12.026,0.002141,385.548,0.777476,0,,realistic_mixed
2026-05-11T08:45:15+00:00,slice_1,service_4,Service,55.965,51.809,26.606,0.006821,620.215,0.839555,0,,realistic_mixed
2026-05-11T08:45:15+00:00,slice_2,amf_5,AMF,53.902,57.068,30.29,0.002385,197.571,0.691263,0,,realistic_mixed
2026-05-11T08:45:15+00:00,slice_3,smf_6,SMF,44.541,48.002,12.752,0.00295,503.972,0.75493,0,,realistic_mixed
2026-05-11T08:45:15+00:00,slice_1,gnb_7,gNB,49.786,60.414,18.086,0.002554,475.629,0.661169,0,,realistic_mixed
2026-05-11T08:45:15+00:00,slice_2,upf_8,UPF,54.974,56.717,30.63,0.005049,320.251,0.696223,0,,realistic_mixed
2026-05-11T08:46:15+00:00,slice_1,gnb_1,gNB,51.386,66.992,25.589,0.004236,555.662,0.833844,0,,realistic_mixed
2026-05-11T08:46:15+00:00,slice_2,upf_2,UPF,72.709,54.613,46.507,0.003644,338.827,0.812602,0,,realistic_mixed
2026-05-11T08:46:15+00:00,slice_3,router_3,Router,51.654,61.581,11.295,0.00235,335.319,0.741507,0,,realistic_mixed
2026-05-11T08:46:15+00:00,slice_1,service_4,Service,58.973,52.616,31.901,0.012749,585.747,0.900582,0,,realistic_mixed
2026-05-11T08:46:15+00:00,slice_2,amf_5,AMF,52.32,65.549,30.095,0.00392,163.875,0.687794,0,,realistic_mixed
2026-05-11T08:46:15+00:00,slice_3,smf_6,SMF,57.292,52.013,17.495,0.004855,429.345,0.826738,0,,realistic_mixed
2026-05-11T08:46:15+00:00,slice_1,gnb_7,gNB,62.613,56.14,32.194,0.0113,651.465,0.885933,0,,realistic_mixed
2026-05-11T08:46:15+00:00,slice_2,upf_8,UPF,44.461,50.639,31.066,0.002575,228.155,0.703941,0,,realistic_mixed
2026-05-11T08:47:15+00:00,slice_1,gnb_1,gNB,52.992,52.568,29.27,0.002594,706.409,0.814509,0,,realistic_mixed
2026-05-11T08:47:15+00:00,slice_2,upf_2,UPF,54.351,48.485,29.926,0.009176,273.879,0.743771,0,,realistic_mixed
2026-05-11T08:47:15+00:00,slice_3,router_3,Router,60.08,64.553,15.559,0.002498,413.301,0.798995,0,,realistic_mixed
2026-05-11T08:47:15+00:00,slice_1,service_4,Service,60.61,64.588,23.229,0.002761,574.405,0.78901,0,,realistic_mixed
2026-05-11T08:47:15+00:00,slice_2,amf_5,AMF,62.22,50.945,31.278,0.004977,369.647,0.69551,0,,realistic_mixed
2026-05-11T08:47:15+00:00,slice_3,smf_6,SMF,62.575,60.173,19.216,0.002353,306.587,0.807274,0,,realistic_mixed
2026-05-11T08:47:15+00:00,slice_1,gnb_7,gNB,54.286,49.715,33.487,0.011015,512.576,0.894168,0,,realistic_mixed
2026-05-11T08:47:15+00:00,slice_2,upf_8,UPF,60.289,64.556,33.465,0.003376,210.002,0.767126,0,,realistic_mixed
2026-05-11T08:48:15+00:00,slice_1,gnb_1,gNB,49.219,52.777,18.394,0.003338,385.507,0.751949,0,,realistic_mixed
2026-05-11T08:48:15+00:00,slice_2,upf_2,UPF,68.092,59.061,39.639,0.004206,204.635,0.785521,0,,realistic_mixed
2026-05-11T08:48:15+00:00,slice_3,router_3,Router,56.375,51.077,11.108,0.004872,540.31,0.76169,0,,realistic_mixed
2026-05-11T08:48:15+00:00,slice_1,service_4,Service,51.46,55.348,34.086,0.013085,520.379,0.91097,0,,realistic_mixed
2026-05-11T08:48:15+00:00,slice_2,amf_5,AMF,55.157,52.098,31.006,0.002593,233.884,0.674133,0,,realistic_mixed
2026-05-11T08:48:15+00:00,slice_3,smf_6,SMF,59.943,54.591,12.248,0.003259,332.895,0.770182,0,,realistic_mixed
2026-05-11T08:48:15+00:00,slice_1,gnb_7,gNB,44.972,49.928,23.874,0.002804,725.43,0.817871,0,,realistic_mixed
2026-05-11T08:48:15+00:00,slice_2,upf_8,UPF,53.571,46.369,31.098,0.002136,237.279,0.739997,0,,realistic_mixed
2026-05-11T08:49:15+00:00,slice_1,gnb_1,gNB,54.285,47.801,25.786,0.004429,521.146,0.809328,0,,realistic_mixed
2026-05-11T08:49:15+00:00,slice_2,upf_2,UPF,60.142,57.034,30.6,0.002427,265.92,0.640119,0,,realistic_mixed
2026-05-11T08:49:15+00:00,slice_3,router_3,Router,58.486,59.6,12.219,0.002006,367.56,0.721553,0,,realistic_mixed
2026-05-11T08:49:15+00:00,slice_1,service_4,Service,53.399,53.907,21.463,0.005721,627.435,0.762528,0,,realistic_mixed
2026-05-11T08:49:15+00:00,slice_2,amf_5,AMF,50.182,46.257,30.801,0.002553,275.251,0.644655,0,,realistic_mixed
2026-05-11T08:49:15+00:00,slice_3,smf_6,SMF,62.04,62.136,14.035,0.002686,457.403,0.789692,0,,realistic_mixed
2026-05-11T08:49:15+00:00,slice_1,gnb_7,gNB,59.276,59.963,22.178,0.003499,588.201,0.789584,0,,realistic_mixed
2026-05-11T08:49:15+00:00,slice_2,upf_8,UPF,58.377,62.1,31.674,0.003363,368.262,0.707211,0,,realistic_mixed
2026-05-11T08:50:15+00:00,slice_1,gnb_1,gNB,43.402,51.284,29.029,0.01048,622.597,0.869526,0,,realistic_mixed
2026-05-11T08:50:15+00:00,slice_2,upf_2,UPF,45.332,45.164,32.936,0.002014,295.806,0.653159,0,,realistic_mixed
2026-05-11T08:50:15+00:00,slice_3,router_3,Router,58.388,60.58,21.945,0.007169,405.121,0.859842,0,,realistic_mixed
2026-05-11T08:50:15+00:00,slice_1,service_4,Service,41.79,66.966,19.518,0.006466,554.939,0.722899,0,,realistic_mixed
2026-05-11T08:50:15+00:00,slice_2,amf_5,AMF,61.77,63.501,30.529,0.003922,142.716,0.630369,0,,realistic_mixed
2026-05-11T08:50:15+00:00,slice_3,smf_6,SMF,57.633,51.995,15.04,0.004357,275.995,0.772236,0,,realistic_mixed
2026-05-11T08:50:15+00:00,slice_1,gnb_7,gNB,57.833,59.495,23.302,0.002384,738.702,0.783275,0,,realistic_mixed
2026-05-11T08:50:15+00:00,slice_2,upf_8,UPF,42.079,45.218,29.97,0.003414,227.758,0.670847,0,,realistic_mixed
2026-05-11T08:51:15+00:00,slice_1,gnb_1,gNB,46.998,50.088,27.263,0.005663,454.752,0.848399,0,,realistic_mixed
2026-05-11T08:51:15+00:00,slice_2,upf_2,UPF,51.445,57.627,35.839,0.005274,281.569,0.691666,0,,realistic_mixed
2026-05-11T08:51:15+00:00,slice_3,router_3,Router,48.815,59.622,14.884,0.002442,430.899,0.793733,0,,realistic_mixed
2026-05-11T08:51:15+00:00,slice_1,service_4,Service,60.017,63.627,20.829,0.004455,605.504,0.786321,0,,realistic_mixed
2026-05-11T08:51:15+00:00,slice_2,amf_5,AMF,63.81,51.901,30.016,0.002899,289.969,0.62909,0,,realistic_mixed
2026-05-11T08:51:15+00:00,slice_3,smf_6,SMF,60.97,54.18,10.638,0.003084,388.463,0.700646,0,,realistic_mixed
2026-05-11T08:51:15+00:00,slice_1,gnb_7,gNB,58.17,66.231,23.647,0.006316,779.955,0.826957,0,,realistic_mixed
2026-05-11T08:51:15+00:00,slice_2,upf_8,UPF,59.538,50.14,30.186,0.003524,292.542,0.73097,0,,realistic_mixed
2026-05-11T08:52:15+00:00,slice_1,gnb_1,gNB,55.271,51.4,31.48,0.01203,567.142,0.886709,0,,realistic_mixed
2026-05-11T08:52:15+00:00,slice_2,upf_2,UPF,63.465,59.486,31.647,0.003032,229.836,0.68754,0,,realistic_mixed
2026-05-11T08:52:15+00:00,slice_3,router_3,Router,59.022,54.728,20.272,0.006709,433.378,0.837191,0,,realistic_mixed
2026-05-11T08:52:15+00:00,slice_1,service_4,Service,54.66,52.528,35.085,0.015595,416.29,0.924309,0,,realistic_mixed
2026-05-11T08:52:15+00:00,slice_2,amf_5,AMF,47.519,55.252,30.071,0.002334,245.459,0.670278,0,,realistic_mixed
2026-05-11T08:52:15+00:00,slice_3,smf_6,SMF,48.616,42.315,11.983,0.002755,412.075,0.678731,0,,realistic_mixed
2026-05-11T08:52:15+00:00,slice_1,gnb_7,gNB,49.138,55.323,19.635,0.002146,529.794,0.752973,0,,realistic_mixed
2026-05-11T08:52:15+00:00,slice_2,upf_8,UPF,55.109,53.081,30.243,0.003153,292.382,0.688772,0,,realistic_mixed
2026-05-11T08:53:15+00:00,slice_1,gnb_1,gNB,67.949,60.417,24.756,0.005571,527.957,0.754297,0,,realistic_mixed
2026-05-11T08:53:15+00:00,slice_2,upf_2,UPF,60.513,56.324,31.297,0.002631,75.25,0.680569,0,,realistic_mixed
2026-05-11T08:53:15+00:00,slice_3,router_3,Router,52.322,48.966,13.231,0.002724,477.054,0.786597,0,,realistic_mixed
2026-05-11T08:53:15+00:00,slice_1,service_4,Service,56.814,47.395,17.469,0.002364,471.35,0.737166,0,,realistic_mixed
2026-05-11T08:53:15+00:00,slice_2,amf_5,AMF,50.351,55.877,32.481,0.002474,250.152,0.701891,0,,realistic_mixed
2026-05-11T08:53:15+00:00,slice_3,smf_6,SMF,54.436,52.084,31.177,0.021648,513.664,0.973634,0,,realistic_mixed
2026-05-11T08:53:15+00:00,slice_1,gnb_7,gNB,62.644,55.703,34.958,0.015816,589.161,0.911009,0,,realistic_mixed
2026-05-11T08:53:15+00:00,slice_2,upf_8,UPF,64.853,56.871,32.812,0.006711,147.395,0.695458,0,,realistic_mixed
2026-05-11T08:54:15+00:00,slice_1,gnb_1,gNB,46.035,66.808,36.534,0.015937,795.915,0.91627,0,,realistic_mixed
2026-05-11T08:54:15+00:00,slice_2,upf_2,UPF,63.4,62.401,36.018,0.004055,238.385,0.783152,0,,realistic_mixed
2026-05-11T08:54:15+00:00,slice_3,router_3,Router,56.055,46.752,9.956,0.006227,295.112,0.727529,0,,realistic_mixed
2026-05-11T08:54:15+00:00,slice_1,service_4,Service,66.714,60.179,36.538,0.011291,640.512,0.889965,0,,realistic_mixed
2026-05-11T08:54:15+00:00,slice_2,amf_5,AMF,59.408,61.671,35.491,0.002477,199.731,0.774092,0,,realistic_mixed
2026-05-11T08:54:15+00:00,slice_3,smf_6,SMF,58.795,57.294,13.205,0.006506,251.432,0.745901,0,,realistic_mixed
2026-05-11T08:54:15+00:00,slice_1,gnb_7,gNB,48.571,61.692,19.238,0.002283,531.796,0.760392,0,,realistic_mixed
2026-05-11T08:54:15+00:00,slice_2,upf_8,UPF,39.402,42.378,30.791,0.003123,137.627,0.714273,0,,realistic_mixed
2026-05-11T08:55:15+00:00,slice_1,gnb_1,gNB,61.738,64.558,22.64,0.002323,505.313,0.804883,0,,realistic_mixed
2026-05-11T08:55:15+00:00,slice_2,upf_2,UPF,44.023,47.409,30.501,0.004448,234.174,0.6845,0,,realistic_mixed
2026-05-11T08:55:15+00:00,slice_3,router_3,Router,42.72,59.228,17.085,0.002582,440.104,0.816796,0,,realistic_mixed
2026-05-11T08:55:15+00:00,slice_1,service_4,Service,53.605,49.435,25.754,0.005054,500.375,0.833986,0,,realistic_mixed
2026-05-11T08:55:15+00:00,slice_2,amf_5,AMF,47.765,51.539,30.77,0.002896,171.45,0.625584,0,,realistic_mixed
2026-05-11T08:55:15+00:00,slice_3,smf_6,SMF,65.399,51.737,10.961,0.002639,357.428,0.731439,0,,realistic_mixed
2026-05-11T08:55:15+00:00,slice_1,gnb_7,gNB,58.803,58.544,24.443,0.002496,525.845,0.81277,0,,realistic_mixed
2026-05-11T08:55:15+00:00,slice_2,upf_8,UPF,50.824,52.076,31.405,0.003983,277.617,0.684368,0,,realistic_mixed
2026-05-11T08:56:15+00:00,slice_1,gnb_1,gNB,62.235,70.04,37.127,0.018309,622.478,0.949425,0,,realistic_mixed
2026-05-11T08:56:15+00:00,slice_2,upf_2,UPF,70.892,55.041,38.276,0.003028,257.26,0.645978,0,,realistic_mixed
2026-05-11T08:56:15+00:00,slice_3,router_3,Router,60.598,54.551,11.771,0.002447,467.361,0.745817,0,,realistic_mixed
2026-05-11T08:56:15+00:00,slice_1,service_4,Service,44.429,61.01,29.234,0.009307,364.223,0.856329,0,,realistic_mixed
2026-05-11T08:56:15+00:00,slice_2,amf_5,AMF,61.85,58.12,36.397,0.0037,251.774,0.807672,0,,realistic_mixed
2026-05-11T08:56:15+00:00,slice_3,smf_6,SMF,46.901,53.391,10.241,0.00265,302.994,0.636964,0,,realistic_mixed
2026-05-11T08:56:15+00:00,slice_1,gnb_7,gNB,54.979,49.409,19.353,0.002136,340.707,0.77948,0,,realistic_mixed
2026-05-11T08:56:15+00:00,slice_2,upf_8,UPF,55.163,54.043,34.01,0.005347,392.912,0.782408,0,,realistic_mixed
2026-05-11T08:57:15+00:00,slice_1,gnb_1,gNB,62.108,62.577,36.862,0.015482,676.799,0.931899,0,,realistic_mixed
2026-05-11T08:57:15+00:00,slice_2,upf_2,UPF,73.835,53.513,43.364,0.004413,274.288,0.705563,0,,realistic_mixed
2026-05-11T08:57:15+00:00,slice_3,router_3,Router,51.279,57.705,19.719,0.005481,314.013,0.828741,0,,realistic_mixed
2026-05-11T08:57:15+00:00,slice_1,service_4,Service,66.659,52.419,35.35,0.005391,529.076,0.846803,0,,realistic_mixed
2026-05-11T08:57:15+00:00,slice_2,amf_5,AMF,57.167,56.966,33.568,0.003054,249.025,0.786936,0,,realistic_mixed
2026-05-11T08:57:15+00:00,slice_3,smf_6,SMF,60.598,59.691,15.119,0.0034,228.694,0.78575,0,,realistic_mixed
2026-05-11T08:57:15+00:00,slice_1,gnb_7,gNB,56.25,60.198,27.929,0.009005,452.245,0.865407,0,,realistic_mixed
2026-05-11T08:57:15+00:00,slice_2,upf_8,UPF,61.544,58.439,30.955,0.003493,209.185,0.639634,0,,realistic_mixed
2026-05-11T08:58:15+00:00,slice_1,gnb_1,gNB,53.469,51.697,38.694,0.021541,490.076,0.98,0,,realistic_mixed
2026-05-11T08:58:15+00:00,slice_2,upf_2,UPF,62.243,67.929,31.512,0.003496,185.1,0.741804,0,,realistic_mixed
2026-05-11T08:58:15+00:00,slice_3,router_3,Router,59.552,56.67,11.281,0.005807,366.802,0.708704,0,,realistic_mixed
2026-05-11T08:58:15+00:00,slice_1,service_4,Service,61.549,52.259,28.388,0.010826,607.822,0.869309,0,,realistic_mixed
2026-05-11T08:58:15+00:00,slice_2,amf_5,AMF,65.291,62.255,31.611,0.005897,263.669,0.706185,0,,realistic_mixed
2026-05-11T08:58:15+00:00,slice_3,smf_6,SMF,67.301,67.647,22.608,0.00275,400.422,0.81067,0,,realistic_mixed
2026-05-11T08:58:15+00:00,slice_1,gnb_7,gNB,47.573,52.831,19.943,0.003332,635.091,0.764156,0,,realistic_mixed
2026-05-11T08:58:15+00:00,slice_2,upf_8,UPF,49.217,52.36,31.044,0.003044,262.284,0.669531,0,,realistic_mixed
2026-05-11T08:59:15+00:00,slice_1,gnb_1,gNB,50.507,47.299,20.06,0.002702,683.969,0.770977,0,,realistic_mixed
2026-05-11T08:59:15+00:00,slice_2,upf_2,UPF,61.526,54.411,32.19,0.003592,114.143,0.641293,0,,realistic_mixed
2026-05-11T08:59:15+00:00,slice_3,router_3,Router,67.145,57.028,13.732,0.003935,374.356,0.734911,0,,realistic_mixed
2026-05-11T08:59:15+00:00,slice_1,service_4,Service,55.543,56.432,27.116,0.004507,659.486,0.840079,0,,realistic_mixed
2026-05-11T08:59:15+00:00,slice_2,amf_5,AMF,71.614,65.552,49.778,0.008817,319.433,0.852769,0,,realistic_mixed
2026-05-11T08:59:15+00:00,slice_3,smf_6,SMF,52.756,68.821,13.665,0.002805,375.438,0.784365,0,,realistic_mixed
2026-05-11T08:59:15+00:00,slice_1,gnb_7,gNB,58.922,52.499,21.406,0.002301,670.93,0.785466,0,,realistic_mixed
2026-05-11T08:59:15+00:00,slice_2,upf_8,UPF,52.589,46.018,32.604,0.004108,167.847,0.770281,0,,realistic_mixed
2026-05-11T09:00:15+00:00,slice_1,gnb_1,gNB,53.858,58.635,20.41,0.002656,677.721,0.73232,0,,realistic_mixed
2026-05-11T09:00:15+00:00,slice_2,upf_2,UPF,50.503,43.609,32.779,0.00238,118.402,0.557011,0,,realistic_mixed
2026-05-11T09:00:15+00:00,slice_3,router_3,Router,56.109,53.214,13.922,0.005366,490.401,0.764311,0,,realistic_mixed
2026-05-11T09:00:15+00:00,slice_1,service_4,Service,60.092,49.379,35.281,0.016711,434.303,0.933168,0,,realistic_mixed
2026-05-11T09:00:15+00:00,slice_2,amf_5,AMF,62.023,53.929,31.108,0.00281,218.326,0.672512,0,,realistic_mixed
2026-05-11T09:00:15+00:00,slice_3,smf_6,SMF,55.828,53.102,14.476,0.003687,408.466,0.800067,0,,realistic_mixed
2026-05-11T09:00:15+00:00,slice_1,gnb_7,gNB,47.632,55.96,30.575,0.011574,706.958,0.876986,0,,realistic_mixed
2026-05-11T09:00:15+00:00,slice_2,upf_8,UPF,56.531,62.984,31.135,0.003644,169.715,0.71788,0,,realistic_mixed
2026-05-11T09:01:15+00:00,slice_1,gnb_1,gNB,73.391,60.301,37.198,0.010333,672.289,0.840049,0,,realistic_mixed
2026-05-11T09:01:15+00:00,slice_2,upf_2,UPF,69.354,70.707,37.356,0.005146,208.595,0.675215,0,,realistic_mixed
2026-05-11T09:01:15+00:00,slice_3,router_3,Router,47.62,53.207,23.707,0.007063,398.322,0.857622,0,,realistic_mixed
2026-05-11T09:01:15+00:00,slice_1,service_4,Service,54.735,55.213,26.364,0.007074,529.572,0.84699,0,,realistic_mixed
2026-05-11T09:01:15+00:00,slice_2,amf_5,AMF,59.721,51.025,32.273,0.002583,110.138,0.680348,0,,realistic_mixed
2026-05-11T09:01:15+00:00,slice_3,smf_6,SMF,67.821,64.947,25.245,0.006825,423.772,0.855038,0,,realistic_mixed
2026-05-11T09:01:15+00:00,slice_1,gnb_7,gNB,55.755,70.476,25.275,0.004177,633.002,0.830202,0,,realistic_mixed
2026-05-11T09:01:15+00:00,slice_2,upf_8,UPF,55.292,62.724,33.895,0.00297,188.167,0.762725,0,,realistic_mixed
2026-05-11T09:02:15+00:00,slice_1,gnb_1,gNB,65.875,68.942,35.663,0.015912,615.128,0.906465,0,,realistic_mixed
2026-05-11T09:02:15+00:00,slice_2,upf_2,UPF,54.181,49.136,30.677,0.003004,237.172,0.614794,0,,realistic_mixed
2026-05-11T09:02:15+00:00,slice_3,router_3,Router,65.038,54.545,21.047,0.007068,362.767,0.858921,0,,realistic_mixed
2026-05-11T09:02:15+00:00,slice_1,service_4,Service,43.663,52.535,24.604,0.003397,692.359,0.819221,0,,realistic_mixed
2026-05-11T09:02:15+00:00,slice_2,amf_5,AMF,55.406,56.951,31.952,0.00754,248.228,0.765926,0,,realistic_mixed
2026-05-11T09:02:15+00:00,slice_3,smf_6,SMF,54.976,55.302,20.435,0.00889,419.563,0.857601,0,,realistic_mixed
2026-05-11T09:02:15+00:00,slice_1,gnb_7,gNB,54.907,54.039,22.301,0.003778,605.59,0.796654,0,,realistic_mixed
2026-05-11T09:02:15+00:00,slice_2,upf_8,UPF,62.144,62.519,36.368,0.002124,208.141,0.775559,0,,realistic_mixed
2026-05-11T09:03:15+00:00,slice_1,gnb_1,gNB,53.766,59.645,21.569,0.004685,591.092,0.795285,0,,realistic_mixed
2026-05-11T09:03:15+00:00,slice_2,upf_2,UPF,67.861,61.484,36.222,0.003716,104.038,0.656377,0,,realistic_mixed
2026-05-11T09:03:15+00:00,slice_3,router_3,Router,48.395,52.592,10.781,0.002964,332.27,0.735404,0,,realistic_mixed
2026-05-11T09:03:15+00:00,slice_1,service_4,Service,50.903,49.79,26.73,0.005994,512.859,0.835265,0,,realistic_mixed
2026-05-11T09:03:15+00:00,slice_2,amf_5,AMF,56.025,67.381,31.889,0.004159,140.487,0.592213,0,,realistic_mixed
2026-05-11T09:03:15+00:00,slice_3,smf_6,SMF,65.218,59.725,12.791,0.002261,407.23,0.775321,0,,realistic_mixed
2026-05-11T09:03:15+00:00,slice_1,gnb_7,gNB,60.65,52.304,35.488,0.020933,748.765,0.943101,0,,realistic_mixed
2026-05-11T09:03:15+00:00,slice_2,upf_8,UPF,52.975,60.739,30.803,0.002092,210.389,0.758894,0,,realistic_mixed
2026-05-11T09:04:15+00:00,slice_1,gnb_1,gNB,57.212,59.127,27.249,0.00794,459.352,0.82913,0,,realistic_mixed
2026-05-11T09:04:15+00:00,slice_2,upf_2,UPF,56.355,61.429,31.863,0.003143,303.117,0.649926,0,,realistic_mixed
2026-05-11T09:04:15+00:00,slice_3,router_3,Router,69.457,49.228,25.447,0.004542,427.876,0.830224,0,,realistic_mixed
2026-05-11T09:04:15+00:00,slice_1,service_4,Service,59.336,57.93,23.83,0.002135,388.109,0.806927,0,,realistic_mixed
2026-05-11T09:04:15+00:00,slice_2,amf_5,AMF,45.842,44.68,35.616,0.003552,261.48,0.799461,0,,realistic_mixed
2026-05-11T09:04:15+00:00,slice_3,smf_6,SMF,59.575,59.44,13.853,0.003817,493.552,0.757983,0,,realistic_mixed
2026-05-11T09:04:15+00:00,slice_1,gnb_7,gNB,57.945,64.419,26.027,0.005542,487.919,0.832783,0,,realistic_mixed
2026-05-11T09:04:15+00:00,slice_2,upf_8,UPF,68.63,58.012,37.693,0.002976,379.39,0.761398,0,,realistic_mixed
2026-05-11T09:05:15+00:00,slice_1,gnb_1,gNB,46.284,38.45,32.117,0.016716,567.514,0.909812,0,,realistic_mixed
2026-05-11T09:05:15+00:00,slice_2,upf_2,UPF,58.129,53.13,30.765,0.002426,326.534,0.696274,0,,realistic_mixed
2026-05-11T09:05:15+00:00,slice_3,router_3,Router,39.26,42.767,10.032,0.002108,349.38,0.7086,0,,realistic_mixed
2026-05-11T09:05:15+00:00,slice_1,service_4,Service,64.731,64.857,23.047,0.003182,451.329,0.812396,0,,realistic_mixed
2026-05-11T09:05:15+00:00,slice_2,amf_5,AMF,44.249,52.475,31.088,0.00572,309.209,0.716739,0,,realistic_mixed
2026-05-11T09:05:15+00:00,slice_3,smf_6,SMF,54.881,54.399,17.886,0.008771,390.901,0.83883,0,,realistic_mixed
2026-05-11T09:05:15+00:00,slice_1,gnb_7,gNB,49.397,63.265,26.794,0.005651,604.003,0.845718,0,,realistic_mixed
2026-05-11T09:05:15+00:00,slice_2,upf_8,UPF,80.201,70.639,51.948,0.002888,288.903,0.699798,0,,realistic_mixed
2026-05-11T09:06:15+00:00,slice_1,gnb_1,gNB,44.443,49.571,24.215,0.004611,680.898,0.828831,0,,realistic_mixed
2026-05-11T09:06:15+00:00,slice_2,upf_2,UPF,51.107,67.432,31.346,0.002453,176.618,0.737095,0,,realistic_mixed
2026-05-11T09:06:15+00:00,slice_3,router_3,Router,66.601,60.803,30.15,0.014715,449.233,0.915557,0,,realistic_mixed
2026-05-11T09:06:15+00:00,slice_1,service_4,Service,62.628,62.161,28.252,0.007354,671.416,0.862358,0,,realistic_mixed
2026-05-11T09:06:15+00:00,slice_2,amf_5,AMF,59.405,57.636,36.9,0.003095,250.589,0.808577,0,,realistic_mixed
2026-05-11T09:06:15+00:00,slice_3,smf_6,SMF,49.172,43.136,16.53,0.002767,465.515,0.825394,0,,realistic_mixed
2026-05-11T09:06:15+00:00,slice_1,gnb_7,gNB,57.529,62.464,33.69,0.017527,693.896,0.931202,0,,realistic_mixed
2026-05-11T09:06:15+00:00,slice_2,upf_8,UPF,53.03,54.935,35.703,0.006306,318.932,0.803496,0,,realistic_mixed
2026-05-11T09:07:15+00:00,slice_1,gnb_1,gNB,56.754,39.751,29.58,0.011015,758.203,0.87159,0,,realistic_mixed
2026-05-11T09:07:15+00:00,slice_2,upf_2,UPF,47.94,52.754,31.68,0.00294,216.837,0.65513,0,,realistic_mixed
2026-05-11T09:07:15+00:00,slice_3,router_3,Router,52.363,60.282,11.11,0.004904,381.004,0.753756,0,,realistic_mixed
2026-05-11T09:07:15+00:00,slice_1,service_4,Service,49.351,47.926,30.168,0.009291,634.411,0.877403,0,,realistic_mixed
2026-05-11T09:07:15+00:00,slice_2,amf_5,AMF,51.143,60.011,31.724,0.003209,103.58,0.637358,0,,realistic_mixed
2026-05-11T09:07:15+00:00,slice_3,smf_6,SMF,58.283,69.594,10.794,0.003164,432.23,0.716183,0,,realistic_mixed
2026-05-11T09:07:15+00:00,slice_1,gnb_7,gNB,54.161,44.242,41.045,0.02822,647.404,0.98,0,,realistic_mixed
2026-05-11T09:07:15+00:00,slice_2,upf_8,UPF,54.786,53.124,39.974,0.005804,211.417,0.845429,0,,realistic_mixed
2026-05-11T09:08:15+00:00,slice_1,gnb_1,gNB,49.008,46.354,24.335,0.004076,599.796,0.805483,0,,realistic_mixed
2026-05-11T09:08:15+00:00,slice_2,upf_2,UPF,48.383,52.155,30.143,0.003749,262.63,0.613901,0,,realistic_mixed
2026-05-11T09:08:15+00:00,slice_3,router_3,Router,44.361,48.995,11.747,0.003331,336.772,0.682219,0,,realistic_mixed
2026-05-11T09:08:15+00:00,slice_1,service_4,Service,69.4,53.505,33.285,0.008309,505.376,0.836104,0,,realistic_mixed
2026-05-11T09:08:15+00:00,slice_2,amf_5,AMF,52.819,63.237,30.68,0.00286,233.884,0.69187,0,,realistic_mixed
2026-05-11T09:08:15+00:00,slice_3,smf_6,SMF,57.001,49.397,14.483,0.004313,469.683,0.803117,0,,realistic_mixed
2026-05-11T09:08:15+00:00,slice_1,gnb_7,gNB,73.952,72.61,43.989,0.015144,653.433,0.898592,0,,realistic_mixed
2026-05-11T09:08:15+00:00,slice_2,upf_8,UPF,53.863,62.281,35.049,0.005715,385.494,0.783725,0,,realistic_mixed
2026-05-11T09:09:15+00:00,slice_1,gnb_1,gNB,61.363,63.149,30.17,0.008343,669.991,0.870213,0,,realistic_mixed
2026-05-11T09:09:15+00:00,slice_2,upf_2,UPF,62.76,51.092,37.63,0.002755,155.324,0.802216,0,,realistic_mixed
2026-05-11T09:09:15+00:00,slice_3,router_3,Router,63.554,59.107,13.509,0.003666,331.257,0.782607,0,,realistic_mixed
2026-05-11T09:09:15+00:00,slice_1,service_4,Service,50.552,37.339,27.766,0.005647,586.985,0.831743,0,,realistic_mixed
2026-05-11T09:09:15+00:00,slice_2,amf_5,AMF,57.088,63.55,34.819,0.002153,298.072,0.78626,0,,realistic_mixed
2026-05-11T09:09:15+00:00,slice_3,smf_6,SMF,61.603,54.89,18.01,0.002408,380.53,0.784025,0,,realistic_mixed
2026-05-11T09:09:15+00:00,slice_1,gnb_7,gNB,56.475,62.949,23.339,0.002598,522.153,0.797772,0,,realistic_mixed
2026-05-11T09:09:15+00:00,slice_2,upf_8,UPF,51.466,55.124,31.18,0.003545,198.524,0.639329,0,,realistic_mixed
2026-05-11T09:10:15+00:00,slice_1,gnb_1,gNB,56.576,51.727,26.49,0.008027,501.473,0.860445,0,,realistic_mixed
2026-05-11T09:10:15+00:00,slice_2,upf_2,UPF,52.88,50.837,31.599,0.003562,236.268,0.679929,0,,realistic_mixed
2026-05-11T09:10:15+00:00,slice_3,router_3,Router,62.75,59.976,15.416,0.002686,456.784,0.799563,0,,realistic_mixed
2026-05-11T09:10:15+00:00,slice_1,service_4,Service,67.663,64.357,38.215,0.015855,748.284,0.930518,0,,realistic_mixed
2026-05-11T09:10:15+00:00,slice_2,amf_5,AMF,48.11,54.594,31.096,0.004003,191.163,0.742158,0,,realistic_mixed
2026-05-11T09:10:15+00:00,slice_3,smf_6,SMF,48.467,48.878,20.334,0.003304,384.287,0.827198,0,,realistic_mixed
2026-05-11T09:10:15+00:00,slice_1,gnb_7,gNB,51.392,55.187,27.762,0.010435,438.039,0.858087,0,,realistic_mixed
2026-05-11T09:10:15+00:00,slice_2,upf_8,UPF,51.313,67.209,32.046,0.002707,151.156,0.755503,0,,realistic_mixed
2026-05-11T09:11:15+00:00,slice_1,gnb_1,gNB,54.643,56.689,30.854,0.010599,536.183,0.8757,0,,realistic_mixed
2026-05-11T09:11:15+00:00,slice_2,upf_2,UPF,55.51,62.155,32.253,0.004408,232.171,0.746171,0,,realistic_mixed
2026-05-11T09:11:15+00:00,slice_3,router_3,Router,64.486,64.054,20.051,0.005776,482.885,0.839563,0,,realistic_mixed
2026-05-11T09:11:15+00:00,slice_1,service_4,Service,51.637,55.204,37.044,0.019534,740.422,0.959573,0,,realistic_mixed
2026-05-11T09:11:15+00:00,slice_2,amf_5,AMF,59.475,49.806,29.683,0.003941,183.27,0.698016,0,,realistic_mixed
2026-05-11T09:11:15+00:00,slice_3,smf_6,SMF,55.23,56.328,13.306,0.002822,368.526,0.715506,0,,realistic_mixed
2026-05-11T09:11:15+00:00,slice_1,gnb_7,gNB,52.836,54.475,35.426,0.017571,573.604,0.94186,0,,realistic_mixed
2026-05-11T09:11:15+00:00,slice_2,upf_8,UPF,58.11,57.74,37.326,0.004126,243.855,0.671298,0,,realistic_mixed
2026-05-11T09:12:15+00:00,slice_1,gnb_1,gNB,59.587,48.455,23.363,0.005343,548.646,0.798897,0,,realistic_mixed
2026-05-11T09:12:15+00:00,slice_2,upf_2,UPF,70.657,61.862,38.235,0.002804,278.382,0.697097,0,,realistic_mixed
2026-05-11T09:12:15+00:00,slice_3,router_3,Router,53.801,52.304,26.025,0.012227,384.247,0.902659,0,,realistic_mixed
2026-05-11T09:12:15+00:00,slice_1,service_4,Service,53.672,59.17,23.974,0.002513,583.545,0.815081,0,,realistic_mixed
2026-05-11T09:12:15+00:00,slice_2,amf_5,AMF,50.718,52.502,30.712,0.004302,313.51,0.656774,0,,realistic_mixed
2026-05-11T09:12:15+00:00,slice_3,smf_6,SMF,44.782,58.161,16.675,0.003193,549.871,0.818438,0,,realistic_mixed
2026-05-11T09:12:15+00:00,slice_1,gnb_7,gNB,39.773,45.958,28.189,0.007401,584.088,0.842718,0,,realistic_mixed
2026-05-11T09:12:15+00:00,slice_2,upf_8,UPF,59.977,54.783,31.351,0.004794,257.226,0.712214,0,,realistic_mixed
2026-05-11T09:13:15+00:00,slice_1,gnb_1,gNB,50.233,59.22,22.255,0.004616,413.5,0.782413,0,,realistic_mixed
2026-05-11T09:13:15+00:00,slice_2,upf_2,UPF,47.341,49.561,37.593,0.00357,289.499,0.809693,0,,realistic_mixed
2026-05-11T09:13:15+00:00,slice_3,router_3,Router,54.481,44.031,10.882,0.00238,408.825,0.67883,0,,realistic_mixed
2026-05-11T09:13:15+00:00,slice_1,service_4,Service,63.388,61.064,27.008,0.00835,418.853,0.860694,0,,realistic_mixed
2026-05-11T09:13:15+00:00,slice_2,amf_5,AMF,53.493,54.538,30.315,0.002823,269.018,0.688825,0,,realistic_mixed
2026-05-11T09:13:15+00:00,slice_3,smf_6,SMF,61.404,54.765,11.35,0.002472,392.975,0.752998,0,,realistic_mixed
2026-05-11T09:13:15+00:00,slice_1,gnb_7,gNB,62.696,65.39,30.711,0.009766,577.294,0.872274,0,,realistic_mixed
2026-05-11T09:13:15+00:00,slice_2,upf_8,UPF,51.204,47.245,30.891,0.002958,302.191,0.628988,0,,realistic_mixed
2026-05-11T09:14:15+00:00,slice_1,gnb_1,gNB,50.103,49.783,29.242,0.009608,653.008,0.85692,0,,realistic_mixed
2026-05-11T09:14:15+00:00,slice_2,upf_2,UPF,63.487,61.047,30.75,0.003677,183.53,0.716441,0,,realistic_mixed
2026-05-11T09:14:15+00:00,slice_3,router_3,Router,56.994,70.2,13.574,0.002346,373.128,0.772183,0,,realistic_mixed
2026-05-11T09:14:15+00:00,slice_1,service_4,Service,52.291,58.695,31.958,0.013313,564.311,0.907499,0,,realistic_mixed
2026-05-11T09:14:15+00:00,slice_2,amf_5,AMF,53.635,58.912,34.556,0.003098,321.472,0.799208,0,,realistic_mixed
2026-05-11T09:14:15+00:00,slice_3,smf_6,SMF,54.019,57.758,19.666,0.006403,391.08,0.84887,0,,realistic_mixed
2026-05-11T09:14:15+00:00,slice_1,gnb_7,gNB,61.685,61.844,27.817,0.009316,688.506,0.859609,0,,realistic_mixed
2026-05-11T09:14:15+00:00,slice_2,upf_8,UPF,57.99,58.55,32.217,0.004691,343.758,0.689751,0,,realistic_mixed
2026-05-11T09:15:15+00:00,slice_1,gnb_1,gNB,52.988,56.766,35.023,0.014452,692.338,0.920828,0,,realistic_mixed
2026-05-11T09:15:15+00:00,slice_2,upf_2,UPF,58.063,51.418,33.541,0.002537,411.367,0.771934,0,,realistic_mixed
2026-05-11T09:15:15+00:00,slice_3,router_3,Router,51.308,46.346,12.113,0.006444,238.466,0.686109,0,,realistic_mixed
2026-05-11T09:15:15+00:00,slice_1,service_4,Service,52.16,48.713,34.282,0.016793,708.541,0.924049,0,,realistic_mixed
2026-05-11T09:15:15+00:00,slice_2,amf_5,AMF,53.548,65.09,31.56,0.002592,274.095,0.726598,0,,realistic_mixed
2026-05-11T09:15:15+00:00,slice_3,smf_6,SMF,61.631,71.577,12.078,0.004,434.841,0.762044,0,,realistic_mixed
2026-05-11T09:15:15+00:00,slice_1,gnb_7,gNB,56.85,62.959,34.513,0.012383,508.523,0.905413,0,,realistic_mixed
2026-05-11T09:15:15+00:00,slice_2,upf_8,UPF,50.603,59.133,33.208,0.003737,315.064,0.719158,0,,realistic_mixed
2026-05-11T09:16:15+00:00,slice_1,gnb_1,gNB,50.704,64.293,18.858,0.002706,566.414,0.731423,0,,realistic_mixed
2026-05-11T09:16:15+00:00,slice_2,upf_2,UPF,63.537,65.121,38.702,0.003885,233.23,0.773986,0,,realistic_mixed
2026-05-11T09:16:15+00:00,slice_3,router_3,Router,64.288,54.841,22.144,0.011536,328.359,0.87573,0,,realistic_mixed
2026-05-11T09:16:15+00:00,slice_1,service_4,Service,59.534,60.101,33.86,0.016342,640.172,0.911566,0,,realistic_mixed
2026-05-11T09:16:15+00:00,slice_2,amf_5,AMF,70.394,57.467,37.301,0.003968,107.726,0.646,0,,realistic_mixed
2026-05-11T09:16:15+00:00,slice_3,smf_6,SMF,53.103,57.896,11.9,0.004887,451.063,0.754445,0,,realistic_mixed
2026-05-11T09:16:15+00:00,slice_1,gnb_7,gNB,54.925,59.363,29.385,0.008713,483.404,0.868672,0,,realistic_mixed
2026-05-11T09:16:15+00:00,slice_2,upf_8,UPF,55.232,63.579,33.341,0.003921,251.165,0.621877,0,,realistic_mixed
2026-05-11T09:17:15+00:00,slice_1,gnb_1,gNB,56.012,58.372,31.889,0.01381,713.588,0.900985,0,,realistic_mixed
2026-05-11T09:17:15+00:00,slice_2,upf_2,UPF,51.517,61.181,32.41,0.003648,180.351,0.76085,0,,realistic_mixed
2026-05-11T09:17:15+00:00,slice_3,router_3,Router,65.435,63.79,25.305,0.013422,430.573,0.900121,0,,realistic_mixed
2026-05-11T09:17:15+00:00,slice_1,service_4,Service,50.597,53.683,22.511,0.003986,604.968,0.807053,0,,realistic_mixed
2026-05-11T09:17:15+00:00,slice_2,amf_5,AMF,59.627,67.884,30.626,0.00323,227.539,0.69482,0,,realistic_mixed
2026-05-11T09:17:15+00:00,slice_3,smf_6,SMF,52.981,54.191,19.147,0.004553,496.003,0.834876,0,,realistic_mixed
2026-05-11T09:17:15+00:00,slice_1,gnb_7,gNB,64.268,69.679,20.341,0.00448,440.419,0.757178,0,,realistic_mixed
2026-05-11T09:17:15+00:00,slice_2,upf_8,UPF,53.651,58.642,29.627,0.003906,204.625,0.711912,0,,realistic_mixed
2026-05-11T09:18:15+00:00,slice_1,gnb_1,gNB,53.51,63.533,26.856,0.005058,516.961,0.843307,0,,realistic_mixed
2026-05-11T09:18:15+00:00,slice_2,upf_2,UPF,48.763,55.859,32.124,0.005629,140.196,0.754279,0,,realistic_mixed
2026-05-11T09:18:15+00:00,slice_3,router_3,Router,63.316,59.389,25.516,0.014445,376.276,0.914998,0,,realistic_mixed
2026-05-11T09:18:15+00:00,slice_1,service_4,Service,62.951,70.189,27.57,0.008837,560.647,0.846234,0,,realistic_mixed
2026-05-11T09:18:15+00:00,slice_2,amf_5,AMF,48.435,53.194,30.824,0.005729,269.936,0.569217,0,,realistic_mixed
2026-05-11T09:18:15+00:00,slice_3,smf_6,SMF,48.206,54.165,17.861,0.003802,342.808,0.818979,0,,realistic_mixed
2026-05-11T09:18:15+00:00,slice_1,gnb_7,gNB,59.262,54.712,26.018,0.00249,603.169,0.817488,0,,realistic_mixed
2026-05-11T09:18:15+00:00,slice_2,upf_8,UPF,47.166,54.59,36.688,0.003598,208.335,0.655853,0,,realistic_mixed
2026-05-11T09:19:15+00:00,slice_1,gnb_1,gNB,55.535,52.55,23.615,0.002059,573.145,0.813362,0,,realistic_mixed
2026-05-11T09:19:15+00:00,slice_2,upf_2,UPF,63.496,62.942,31.927,0.002655,249.046,0.761471,0,,realistic_mixed
2026-05-11T09:19:15+00:00,slice_3,router_3,Router,57.669,62.738,20.917,0.008575,543.236,0.869018,0,,realistic_mixed
2026-05-11T09:19:15+00:00,slice_1,service_4,Service,57.58,52.333,19.307,0.00342,467.175,0.751755,0,,realistic_mixed
2026-05-11T09:19:15+00:00,slice_2,amf_5,AMF,57.329,58.177,31.201,0.002596,156.746,0.738097,0,,realistic_mixed
2026-05-11T09:19:15+00:00,slice_3,smf_6,SMF,48.984,50.197,11.435,0.004064,400.95,0.752131,0,,realistic_mixed
2026-05-11T09:19:15+00:00,slice_1,gnb_7,gNB,56.981,56.789,23.008,0.002641,459.009,0.794604,0,,realistic_mixed
2026-05-11T09:19:15+00:00,slice_2,upf_8,UPF,57.04,58.899,36.665,0.00268,180.928,0.819527,0,,realistic_mixed
2026-05-11T09:20:15+00:00,slice_1,gnb_1,gNB,51.555,50.666,27.516,0.006262,521.247,0.843809,0,,realistic_mixed
2026-05-11T09:20:15+00:00,slice_2,upf_2,UPF,61.343,65.939,39.182,0.005829,205.402,0.833438,0,,realistic_mixed
2026-05-11T09:20:15+00:00,slice_3,router_3,Router,50.017,55.256,11.678,0.004603,281.157,0.721379,0,,realistic_mixed
2026-05-11T09:20:15+00:00,slice_1,service_4,Service,55.006,70.047,22.065,0.00227,511.432,0.809104,0,,realistic_mixed
2026-05-11T09:20:15+00:00,slice_2,amf_5,AMF,61.347,49.216,34.56,0.003478,274.4,0.630319,0,,realistic_mixed
2026-05-11T09:20:15+00:00,slice_3,smf_6,SMF,47.191,47.527,14.812,0.003433,224.123,0.741379,0,,realistic_mixed
2026-05-11T09:20:15+00:00,slice_1,gnb_7,gNB,62.972,61.079,25.635,0.004079,579.307,0.826383,0,,realistic_mixed
2026-05-11T09:20:15+00:00,slice_2,upf_8,UPF,71.423,68.9,41.668,0.00305,158.143,0.721295,0,,realistic_mixed
2026-05-11T09:21:15+00:00,slice_1,gnb_1,gNB,45.838,51.58,19.678,0.00208,539.619,0.765096,0,,realistic_mixed
2026-05-11T09:21:15+00:00,slice_2,upf_2,UPF,55.063,57.453,32.393,0.003674,295.889,0.759363,0,,realistic_mixed
2026-05-11T09:21:15+00:00,slice_3,router_3,Router,41.27,50.731,11.301,0.004446,533.521,0.696936,0,,realistic_mixed
2026-05-11T09:21:15+00:00,slice_1,service_4,Service,55.101,58.897,27.733,0.005411,555.762,0.833177,0,,realistic_mixed
2026-05-11T09:21:15+00:00,slice_2,amf_5,AMF,65.706,58.824,31.915,0.002207,204.267,0.747849,0,,realistic_mixed
2026-05-11T09:21:15+00:00,slice_3,smf_6,SMF,60.739,55.497,10.541,0.002256,333.498,0.681999,0,,realistic_mixed
2026-05-11T09:21:15+00:00,slice_1,gnb_7,gNB,48.76,58.228,31.554,0.010454,532.82,0.883031,0,,realistic_mixed
2026-05-11T09:21:15+00:00,slice_2,upf_8,UPF,56.706,46.912,32.578,0.002707,117.89,0.727946,0,,realistic_mixed
2026-05-11T09:22:15+00:00,slice_1,gnb_1,gNB,58.716,54.66,32.568,0.014643,746.169,0.90055,0,,realistic_mixed
2026-05-11T09:22:15+00:00,slice_2,upf_2,UPF,48.8,55.386,32.731,0.002884,178.409,0.75051,0,,realistic_mixed
2026-05-11T09:22:15+00:00,slice_3,router_3,Router,55.892,63.537,10.232,0.002952,447.44,0.703389,0,,realistic_mixed
2026-05-11T09:22:15+00:00,slice_1,service_4,Service,53.715,57.285,32.312,0.015486,552.044,0.921089,0,,realistic_mixed
2026-05-11T09:22:15+00:00,slice_2,amf_5,AMF,55.128,62.058,30.943,0.002971,284.4,0.71499,0,,realistic_mixed
2026-05-11T09:22:15+00:00,slice_3,smf_6,SMF,52.645,51.831,10.404,0.004272,346.349,0.713086,0,,realistic_mixed
2026-05-11T09:22:15+00:00,slice_1,gnb_7,gNB,56.458,52.596,17.574,0.003718,554.486,0.727515,0,,realistic_mixed
2026-05-11T09:22:15+00:00,slice_2,upf_8,UPF,47.561,49.593,32.895,0.00383,182.358,0.720262,0,,realistic_mixed
2026-05-11T09:23:15+00:00,slice_1,gnb_1,gNB,68.36,61.546,31.216,0.003265,609.95,0.828969,0,,realistic_mixed
2026-05-11T09:23:15+00:00,slice_2,upf_2,UPF,55.646,52.935,32.472,0.002903,330.671,0.723641,0,,realistic_mixed
2026-05-11T09:23:15+00:00,slice_3,router_3,Router,54.698,59.031,11.55,0.004575,549.334,0.751854,0,,realistic_mixed
2026-05-11T09:23:15+00:00,slice_1,service_4,Service,55.199,67.077,28.287,0.006034,764.269,0.849605,0,,realistic_mixed
2026-05-11T09:23:15+00:00,slice_2,amf_5,AMF,59.194,56.111,30.215,0.003935,319.13,0.686359,0,,realistic_mixed
2026-05-11T09:23:15+00:00,slice_3,smf_6,SMF,59.496,65.421,22.535,0.01,507.648,0.884021,0,,realistic_mixed
2026-05-11T09:23:15+00:00,slice_1,gnb_7,gNB,43.207,57.179,21.724,0.005435,581.581,0.795474,0,,realistic_mixed
2026-05-11T09:23:15+00:00,slice_2,upf_8,UPF,54.815,59.158,32.266,0.002905,160.446,0.625831,0,,realistic_mixed
2026-05-11T09:24:15+00:00,slice_1,gnb_1,gNB,58.728,60.091,19.13,0.002695,429.285,0.725903,0,,realistic_mixed
2026-05-11T09:24:15+00:00,slice_2,upf_2,UPF,64.402,57.53,31.952,0.003017,357.771,0.717035,0,,realistic_mixed
2026-05-11T09:24:15+00:00,slice_3,router_3,Router,59.439,54.447,24.011,0.008978,375.686,0.875435,0,,realistic_mixed
2026-05-11T09:24:15+00:00,slice_1,service_4,Service,51.453,60.931,20.309,0.002067,443.37,0.781988,0,,realistic_mixed
2026-05-11T09:24:15+00:00,slice_2,amf_5,AMF,67.391,61.883,35.374,0.002118,202.986,0.678227,0,,realistic_mixed
2026-05-11T09:24:15+00:00,slice_3,smf_6,SMF,55.568,56.059,23.72,0.014071,417.103,0.883077,0,,realistic_mixed
2026-05-11T09:24:15+00:00,slice_1,gnb_7,gNB,61.738,63.437,17.395,0.002535,647.506,0.717653,0,,realistic_mixed
2026-05-11T09:24:15+00:00,slice_2,upf_8,UPF,49.368,54.894,36.646,0.004412,313.049,0.709841,0,,realistic_mixed
2026-05-11T09:25:15+00:00,slice_1,gnb_1,gNB,61.64,58.956,33.924,0.002963,546.628,0.809157,0,,realistic_mixed
2026-05-11T09:25:15+00:00,slice_2,upf_2,UPF,40.679,53.762,33.235,0.00293,197.133,0.698284,0,,realistic_mixed
2026-05-11T09:25:15+00:00,slice_3,router_3,Router,53.404,55.635,15.356,0.00383,464.286,0.777336,0,,realistic_mixed
2026-05-11T09:25:15+00:00,slice_1,service_4,Service,56.428,49.464,28.677,0.009458,587.842,0.849861,0,,realistic_mixed
2026-05-11T09:25:15+00:00,slice_2,amf_5,AMF,59.037,49.084,32.863,0.005285,249.95,0.681413,0,,realistic_mixed
2026-05-11T09:25:15+00:00,slice_3,smf_6,SMF,44.099,46.285,13.739,0.003559,347.281,0.776421,0,,realistic_mixed
2026-05-11T09:25:15+00:00,slice_1,gnb_7,gNB,54.987,50.46,26.83,0.007605,680.27,0.863193,0,,realistic_mixed
2026-05-11T09:25:15+00:00,slice_2,upf_8,UPF,49.398,50.52,31.591,0.00441,292.563,0.719022,0,,realistic_mixed
2026-05-11T09:26:15+00:00,slice_1,gnb_1,gNB,60.408,50.409,20.918,0.002239,641.902,0.763926,0,,realistic_mixed
2026-05-11T09:26:15+00:00,slice_2,upf_2,UPF,58.174,55.14,30.316,0.005544,174.804,0.685768,0,,realistic_mixed
2026-05-11T09:26:15+00:00,slice_3,router_3,Router,63.171,66.774,14.107,0.005439,484.062,0.778896,0,,realistic_mixed
2026-05-11T09:26:15+00:00,slice_1,service_4,Service,51.276,53.294,24.074,0.004973,550.528,0.816267,0,,realistic_mixed
2026-05-11T09:26:15+00:00,slice_2,amf_5,AMF,39.925,51.49,31.214,0.003738,249.471,0.625651,0,,realistic_mixed
2026-05-11T09:26:15+00:00,slice_3,smf_6,SMF,43.272,57.718,10.341,0.004156,466.858,0.717748,0,,realistic_mixed
2026-05-11T09:26:15+00:00,slice_1,gnb_7,gNB,58.831,62.214,21.71,0.00243,590.961,0.786562,0,,realistic_mixed
2026-05-11T09:26:15+00:00,slice_2,upf_8,UPF,39.881,53.94,30.49,0.006443,241.622,0.685063,0,,realistic_mixed
2026-05-11T09:27:15+00:00,slice_1,gnb_1,gNB,66.102,55.344,28.706,0.006633,618.382,0.846781,0,,realistic_mixed
2026-05-11T09:27:15+00:00,slice_2,upf_2,UPF,59.974,58.955,40.696,0.009852,130.243,0.867614,0,,realistic_mixed
2026-05-11T09:27:15+00:00,slice_3,router_3,Router,74.823,60.714,23.5,0.00656,469.575,0.757836,0,,realistic_mixed
2026-05-11T09:27:15+00:00,slice_1,service_4,Service,52.458,53.12,22.127,0.003364,698.063,0.805265,0,,realistic_mixed
2026-05-11T09:27:15+00:00,slice_2,amf_5,AMF,53.852,46.635,30.524,0.003786,242.152,0.655498,0,,realistic_mixed
2026-05-11T09:27:15+00:00,slice_3,smf_6,SMF,51.607,58.586,21.208,0.00925,428.99,0.871014,0,,realistic_mixed
2026-05-11T09:27:15+00:00,slice_1,gnb_7,gNB,58.895,62.686,29.62,0.008442,556.298,0.870697,0,,realistic_mixed
2026-05-11T09:27:15+00:00,slice_2,upf_8,UPF,51.354,54.622,31.573,0.002921,234.019,0.752688,0,,realistic_mixed
2026-05-11T09:28:15+00:00,slice_1,gnb_1,gNB,57.03,60.997,24.381,0.003627,580.839,0.819113,0,,realistic_mixed
2026-05-11T09:28:15+00:00,slice_2,upf_2,UPF,48.824,45.939,31.913,0.003728,386.235,0.744683,0,,realistic_mixed
2026-05-11T09:28:15+00:00,slice_3,router_3,Router,64.829,62.267,15.168,0.002804,269.717,0.796461,0,,realistic_mixed
2026-05-11T09:28:15+00:00,slice_1,service_4,Service,56.943,57.127,29.264,0.008166,587.746,0.854188,0,,realistic_mixed
2026-05-11T09:28:15+00:00,slice_2,amf_5,AMF,35.166,51.831,30.672,0.002711,226.572,0.655035,0,,realistic_mixed
2026-05-11T09:28:15+00:00,slice_3,smf_6,SMF,58.809,64.137,17.283,0.006999,407.557,0.792032,0,,realistic_mixed
2026-05-11T09:28:15+00:00,slice_1,gnb_7,gNB,58.519,56.897,28.464,0.00804,537.169,0.843465,0,,realistic_mixed
2026-05-11T09:28:15+00:00,slice_2,upf_8,UPF,51.345,57.783,30.088,0.002081,257.278,0.653943,0,,realistic_mixed
2026-05-11T09:29:15+00:00,slice_1,gnb_1,gNB,38.356,48.488,31.648,0.009323,524.481,0.875474,0,,realistic_mixed
2026-05-11T09:29:15+00:00,slice_2,upf_2,UPF,50.528,45.192,35.778,0.002581,209.327,0.817302,0,,realistic_mixed
2026-05-11T09:29:15+00:00,slice_3,router_3,Router,51.023,49.034,10.402,0.006232,386.446,0.723423,0,,realistic_mixed
2026-05-11T09:29:15+00:00,slice_1,service_4,Service,50.171,59.667,27.776,0.003597,471.872,0.826526,0,,realistic_mixed
2026-05-11T09:29:15+00:00,slice_2,amf_5,AMF,56.059,52.561,36.282,0.004799,189.651,0.755275,0,,realistic_mixed
2026-05-11T09:29:15+00:00,slice_3,smf_6,SMF,63.317,63.256,14.698,0.002504,430.097,0.748006,0,,realistic_mixed
2026-05-11T09:29:15+00:00,slice_1,gnb_7,gNB,59.679,61.327,17.189,0.002029,676.458,0.719353,0,,realistic_mixed
2026-05-11T09:29:15+00:00,slice_2,upf_8,UPF,63.888,55.124,33.721,0.005793,116.093,0.762712,0,,realistic_mixed
2026-05-11T09:30:15+00:00,slice_1,gnb_1,gNB,53.496,58.471,22.589,0.00256,484.876,0.797377,0,,realistic_mixed
2026-05-11T09:30:15+00:00,slice_2,upf_2,UPF,52.706,49.018,29.761,0.002321,341.434,0.745118,0,,realistic_mixed
2026-05-11T09:30:15+00:00,slice_3,router_3,Router,44.829,47.714,22.54,0.011376,441.707,0.882443,0,,realistic_mixed
2026-05-11T09:30:15+00:00,slice_1,service_4,Service,57.029,61.657,26.577,0.003429,470.22,0.831382,0,,realistic_mixed
2026-05-11T09:30:15+00:00,slice_2,amf_5,AMF,54.24,57.939,32.285,0.004567,294.196,0.721302,0,,realistic_mixed
2026-05-11T09:30:15+00:00,slice_3,smf_6,SMF,56.004,50.53,12.063,0.002433,431.43,0.658783,0,,realistic_mixed
2026-05-11T09:30:15+00:00,slice_1,gnb_7,gNB,49.415,56.009,24.704,0.003063,564.326,0.791413,0,,realistic_mixed
2026-05-11T09:30:15+00:00,slice_2,upf_8,UPF,51.956,48.353,31.34,0.002721,266.683,0.726044,0,,realistic_mixed
2026-05-11T09:31:15+00:00,slice_1,gnb_1,gNB,66.51,66.564,21.725,0.005369,584.039,0.734016,0,,realistic_mixed
2026-05-11T09:31:15+00:00,slice_2,upf_2,UPF,59.407,63.519,30.651,0.002995,28.641,0.719512,0,,realistic_mixed
2026-05-11T09:31:15+00:00,slice_3,router_3,Router,60.057,60.564,11.961,0.002722,287.698,0.689276,0,,realistic_mixed
2026-05-11T09:31:15+00:00,slice_1,service_4,Service,39.721,44.067,24.813,0.002597,550.042,0.789107,0,,realistic_mixed
2026-05-11T09:31:15+00:00,slice_2,amf_5,AMF,54.197,56.633,30.588,0.003895,228.361,0.756015,0,,realistic_mixed
2026-05-11T09:31:15+00:00,slice_3,smf_6,SMF,58.217,59.479,20.343,0.00915,534.262,0.863144,0,,realistic_mixed
2026-05-11T09:31:15+00:00,slice_1,gnb_7,gNB,59.569,62.384,25.099,0.004189,705.281,0.816827,0,,realistic_mixed
2026-05-11T09:31:15+00:00,slice_2,upf_8,UPF,69.429,64.858,37.842,0.002695,270.057,0.734251,0,,realistic_mixed
2026-05-11T09:32:15+00:00,slice_1,gnb_1,gNB,42.448,53.317,24.327,0.002673,517.8,0.815873,0,,realistic_mixed
2026-05-11T09:32:15+00:00,slice_2,upf_2,UPF,44.097,67.007,32.592,0.004362,395.764,0.68518,0,,realistic_mixed
2026-05-11T09:32:15+00:00,slice_3,router_3,Router,51.388,64.406,15.808,0.003556,463.385,0.787136,0,,realistic_mixed
2026-05-11T09:32:15+00:00,slice_1,service_4,Service,50.754,47.266,23.753,0.004476,513.284,0.798417,0,,realistic_mixed
2026-05-11T09:32:15+00:00,slice_2,amf_5,AMF,52.132,61.37,30.771,0.003422,231.321,0.740073,0,,realistic_mixed
2026-05-11T09:32:15+00:00,slice_3,smf_6,SMF,62.393,56.09,19.275,0.00544,487.442,0.842933,0,,realistic_mixed
2026-05-11T09:32:15+00:00,slice_1,gnb_7,gNB,58.155,55.062,24.866,0.006605,460.127,0.828091,0,,realistic_mixed
2026-05-11T09:32:15+00:00,slice_2,upf_8,UPF,46.876,48.617,35.074,0.002672,186.755,0.693314,0,,realistic_mixed
2026-05-11T09:33:15+00:00,slice_1,gnb_1,gNB,58.505,58.363,26.359,0.00602,467.034,0.847007,0,,realistic_mixed
2026-05-11T09:33:15+00:00,slice_2,upf_2,UPF,41.329,63.368,30.583,0.002354,167.71,0.70158,0,,realistic_mixed
2026-05-11T09:33:15+00:00,slice_3,router_3,Router,47.171,55.15,11.766,0.00201,397.676,0.751907,0,,realistic_mixed
2026-05-11T09:33:15+00:00,slice_1,service_4,Service,57.711,54.011,30.702,0.011321,500.487,0.886824,0,,realistic_mixed
2026-05-11T09:33:15+00:00,slice_2,amf_5,AMF,35.715,42.266,31.344,0.004638,271.388,0.686249,0,,realistic_mixed
2026-05-11T09:33:15+00:00,slice_3,smf_6,SMF,56.192,69.309,19.958,0.008004,358.444,0.841989,0,,realistic_mixed
2026-05-11T09:33:15+00:00,slice_1,gnb_7,gNB,52.889,58.839,33.458,0.014127,559.134,0.902101,0,,realistic_mixed
2026-05-11T09:33:15+00:00,slice_2,upf_8,UPF,52.013,50.978,31.841,0.002488,294.563,0.678407,0,,realistic_mixed
2026-05-11T09:34:15+00:00,slice_1,gnb_1,gNB,54.905,53.765,16.89,0.005255,520.976,0.739707,0,,realistic_mixed
2026-05-11T09:34:15+00:00,slice_2,upf_2,UPF,62.15,62.228,32.65,0.005945,246.616,0.767905,0,,realistic_mixed
2026-05-11T09:34:15+00:00,slice_3,router_3,Router,44.529,42.882,13.173,0.002737,453.742,0.778212,0,,realistic_mixed
2026-05-11T09:34:15+00:00,slice_1,service_4,Service,62.212,59.052,28.051,0.0066,484.158,0.832927,0,,realistic_mixed
2026-05-11T09:34:15+00:00,slice_2,amf_5,AMF,46.155,46.376,30.129,0.002004,193.189,0.688627,0,,realistic_mixed
2026-05-11T09:34:15+00:00,slice_3,smf_6,SMF,45.047,64.726,16.578,0.003578,321.25,0.795015,0,,realistic_mixed
2026-05-11T09:34:15+00:00,slice_1,gnb_7,gNB,45.821,52.062,26.753,0.006082,471.327,0.827131,0,,realistic_mixed
2026-05-11T09:34:15+00:00,slice_2,upf_8,UPF,49.652,54.747,31.6,0.002385,104.998,0.659734,0,,realistic_mixed
2026-05-11T09:35:15+00:00,slice_1,gnb_1,gNB,70.438,63.707,30.775,0.005816,459.05,0.789412,0,,realistic_mixed
2026-05-11T09:35:15+00:00,slice_2,upf_2,UPF,44.585,56.464,30.993,0.002099,303.734,0.729077,0,,realistic_mixed
2026-05-11T09:35:15+00:00,slice_3,router_3,Router,50.024,52.563,15.573,0.003791,428.632,0.784991,0,,realistic_mixed
2026-05-11T09:35:15+00:00,slice_1,service_4,Service,57.681,48.526,27.551,0.004701,530.673,0.840176,0,,realistic_mixed
2026-05-11T09:35:15+00:00,slice_2,amf_5,AMF,59.65,59.614,31.377,0.00213,330.393,0.655648,0,,realistic_mixed
2026-05-11T09:35:15+00:00,slice_3,smf_6,SMF,50.566,52.253,14.597,0.003127,527.219,0.783008,0,,realistic_mixed
2026-05-11T09:35:15+00:00,slice_1,gnb_7,gNB,62.763,56.983,23.488,0.003709,506.91,0.783526,0,,realistic_mixed
2026-05-11T09:35:15+00:00,slice_2,upf_8,UPF,60.1,56.03,29.889,0.004754,331.18,0.731218,0,,realistic_mixed
2026-05-11T09:36:15+00:00,slice_1,gnb_1,gNB,67.681,54.634,34.803,0.014775,710.59,0.896196,0,,realistic_mixed
2026-05-11T09:36:15+00:00,slice_2,upf_2,UPF,61.732,63.979,30.024,0.005981,245.169,0.729775,0,,realistic_mixed
2026-05-11T09:36:15+00:00,slice_3,router_3,Router,56.14,55.938,12.75,0.003746,272.638,0.707599,0,,realistic_mixed
2026-05-11T09:36:15+00:00,slice_1,service_4,Service,42.678,48.323,25.419,0.007381,470.59,0.827622,0,,realistic_mixed
2026-05-11T09:36:15+00:00,slice_2,amf_5,AMF,53.294,48.602,31.284,0.002129,296.209,0.628647,0,,realistic_mixed
2026-05-11T09:36:15+00:00,slice_3,smf_6,SMF,68.808,65.708,22.849,0.004075,438.635,0.809529,0,,realistic_mixed
2026-05-11T09:36:15+00:00,slice_1,gnb_7,gNB,62.047,56.432,23.703,0.004028,353.74,0.81682,0,,realistic_mixed
2026-05-11T09:36:15+00:00,slice_2,upf_8,UPF,59.622,51.666,33.537,0.003358,301.132,0.770579,0,,realistic_mixed
2026-05-11T09:37:15+00:00,slice_1,gnb_1,gNB,54.241,56.498,24.559,0.00218,501.452,0.812315,0,,realistic_mixed
2026-05-11T09:37:15+00:00,slice_2,upf_2,UPF,47.772,59.06,31.723,0.002391,191.224,0.705765,0,,realistic_mixed
2026-05-11T09:37:15+00:00,slice_3,router_3,Router,63.449,67.465,22.48,0.01115,396.717,0.880766,0,,realistic_mixed
2026-05-11T09:37:15+00:00,slice_1,service_4,Service,54.759,52.843,31.339,0.011912,742.847,0.9024,0,,realistic_mixed
2026-05-11T09:37:15+00:00,slice_2,amf_5,AMF,51.422,57.97,32.689,0.002002,330.277,0.641982,0,,realistic_mixed
2026-05-11T09:37:15+00:00,slice_3,smf_6,SMF,64.534,62.091,20.442,0.009721,568.969,0.851153,0,,realistic_mixed
2026-05-11T09:37:15+00:00,slice_1,gnb_7,gNB,45.553,46.082,23.055,0.003049,511.446,0.802629,0,,realistic_mixed
2026-05-11T09:37:15+00:00,slice_2,upf_8,UPF,61.374,47.286,33.26,0.004713,201.637,0.752034,0,,realistic_mixed
2026-05-11T09:38:15+00:00,slice_1,gnb_1,gNB,48.391,63.932,28.447,0.007656,591.188,0.864598,0,,realistic_mixed
2026-05-11T09:38:15+00:00,slice_2,upf_2,UPF,60.419,56.896,33.567,0.00843,63.573,0.634397,0,,realistic_mixed
2026-05-11T09:38:15+00:00,slice_3,router_3,Router,58.845,67.511,11.119,0.004675,368.3,0.721862,0,,realistic_mixed
2026-05-11T09:38:15+00:00,slice_1,service_4,Service,60.236,44.091,32.619,0.016943,571.285,0.907721,0,,realistic_mixed
2026-05-11T09:38:15+00:00,slice_2,amf_5,AMF,65.307,67.576,31.167,0.00331,265.322,0.681133,0,,realistic_mixed
2026-05-11T09:38:15+00:00,slice_3,smf_6,SMF,56.269,60.791,25.151,0.014346,476.253,0.906168,0,,realistic_mixed
2026-05-11T09:38:15+00:00,slice_1,gnb_7,gNB,46.355,53.992,18.169,0.003851,552.152,0.754315,0,,realistic_mixed
2026-05-11T09:38:15+00:00,slice_2,upf_8,UPF,36.29,46.64,29.415,0.002999,137.89,0.630107,0,,realistic_mixed
2026-05-11T09:39:15+00:00,slice_1,gnb_1,gNB,56.881,61.21,21.277,0.004208,593.402,0.784046,0,,realistic_mixed
2026-05-11T09:39:15+00:00,slice_2,upf_2,UPF,57.043,52.787,31.99,0.002489,209.929,0.702603,0,,realistic_mixed
2026-05-11T09:39:15+00:00,slice_3,router_3,Router,59.117,54.264,16.411,0.004247,244.322,0.806156,0,,realistic_mixed
2026-05-11T09:39:15+00:00,slice_1,service_4,Service,47.613,48.662,29.183,0.008127,563.947,0.861645,0,,realistic_mixed
2026-05-11T09:39:15+00:00,slice_2,amf_5,AMF,57.803,52.609,32.718,0.002201,166.006,0.624501,0,,realistic_mixed
2026-05-11T09:39:15+00:00,slice_3,smf_6,SMF,53.66,56.868,18.542,0.004369,458.595,0.808225,0,,realistic_mixed
2026-05-11T09:39:15+00:00,slice_1,gnb_7,gNB,55.722,57.11,27.622,0.007535,554.188,0.849244,0,,realistic_mixed
2026-05-11T09:39:15+00:00,slice_2,upf_8,UPF,62.409,58.999,31.471,0.002584,240.208,0.702516,0,,realistic_mixed
2026-05-11T09:40:15+00:00,slice_1,gnb_1,gNB,57.371,53.193,28.739,0.009788,475.523,0.863793,0,,realistic_mixed
2026-05-11T09:40:15+00:00,slice_2,upf_2,UPF,50.904,43.624,38.588,0.005562,85.576,0.845983,0,,realistic_mixed
2026-05-11T09:40:15+00:00,slice_3,router_3,Router,41.98,56.66,10.893,0.003858,502.853,0.735785,0,,realistic_mixed
2026-05-11T09:40:15+00:00,slice_1,service_4,Service,51.098,53.264,20.25,0.004858,552.68,0.770707,0,,realistic_mixed
2026-05-11T09:40:15+00:00,slice_2,amf_5,AMF,49.45,55.165,32.404,0.004984,223.197,0.647299,0,,realistic_mixed
2026-05-11T09:40:15+00:00,slice_3,smf_6,SMF,52.006,46.542,14.745,0.005039,465.524,0.786996,0,,realistic_mixed
2026-05-11T09:40:15+00:00,slice_1,gnb_7,gNB,59.575,56.377,24.669,0.00757,419.012,0.809071,0,,realistic_mixed
2026-05-11T09:40:15+00:00,slice_2,upf_8,UPF,58.158,51.987,32.133,0.004025,200.262,0.738061,0,,realistic_mixed
2026-05-11T09:41:15+00:00,slice_1,gnb_1,gNB,50.144,55.294,26.15,0.005391,575.061,0.83264,0,,realistic_mixed
2026-05-11T09:41:15+00:00,slice_2,upf_2,UPF,64.095,69.995,31.977,0.002013,153.946,0.774404,0,,realistic_mixed
2026-05-11T09:41:15+00:00,slice_3,router_3,Router,50.61,59.593,10.322,0.002941,438.603,0.72905,0,,realistic_mixed
2026-05-11T09:41:15+00:00,slice_1,service_4,Service,57.875,57.497,21.214,0.002576,406.542,0.786048,0,,realistic_mixed
2026-05-11T09:41:15+00:00,slice_2,amf_5,AMF,67.547,56.984,35.093,0.006248,220.497,0.728224,0,,realistic_mixed
2026-05-11T09:41:15+00:00,slice_3,smf_6,SMF,66.39,67.098,16.746,0.003599,496.166,0.787299,0,,realistic_mixed
2026-05-11T09:41:15+00:00,slice_1,gnb_7,gNB,45.857,53.907,25.55,0.003055,510.614,0.823471,0,,realistic_mixed
2026-05-11T09:41:15+00:00,slice_2,upf_8,UPF,55.741,54.611,30.679,0.003099,293.636,0.681041,0,,realistic_mixed
2026-05-11T09:42:15+00:00,slice_1,gnb_1,gNB,60.683,55.577,22.678,0.002153,505.427,0.778256,0,,realistic_mixed
2026-05-11T09:42:15+00:00,slice_2,upf_2,UPF,66.03,49.549,35.004,0.00347,85.561,0.666573,0,,realistic_mixed
2026-05-11T09:42:15+00:00,slice_3,router_3,Router,60.026,58.469,13.763,0.003472,386.042,0.749077,0,,realistic_mixed
2026-05-11T09:42:15+00:00,slice_1,service_4,Service,49.631,46.226,32.086,0.012874,421.045,0.906351,0,,realistic_mixed
2026-05-11T09:42:15+00:00,slice_2,amf_5,AMF,48.424,49.57,30.98,0.004169,255.41,0.737035,0,,realistic_mixed
2026-05-11T09:42:15+00:00,slice_3,smf_6,SMF,59.699,57.209,22.972,0.01147,470.286,0.88691,0,,realistic_mixed
2026-05-11T09:42:15+00:00,slice_1,gnb_7,gNB,39.893,52.63,20.65,0.00398,426.391,0.77531,0,,realistic_mixed
2026-05-11T09:42:15+00:00,slice_2,upf_8,UPF,57.752,64.496,30.544,0.007384,210.431,0.713077,0,,realistic_mixed
2026-05-11T09:43:15+00:00,slice_1,gnb_1,gNB,46.966,56.653,24.499,0.003161,605.547,0.796832,0,,realistic_mixed
2026-05-11T09:43:15+00:00,slice_2,upf_2,UPF,63.564,63.269,30.64,0.002228,262.264,0.699371,0,,realistic_mixed
2026-05-11T09:43:15+00:00,slice_3,router_3,Router,53.401,55.086,13.387,0.002034,428.44,0.752132,0,,realistic_mixed
2026-05-11T09:43:15+00:00,slice_1,service_4,Service,54.334,56.104,28.289,0.007481,618.169,0.852938,0,,realistic_mixed
2026-05-11T09:43:15+00:00,slice_2,amf_5,AMF,68.779,62.852,36.29,0.00262,222.057,0.66283,0,,realistic_mixed
2026-05-11T09:43:15+00:00,slice_3,smf_6,SMF,59.351,54.993,13.956,0.002922,386.676,0.785808,0,,realistic_mixed
2026-05-11T09:43:15+00:00,slice_1,gnb_7,gNB,58.149,59.194,18.489,0.003098,536.639,0.760655,0,,realistic_mixed
2026-05-11T09:43:15+00:00,slice_2,upf_8,UPF,60.747,49.525,30.243,0.003652,154.743,0.678688,0,,realistic_mixed
2026-05-11T09:44:15+00:00,slice_1,gnb_1,gNB,42.043,52.576,21.177,0.007053,437.925,0.686204,0,,realistic_mixed
2026-05-11T09:44:15+00:00,slice_2,upf_2,UPF,50.027,60.694,30.898,0.003262,124.822,0.662234,0,,realistic_mixed
2026-05-11T09:44:15+00:00,slice_3,router_3,Router,49.143,46.667,20.304,0.006479,486.196,0.852835,0,,realistic_mixed
2026-05-11T09:44:15+00:00,slice_1,service_4,Service,70.651,64.116,26.212,0.002761,644.903,0.690895,0,,realistic_mixed
2026-05-11T09:44:15+00:00,slice_2,amf_5,AMF,60.022,48.425,33.803,0.002911,182.205,0.77655,0,,realistic_mixed
2026-05-11T09:44:15+00:00,slice_3,smf_6,SMF,64.032,62.467,12.41,0.003033,424.233,0.728694,0,,realistic_mixed
2026-05-11T09:44:15+00:00,slice_1,gnb_7,gNB,50.201,53.559,23.756,0.004873,613.664,0.810197,0,,realistic_mixed
2026-05-11T09:44:15+00:00,slice_2,upf_8,UPF,47.971,43.156,30.66,0.003154,226.699,0.707318,0,,realistic_mixed
2026-05-11T09:45:15+00:00,slice_1,gnb_1,gNB,49.303,48.633,26.419,0.00489,571.139,0.811835,0,,realistic_mixed
2026-05-11T09:45:15+00:00,slice_2,upf_2,UPF,58.948,66.577,32.937,0.002784,173.003,0.694881,0,,realistic_mixed
2026-05-11T09:45:15+00:00,slice_3,router_3,Router,64.353,62.501,11.906,0.002393,347.419,0.741528,0,,realistic_mixed
2026-05-11T09:45:15+00:00,slice_1,service_4,Service,56.976,54.659,29.319,0.009072,748.488,0.871819,0,,realistic_mixed
2026-05-11T09:45:15+00:00,slice_2,amf_5,AMF,65.866,63.821,33.755,0.003345,324.065,0.756843,0,,realistic_mixed
2026-05-11T09:45:15+00:00,slice_3,smf_6,SMF,57.592,62.832,11.82,0.003866,357.474,0.752418,0,,realistic_mixed
2026-05-11T09:45:15+00:00,slice_1,gnb_7,gNB,59.021,60.399,29.102,0.008556,702.449,0.863303,0,,realistic_mixed
2026-05-11T09:45:15+00:00,slice_2,upf_8,UPF,60.048,67.788,31.324,0.005179,234.399,0.707316,0,,realistic_mixed
2026-05-11T09:46:15+00:00,slice_1,gnb_1,gNB,58.271,54.671,18.021,0.002551,449.193,0.733762,0,,realistic_mixed
2026-05-11T09:46:15+00:00,slice_2,upf_2,UPF,57.619,60.224,31.477,0.003857,274.29,0.758387,0,,realistic_mixed
2026-05-11T09:46:15+00:00,slice_3,router_3,Router,66.857,67.966,20.287,0.006169,524.759,0.792239,0,,realistic_mixed
2026-05-11T09:46:15+00:00,slice_1,service_4,Service,52.14,56.679,25.693,0.003625,559.153,0.831208,0,,realistic_mixed
2026-05-11T09:46:15+00:00,slice_2,amf_5,AMF,59.841,59.829,36.149,0.002039,474.609,0.793299,0,,realistic_mixed
2026-05-11T09:46:15+00:00,slice_3,smf_6,SMF,54.291,61.5,10.756,0.002741,354.098,0.713498,0,,realistic_mixed
2026-05-11T09:46:15+00:00,slice_1,gnb_7,gNB,62.758,55.217,18.096,0.002125,360.896,0.754388,0,,realistic_mixed
2026-05-11T09:46:15+00:00,slice_2,upf_8,UPF,45.159,61.365,31.259,0.005267,174.339,0.656631,0,,realistic_mixed
2026-05-11T09:47:15+00:00,slice_1,gnb_1,gNB,58.313,56.353,23.846,0.00221,590.275,0.800821,0,,realistic_mixed
2026-05-11T09:47:15+00:00,slice_2,upf_2,UPF,61.682,56.91,32.029,0.002643,231.287,0.650932,0,,realistic_mixed
2026-05-11T09:47:15+00:00,slice_3,router_3,Router,59.336,53.626,20.542,0.007743,396.545,0.862825,0,,realistic_mixed
2026-05-11T09:47:15+00:00,slice_1,service_4,Service,57.26,47.541,27.47,0.005523,666.262,0.831916,0,,realistic_mixed
2026-05-11T09:47:15+00:00,slice_2,amf_5,AMF,56.255,46.542,31.161,0.002067,244.318,0.657407,0,,realistic_mixed
2026-05-11T09:47:15+00:00,slice_3,smf_6,SMF,52.893,52.273,10.344,0.004976,420.167,0.729885,0,,realistic_mixed
2026-05-11T09:47:15+00:00,slice_1,gnb_7,gNB,61.71,67.464,20.096,0.002525,545.446,0.777517,0,,realistic_mixed
2026-05-11T09:47:15+00:00,slice_2,upf_8,UPF,60.398,58.155,35.953,0.002505,248.812,0.800825,0,,realistic_mixed
2026-05-11T09:48:15+00:00,slice_1,gnb_1,gNB,56.033,50.547,17.811,0.002973,567.066,0.750328,0,,realistic_mixed
2026-05-11T09:48:15+00:00,slice_2,upf_2,UPF,50.563,47.505,31.822,0.003685,273.555,0.680474,0,,realistic_mixed
2026-05-11T09:48:15+00:00,slice_3,router_3,Router,64.753,64.194,15.907,0.003296,448.972,0.816528,0,,realistic_mixed
2026-05-11T09:48:15+00:00,slice_1,service_4,Service,69.855,66.507,31.989,0.004554,384.443,0.835301,0,,realistic_mixed
2026-05-11T09:48:15+00:00,slice_2,amf_5,AMF,66.271,65.637,32.938,0.00418,281.359,0.599073,0,,realistic_mixed
2026-05-11T09:48:15+00:00,slice_3,smf_6,SMF,62.283,73.734,12.592,0.002947,439.93,0.759591,0,,realistic_mixed
2026-05-11T09:48:15+00:00,slice_1,gnb_7,gNB,47.047,56.501,29.773,0.013657,528.153,0.874286,0,,realistic_mixed
2026-05-11T09:48:15+00:00,slice_2,upf_8,UPF,51.328,60.475,33.195,0.002647,287.45,0.761069,0,,realistic_mixed
2026-05-11T09:49:15+00:00,slice_1,gnb_1,gNB,55.457,53.245,26.998,0.002945,525.023,0.82207,0,,realistic_mixed
2026-05-11T09:49:15+00:00,slice_2,upf_2,UPF,54.668,51.344,31.155,0.002701,216.626,0.714008,0,,realistic_mixed
2026-05-11T09:49:15+00:00,slice_3,router_3,Router,55.994,50.437,18.863,0.003966,390.242,0.835206,0,,realistic_mixed
2026-05-11T09:49:15+00:00,slice_1,service_4,Service,48.117,48.027,27.484,0.006182,644.396,0.834088,0,,realistic_mixed
2026-05-11T09:49:15+00:00,slice_2,amf_5,AMF,45.771,45.587,30.872,0.003259,203.036,0.678682,0,,realistic_mixed
2026-05-11T09:49:15+00:00,slice_3,smf_6,SMF,58.554,58.658,10.723,0.004248,322.767,0.686139,0,,realistic_mixed
2026-05-11T09:49:15+00:00,slice_1,gnb_7,gNB,60.926,59.12,18.779,0.005662,362.045,0.750397,0,,realistic_mixed
2026-05-11T09:49:15+00:00,slice_2,upf_8,UPF,54.37,57.29,32.396,0.002809,141.848,0.695235,0,,realistic_mixed
2026-05-11T09:50:15+00:00,slice_1,gnb_1,gNB,42.967,67.594,33.675,0.014379,625.769,0.919559,0,,realistic_mixed
2026-05-11T09:50:15+00:00,slice_2,upf_2,UPF,51.418,57.093,30.82,0.005955,174.686,0.675228,0,,realistic_mixed
2026-05-11T09:50:15+00:00,slice_3,router_3,Router,64.091,54.464,23.964,0.008695,542.588,0.870194,0,,realistic_mixed
2026-05-11T09:50:15+00:00,slice_1,service_4,Service,59.277,61.416,19.665,0.003667,641.15,0.701991,0,,realistic_mixed
2026-05-11T09:50:15+00:00,slice_2,amf_5,AMF,60.425,68.02,35.233,0.003136,248.393,0.798606,0,,realistic_mixed
2026-05-11T09:50:15+00:00,slice_3,smf_6,SMF,41.216,48.429,10.01,0.003547,335.245,0.647569,0,,realistic_mixed
2026-05-11T09:50:15+00:00,slice_1,gnb_7,gNB,52.074,57.724,27.769,0.007248,628.179,0.854753,0,,realistic_mixed
2026-05-11T09:50:15+00:00,slice_2,upf_8,UPF,49.122,59.668,30.265,0.003636,269.289,0.694209,0,,realistic_mixed
2026-05-11T09:51:15+00:00,slice_1,gnb_1,gNB,52.594,56.468,17.83,0.004061,386.304,0.720122,0,,realistic_mixed
2026-05-11T09:51:15+00:00,slice_2,upf_2,UPF,53.14,57.202,30.539,0.00321,183.594,0.75905,0,,realistic_mixed
2026-05-11T09:51:15+00:00,slice_3,router_3,Router,40.869,52.381,10.267,0.004603,364.009,0.724064,0,,realistic_mixed
2026-05-11T09:51:15+00:00,slice_1,service_4,Service,61.627,58.626,18.482,0.003091,507.523,0.722738,0,,realistic_mixed
2026-05-11T09:51:15+00:00,slice_2,amf_5,AMF,58.326,52.79,30.718,0.004894,276.212,0.73783,0,,realistic_mixed
2026-05-11T09:51:15+00:00,slice_3,smf_6,SMF,72.268,68.812,21.943,0.002324,485.315,0.761077,0,,realistic_mixed
2026-05-11T09:51:15+00:00,slice_1,gnb_7,gNB,47.014,49.11,21.374,0.004105,667.834,0.766532,0,,realistic_mixed
2026-05-11T09:51:15+00:00,slice_2,upf_8,UPF,68.474,57.942,35.632,0.003267,181.169,0.642929,0,,realistic_mixed
2026-05-11T09:52:15+00:00,slice_1,gnb_1,gNB,56.489,49.299,20.093,0.003643,640.298,0.774778,0,,realistic_mixed
2026-05-11T09:52:15+00:00,slice_2,upf_2,UPF,54.462,65.383,34.397,0.00304,250.22,0.782189,0,,realistic_mixed
2026-05-11T09:52:15+00:00,slice_3,router_3,Router,56.703,53.851,19.612,0.009495,445.879,0.853855,0,,realistic_mixed
2026-05-11T09:52:15+00:00,slice_1,service_4,Service,61.682,59.778,17.63,0.004065,663.724,0.741271,0,,realistic_mixed
2026-05-11T09:52:15+00:00,slice_2,amf_5,AMF,58.858,62.858,32.331,0.004661,250.422,0.663185,0,,realistic_mixed
2026-05-11T09:52:15+00:00,slice_3,smf_6,SMF,47.352,54.451,12.231,0.004441,470.866,0.760753,0,,realistic_mixed
2026-05-11T09:52:15+00:00,slice_1,gnb_7,gNB,58.423,63.818,35.578,0.015755,583.933,0.927364,0,,realistic_mixed
2026-05-11T09:52:15+00:00,slice_2,upf_8,UPF,54.37,59.856,32.958,0.002499,256.626,0.737723,0,,realistic_mixed
2026-05-11T09:53:15+00:00,slice_1,gnb_1,gNB,58.622,61.312,26.547,0.006066,672.903,0.842933,0,,realistic_mixed
2026-05-11T09:53:15+00:00,slice_2,upf_2,UPF,59.774,58.485,30.74,0.003616,242.722,0.653582,0,,realistic_mixed
2026-05-11T09:53:15+00:00,slice_3,router_3,Router,62.927,67.648,13.337,0.002827,314.634,0.77606,0,,realistic_mixed
2026-05-11T09:53:15+00:00,slice_1,service_4,Service,60.138,57.398,32.247,0.012393,529.38,0.90124,0,,realistic_mixed
2026-05-11T09:53:15+00:00,slice_2,amf_5,AMF,66.687,57.96,32.112,0.002006,295.676,0.586234,0,,realistic_mixed
2026-05-11T09:53:15+00:00,slice_3,smf_6,SMF,57.05,61.206,21.737,0.009296,424.522,0.868089,0,,realistic_mixed
2026-05-11T09:53:15+00:00,slice_1,gnb_7,gNB,43.953,46.877,26.141,0.005438,537.998,0.84272,0,,realistic_mixed
2026-05-11T09:53:15+00:00,slice_2,upf_8,UPF,56.213,49.593,32.56,0.00215,130.626,0.761126,0,,realistic_mixed
2026-05-11T09:54:15+00:00,slice_1,gnb_1,gNB,49.199,61.353,23.969,0.004202,586.941,0.809044,0,,realistic_mixed
2026-05-11T09:54:15+00:00,slice_2,upf_2,UPF,59.673,60.451,31.712,0.002057,218.616,0.698115,0,,realistic_mixed
2026-05-11T09:54:15+00:00,slice_3,router_3,Router,50.991,60.101,14.565,0.003443,369.465,0.78735,0,,realistic_mixed
2026-05-11T09:54:15+00:00,slice_1,service_4,Service,60.59,65.055,20.458,0.002027,634.097,0.764494,0,,realistic_mixed
2026-05-11T09:54:15+00:00,slice_2,amf_5,AMF,61.991,52.34,31.091,0.002781,241.616,0.74538,0,,realistic_mixed
2026-05-11T09:54:15+00:00,slice_3,smf_6,SMF,60.581,59.364,13.299,0.003333,435.126,0.638684,0,,realistic_mixed
2026-05-11T09:54:15+00:00,slice_1,gnb_7,gNB,65.207,68.295,34.529,0.011529,483.892,0.870275,0,,realistic_mixed
2026-05-11T09:54:15+00:00,slice_2,upf_8,UPF,57.478,51.402,30.533,0.005835,176.901,0.729118,0,,realistic_mixed
2026-05-11T09:55:15+00:00,slice_1,gnb_1,gNB,55.697,47.689,32.177,0.013413,482.819,0.91242,0,,realistic_mixed
2026-05-11T09:55:15+00:00,slice_2,upf_2,UPF,45.853,44.464,29.623,0.002613,200.68,0.684022,0,,realistic_mixed
2026-05-11T09:55:15+00:00,slice_3,router_3,Router,54.721,63.764,11.906,0.004297,358.403,0.760163,0,,realistic_mixed
2026-05-11T09:55:15+00:00,slice_1,service_4,Service,49.231,40.016,21.795,0.002141,469.446,0.790635,0,,realistic_mixed
2026-05-11T09:55:15+00:00,slice_2,amf_5,AMF,51.218,46.796,31.599,0.002397,160.484,0.60075,0,,realistic_mixed
2026-05-11T09:55:15+00:00,slice_3,smf_6,SMF,65.794,67.447,20.632,0.008912,474.633,0.857039,0,,realistic_mixed
2026-05-11T09:55:15+00:00,slice_1,gnb_7,gNB,65.385,55.882,25.495,0.003194,566.65,0.802547,0,,realistic_mixed
2026-05-11T09:55:15+00:00,slice_2,upf_8,UPF,48.971,57.333,29.588,0.004028,326.081,0.68517,0,,realistic_mixed
2026-05-11T09:56:15+00:00,slice_1,gnb_1,gNB,63.851,58.845,31.393,0.010688,483.524,0.883583,0,,realistic_mixed
2026-05-11T09:56:15+00:00,slice_2,upf_2,UPF,64.945,52.008,30.321,0.003014,238.962,0.725157,0,,realistic_mixed
2026-05-11T09:56:15+00:00,slice_3,router_3,Router,52.858,53.888,10.263,0.002508,324.738,0.744774,0,,realistic_mixed
2026-05-11T09:56:15+00:00,slice_1,service_4,Service,54.121,56.464,28.106,0.010451,602.848,0.854327,0,,realistic_mixed
2026-05-11T09:56:15+00:00,slice_2,amf_5,AMF,57.266,58.05,31.343,0.004316,250.288,0.692744,0,,realistic_mixed
2026-05-11T09:56:15+00:00,slice_3,smf_6,SMF,65.315,62.566,12.917,0.002105,355.78,0.767211,0,,realistic_mixed
2026-05-11T09:56:15+00:00,slice_1,gnb_7,gNB,62.438,52.048,17.629,0.002702,490.692,0.730927,0,,realistic_mixed
2026-05-11T09:56:15+00:00,slice_2,upf_8,UPF,60.091,48.954,29.772,0.002788,135.754,0.758484,0,,realistic_mixed
2026-05-11T09:57:15+00:00,slice_1,gnb_1,gNB,54.418,50.046,24.67,0.004839,578.409,0.819979,0,,realistic_mixed
2026-05-11T09:57:15+00:00,slice_2,upf_2,UPF,45.74,58.532,30.278,0.002252,366.628,0.636264,0,,realistic_mixed
2026-05-11T09:57:15+00:00,slice_3,router_3,Router,47.314,61.35,14.324,0.002094,383.906,0.769405,0,,realistic_mixed
2026-05-11T09:57:15+00:00,slice_1,service_4,Service,50.106,65.699,23.427,0.004001,487.095,0.792049,0,,realistic_mixed
2026-05-11T09:57:15+00:00,slice_2,amf_5,AMF,49.709,52.049,30.05,0.00203,212.013,0.647847,0,,realistic_mixed
2026-05-11T09:57:15+00:00,slice_3,smf_6,SMF,53.728,62.445,11.299,0.002267,358.058,0.730599,0,,realistic_mixed
2026-05-11T09:57:15+00:00,slice_1,gnb_7,gNB,54.481,60.835,25.823,0.003043,484.553,0.828009,0,,realistic_mixed
2026-05-11T09:57:15+00:00,slice_2,upf_8,UPF,56.693,47.666,32.619,0.003658,236.562,0.652979,0,,realistic_mixed
2026-05-11T09:58:15+00:00,slice_1,gnb_1,gNB,60.691,61.983,19.434,0.002904,528.037,0.769735,0,,realistic_mixed
2026-05-11T09:58:15+00:00,slice_2,upf_2,UPF,62.741,60.47,32.201,0.002835,252.977,0.739164,0,,realistic_mixed
2026-05-11T09:58:15+00:00,slice_3,router_3,Router,58.155,54.428,10.807,0.002196,256.761,0.656382,0,,realistic_mixed
2026-05-11T09:58:15+00:00,slice_1,service_4,Service,50.05,43.817,27.51,0.007909,544.791,0.856819,0,,realistic_mixed
2026-05-11T09:58:15+00:00,slice_2,amf_5,AMF,50.885,50.643,30.582,0.004225,136.75,0.552553,0,,realistic_mixed
2026-05-11T09:58:15+00:00,slice_3,smf_6,SMF,52.427,49.952,11.939,0.003898,417.971,0.668244,0,,realistic_mixed
2026-05-11T09:58:15+00:00,slice_1,gnb_7,gNB,51.981,58.327,27.656,0.008915,463.939,0.858941,0,,realistic_mixed
2026-05-11T09:58:15+00:00,slice_2,upf_8,UPF,58.261,56.105,32.143,0.004512,316.38,0.738736,0,,realistic_mixed
2026-05-11T09:59:15+00:00,slice_1,gnb_1,gNB,59.528,60.436,29.599,0.004699,514.724,0.828106,0,,realistic_mixed
2026-05-11T09:59:15+00:00,slice_2,upf_2,UPF,54.956,60.597,32.749,0.002833,258.675,0.695793,0,,realistic_mixed
2026-05-11T09:59:15+00:00,slice_3,router_3,Router,65.952,69.725,24.511,0.006624,381.985,0.844918,0,,realistic_mixed
2026-05-11T09:59:15+00:00,slice_1,service_4,Service,46.057,47.561,26.579,0.005755,573.516,0.847342,0,,realistic_mixed
2026-05-11T09:59:15+00:00,slice_2,amf_5,AMF,63.021,68.49,30.832,0.002451,235.027,0.729026,0,,realistic_mixed
2026-05-11T09:59:15+00:00,slice_3,smf_6,SMF,57.963,57.721,10.141,0.003131,307.59,0.728991,0,,realistic_mixed
2026-05-11T09:59:15+00:00,slice_1,gnb_7,gNB,48.73,46.994,29.272,0.009629,663.331,0.873676,0,,realistic_mixed
2026-05-11T09:59:15+00:00,slice_2,upf_8,UPF,47.548,51.765,29.499,0.00435,110.097,0.591411,0,,realistic_mixed
2026-05-11T10:00:15+00:00,slice_1,gnb_1,gNB,46.885,46.031,22.524,0.002627,700.788,0.784495,0,,realistic_mixed
2026-05-11T10:00:15+00:00,slice_2,upf_2,UPF,55.97,51.269,31.304,0.006931,168.514,0.733335,0,,realistic_mixed
2026-05-11T10:00:15+00:00,slice_3,router_3,Router,62.364,69.79,11.777,0.002859,312.186,0.674749,0,,realistic_mixed
2026-05-11T10:00:15+00:00,slice_1,service_4,Service,42.191,37.11,21.783,0.003921,687.155,0.792297,0,,realistic_mixed
2026-05-11T10:00:15+00:00,slice_2,amf_5,AMF,78.304,56.294,50.402,0.002115,164.423,0.701512,0,,realistic_mixed
2026-05-11T10:00:15+00:00,slice_3,smf_6,SMF,49.904,56.139,17.202,0.004078,386.954,0.810573,0,,realistic_mixed
2026-05-11T10:00:15+00:00,slice_1,gnb_7,gNB,54.363,48.764,24.283,0.004091,656.096,0.822031,0,,realistic_mixed
2026-05-11T10:00:15+00:00,slice_2,upf_8,UPF,72.542,69.637,46.257,0.002188,263.13,0.815924,0,,realistic_mixed
2026-05-11T10:01:15+00:00,slice_1,gnb_1,gNB,49.162,41.946,24.862,0.005167,673.355,0.833914,0,,realistic_mixed
2026-05-11T10:01:15+00:00,slice_2,upf_2,UPF,44.342,61.189,30.7,0.004152,68.102,0.674871,0,,realistic_mixed
2026-05-11T10:01:15+00:00,slice_3,router_3,Router,48.713,50.74,12.014,0.005403,382.62,0.752205,0,,realistic_mixed
2026-05-11T10:01:15+00:00,slice_1,service_4,Service,50.233,54.837,22.941,0.00262,588.263,0.816852,0,,realistic_mixed
2026-05-11T10:01:15+00:00,slice_2,amf_5,AMF,53.345,64.252,30.29,0.002484,191.957,0.712188,0,,realistic_mixed
2026-05-11T10:01:15+00:00,slice_3,smf_6,SMF,53.031,62.374,12.371,0.003104,468.505,0.730988,0,,realistic_mixed
2026-05-11T10:01:15+00:00,slice_1,gnb_7,gNB,54.773,58.791,27.693,0.006958,551.11,0.835351,0,,realistic_mixed
2026-05-11T10:01:15+00:00,slice_2,upf_8,UPF,58.167,70.876,33.666,0.00329,351.528,0.672701,0,,realistic_mixed
2026-05-11T10:02:15+00:00,slice_1,gnb_1,gNB,55.234,56.559,36.131,0.015117,675.284,0.909892,0,,realistic_mixed
2026-05-11T10:02:15+00:00,slice_2,upf_2,UPF,37.782,46.878,34.185,0.002324,294.595,0.774857,0,,realistic_mixed
2026-05-11T10:02:15+00:00,slice_3,router_3,Router,53.347,56.987,13.007,0.003458,363.848,0.773936,0,,realistic_mixed
2026-05-11T10:02:15+00:00,slice_1,service_4,Service,60.59,54.114,18.004,0.003168,497.209,0.748258,0,,realistic_mixed
2026-05-11T10:02:15+00:00,slice_2,amf_5,AMF,51.821,45.626,31.837,0.005358,289.638,0.64931,0,,realistic_mixed
2026-05-11T10:02:15+00:00,slice_3,smf_6,SMF,42.312,41.149,21.061,0.009315,294.089,0.870383,0,,realistic_mixed
2026-05-11T10:02:15+00:00,slice_1,gnb_7,gNB,49.508,55.63,23.317,0.003221,553.243,0.751827,0,,realistic_mixed
2026-05-11T10:02:15+00:00,slice_2,upf_8,UPF,48.053,50.628,30.848,0.003206,158.277,0.648765,0,,realistic_mixed
2026-05-11T10:03:15+00:00,slice_1,gnb_1,gNB,67.741,50.678,31.264,0.006237,530.66,0.848519,0,,realistic_mixed
2026-05-11T10:03:15+00:00,slice_2,upf_2,UPF,44.807,49.586,29.949,0.002415,124.157,0.636487,0,,realistic_mixed
2026-05-11T10:03:15+00:00,slice_3,router_3,Router,51.282,46.869,11.221,0.002124,322.359,0.710055,0,,realistic_mixed
2026-05-11T10:03:15+00:00,slice_1,service_4,Service,53.5,59.363,32.685,0.013672,681.232,0.91669,0,,realistic_mixed
2026-05-11T10:03:15+00:00,slice_2,amf_5,AMF,58.642,57.215,31.029,0.00232,144.734,0.612683,0,,realistic_mixed
2026-05-11T10:03:15+00:00,slice_3,smf_6,SMF,48.76,52.501,18.017,0.004904,358.459,0.829944,0,,realistic_mixed
2026-05-11T10:03:15+00:00,slice_1,gnb_7,gNB,50.758,47.843,27.528,0.00955,737.444,0.855827,0,,realistic_mixed
2026-05-11T10:03:15+00:00,slice_2,upf_8,UPF,49.317,48.289,36.995,0.002581,228.272,0.803252,0,,realistic_mixed
2026-05-11T10:04:15+00:00,slice_1,gnb_1,gNB,47.218,56.165,18.522,0.003545,413.144,0.740472,0,,realistic_mixed
2026-05-11T10:04:15+00:00,slice_2,upf_2,UPF,56.329,56.037,32.407,0.004056,145.685,0.523599,0,,realistic_mixed
2026-05-11T10:04:15+00:00,slice_3,router_3,Router,68.688,69.448,19.694,0.002664,512.245,0.799723,0,,realistic_mixed
2026-05-11T10:04:15+00:00,slice_1,service_4,Service,66.744,69.239,26.694,0.002378,697.65,0.816645,0,,realistic_mixed
2026-05-11T10:04:15+00:00,slice_2,amf_5,AMF,67.185,61.003,33.979,0.002622,239.392,0.758282,0,,realistic_mixed
2026-05-11T10:04:15+00:00,slice_3,smf_6,SMF,51.545,53.142,21.684,0.009786,241.363,0.859439,0,,realistic_mixed
2026-05-11T10:04:15+00:00,slice_1,gnb_7,gNB,64.536,53.32,17.855,0.003032,472.345,0.701812,0,,realistic_mixed
2026-05-11T10:04:15+00:00,slice_2,upf_8,UPF,47.754,57.648,31.124,0.003864,96.125,0.698745,0,,realistic_mixed
2026-05-11T10:05:15+00:00,slice_1,gnb_1,gNB,41.521,50.103,20.045,0.002817,310.863,0.772027,0,,realistic_mixed
2026-05-11T10:05:15+00:00,slice_2,upf_2,UPF,62.64,65.824,38.367,0.004123,233.418,0.827298,0,,realistic_mixed
2026-05-11T10:05:15+00:00,slice_3,router_3,Router,66.168,54.562,11.782,0.005103,603.729,0.747008,0,,realistic_mixed
2026-05-11T10:05:15+00:00,slice_1,service_4,Service,58.565,64.579,29.103,0.005054,552.265,0.84444,0,,realistic_mixed
2026-05-11T10:05:15+00:00,slice_2,amf_5,AMF,46.271,45.072,31.53,0.004479,169.007,0.707487,0,,realistic_mixed
2026-05-11T10:05:15+00:00,slice_3,smf_6,SMF,59.202,51.999,20.066,0.006868,415.814,0.833955,0,,realistic_mixed
2026-05-11T10:05:15+00:00,slice_1,gnb_7,gNB,61.998,57.922,22.931,0.004219,472.852,0.763172,0,,realistic_mixed
2026-05-11T10:05:15+00:00,slice_2,upf_8,UPF,62.205,68.26,30.885,0.002361,239.208,0.698439,0,,realistic_mixed
2026-05-11T10:06:15+00:00,slice_1,gnb_1,gNB,46.06,52.989,22.257,0.002773,738.585,0.793102,0,,realistic_mixed
2026-05-11T10:06:15+00:00,slice_2,upf_2,UPF,57.066,56.062,31.72,0.00274,93.331,0.720285,0,,realistic_mixed
2026-05-11T10:06:15+00:00,slice_3,router_3,Router,51.783,48.347,12.137,0.002375,524.437,0.708959,0,,realistic_mixed
2026-05-11T10:06:15+00:00,slice_1,service_4,Service,53.903,54.781,24.446,0.002549,676.388,0.802473,0,,realistic_mixed
2026-05-11T10:06:15+00:00,slice_2,amf_5,AMF,60.947,53.664,32.368,0.002903,234.024,0.690378,0,,realistic_mixed
2026-05-11T10:06:15+00:00,slice_3,smf_6,SMF,57.013,57.921,19.044,0.004934,440.183,0.844167,0,,realistic_mixed
2026-05-11T10:06:15+00:00,slice_1,gnb_7,gNB,62.028,54.355,26.813,0.006859,572.102,0.839411,0,,realistic_mixed
2026-05-11T10:06:15+00:00,slice_2,upf_8,UPF,69.391,62.297,37.077,0.003674,225.061,0.65361,0,,realistic_mixed
2026-05-11T10:07:15+00:00,slice_1,gnb_1,gNB,57.122,61.099,23.349,0.003941,481.617,0.80606,0,,realistic_mixed
2026-05-11T10:07:15+00:00,slice_2,upf_2,UPF,69.09,65.6,46.214,0.006917,365.508,0.851494,0,,realistic_mixed
2026-05-11T10:07:15+00:00,slice_3,router_3,Router,60.748,58.693,14.46,0.00652,353.063,0.791095,0,,realistic_mixed
2026-05-11T10:07:15+00:00,slice_1,service_4,Service,67.058,60.833,24.091,0.004512,539.169,0.783038,0,,realistic_mixed
2026-05-11T10:07:15+00:00,slice_2,amf_5,AMF,69.995,61.058,39.211,0.003735,174.374,0.773275,0,,realistic_mixed
2026-05-11T10:07:15+00:00,slice_3,smf_6,SMF,56.734,57.787,14.529,0.003176,411.325,0.803789,0,,realistic_mixed
2026-05-11T10:07:15+00:00,slice_1,gnb_7,gNB,60.113,70.655,18.445,0.003459,592.188,0.755118,0,,realistic_mixed
2026-05-11T10:07:15+00:00,slice_2,upf_8,UPF,51.945,46.625,31.794,0.003716,259.49,0.713997,0,,realistic_mixed
2026-05-11T10:08:15+00:00,slice_1,gnb_1,gNB,50.419,38.796,34.859,0.013481,647.435,0.91075,0,,realistic_mixed
2026-05-11T10:08:15+00:00,slice_2,upf_2,UPF,57.604,56.586,29.62,0.003965,182.535,0.654096,0,,realistic_mixed
2026-05-11T10:08:15+00:00,slice_3,router_3,Router,65.388,64.762,14.825,0.002165,417.73,0.77475,0,,realistic_mixed
2026-05-11T10:08:15+00:00,slice_1,service_4,Service,57.929,49.695,21.274,0.00202,426.648,0.796988,0,,realistic_mixed
2026-05-11T10:08:15+00:00,slice_2,amf_5,AMF,49.108,55.39,30.792,0.002942,311.125,0.686496,0,,realistic_mixed
2026-05-11T10:08:15+00:00,slice_3,smf_6,SMF,52.881,53.136,15.347,0.002275,243.879,0.786956,0,,realistic_mixed
2026-05-11T10:08:15+00:00,slice_1,gnb_7,gNB,53.108,47.857,25.741,0.003593,577.629,0.814341,0,,realistic_mixed
2026-05-11T10:08:15+00:00,slice_2,upf_8,UPF,55.644,58.75,32.118,0.004901,50.449,0.577998,0,,realistic_mixed
2026-05-11T10:09:15+00:00,slice_1,gnb_1,gNB,52.78,52.505,33.515,0.015236,511.147,0.922844,0,,realistic_mixed
2026-05-11T10:09:15+00:00,slice_2,upf_2,UPF,61.579,55.159,36.544,0.004816,214.221,0.817918,0,,realistic_mixed
2026-05-11T10:09:15+00:00,slice_3,router_3,Router,45.802,50.444,20.189,0.003241,403.266,0.824355,0,,realistic_mixed
2026-05-11T10:09:15+00:00,slice_1,service_4,Service,62.461,70.233,26.988,0.005558,715.34,0.842448,0,,realistic_mixed
2026-05-11T10:09:15+00:00,slice_2,amf_5,AMF,55.186,65.593,32.716,0.003357,174.756,0.711535,0,,realistic_mixed
2026-05-11T10:09:15+00:00,slice_3,smf_6,SMF,71.281,71.772,33.286,0.009862,352.62,0.880377,0,,realistic_mixed
2026-05-11T10:09:15+00:00,slice_1,gnb_7,gNB,59.044,59.271,19.467,0.004757,563.206,0.765113,0,,realistic_mixed
2026-05-11T10:09:15+00:00,slice_2,upf_8,UPF,56.566,54.151,30.019,0.00568,245.303,0.685891,0,,realistic_mixed
2026-05-11T10:10:15+00:00,slice_1,gnb_1,gNB,60.757,64.378,25.567,0.003278,529.343,0.829159,0,,realistic_mixed
2026-05-11T10:10:15+00:00,slice_2,upf_2,UPF,63.243,61.657,30.277,0.004378,131.865,0.67713,0,,realistic_mixed
2026-05-11T10:10:15+00:00,slice_3,router_3,Router,49.199,53.672,22.713,0.009415,546.59,0.870467,0,,realistic_mixed
2026-05-11T10:10:15+00:00,slice_1,service_4,Service,41.729,40.62,20.066,0.004404,473.083,0.763066,0,,realistic_mixed
2026-05-11T10:10:15+00:00,slice_2,amf_5,AMF,59.168,63.54,32.221,0.002191,204.9,0.771455,0,,realistic_mixed
2026-05-11T10:10:15+00:00,slice_3,smf_6,SMF,41.649,49.27,11.247,0.005193,230.237,0.669865,0,,realistic_mixed
2026-05-11T10:10:15+00:00,slice_1,gnb_7,gNB,56.208,46.988,18.093,0.003519,510.047,0.747611,0,,realistic_mixed
2026-05-11T10:10:15+00:00,slice_2,upf_8,UPF,53.981,52.349,33.438,0.004374,226.963,0.510857,0,,realistic_mixed
2026-05-11T10:11:15+00:00,slice_1,gnb_1,gNB,64.298,62.938,31.301,0.011499,519.555,0.894643,0,,realistic_mixed
2026-05-11T10:11:15+00:00,slice_2,upf_2,UPF,44.452,45.998,32.506,0.002973,120.413,0.671064,0,,realistic_mixed
2026-05-11T10:11:15+00:00,slice_3,router_3,Router,45.917,57.096,16.502,0.002437,301.476,0.805638,0,,realistic_mixed
2026-05-11T10:11:15+00:00,slice_1,service_4,Service,53.033,63.265,18.359,0.005124,440.856,0.699364,0,,realistic_mixed
2026-05-11T10:11:15+00:00,slice_2,amf_5,AMF,54.456,59.505,31.684,0.002297,307.244,0.644021,0,,realistic_mixed
2026-05-11T10:11:15+00:00,slice_3,smf_6,SMF,47.935,58.61,12.889,0.003089,302.804,0.751721,0,,realistic_mixed
2026-05-11T10:11:15+00:00,slice_1,gnb_7,gNB,51.127,62.57,22.592,0.002359,459.418,0.791571,0,,realistic_mixed
2026-05-11T10:11:15+00:00,slice_2,upf_8,UPF,61.962,52.995,33.565,0.007511,301.267,0.782868,0,,realistic_mixed
2026-05-11T10:12:15+00:00,slice_1,gnb_1,gNB,55.611,68.702,24.522,0.00738,670.783,0.822306,0,,realistic_mixed
2026-05-11T10:12:15+00:00,slice_2,upf_2,UPF,46.677,46.523,31.16,0.002733,191.233,0.710515,0,,realistic_mixed
2026-05-11T10:12:15+00:00,slice_3,router_3,Router,54.881,48.768,16.919,0.002678,394.762,0.807808,0,,realistic_mixed
2026-05-11T10:12:15+00:00,slice_1,service_4,Service,58.457,61.586,32.322,0.01645,617.444,0.907125,0,,realistic_mixed
2026-05-11T10:12:15+00:00,slice_2,amf_5,AMF,59.695,60.631,32.081,0.00206,174.758,0.73933,0,,realistic_mixed
2026-05-11T10:12:15+00:00,slice_3,smf_6,SMF,65.794,59.51,26.074,0.010436,390.185,0.871362,0,,realistic_mixed
2026-05-11T10:12:15+00:00,slice_1,gnb_7,gNB,55.917,60.851,20.446,0.002686,394.923,0.661527,0,,realistic_mixed
2026-05-11T10:12:15+00:00,slice_2,upf_8,UPF,55.437,61.893,36.786,0.004155,186.19,0.816039,0,,realistic_mixed
2026-05-11T10:13:15+00:00,slice_1,gnb_1,gNB,48.545,53.65,20.537,0.004359,556.319,0.770972,0,,realistic_mixed
2026-05-11T10:13:15+00:00,slice_2,upf_2,UPF,44.443,48.355,29.945,0.003744,383.516,0.544939,0,,realistic_mixed
2026-05-11T10:13:15+00:00,slice_3,router_3,Router,45.861,50.152,10.598,0.002482,412.335,0.684505,0,,realistic_mixed
2026-05-11T10:13:15+00:00,slice_1,service_4,Service,62.679,53.521,29.858,0.0116,642.598,0.888963,0,,realistic_mixed
2026-05-11T10:13:15+00:00,slice_2,amf_5,AMF,59.207,63.814,31.024,0.00239,187.596,0.661922,0,,realistic_mixed
2026-05-11T10:13:15+00:00,slice_3,smf_6,SMF,55.696,68.89,13.115,0.004249,434.751,0.750996,0,,realistic_mixed
2026-05-11T10:13:15+00:00,slice_1,gnb_7,gNB,49.629,53.284,18.038,0.004644,480.54,0.759082,0,,realistic_mixed
2026-05-11T10:13:15+00:00,slice_2,upf_8,UPF,61.121,58.477,32.895,0.003657,281.303,0.697556,0,,realistic_mixed
2026-05-11T10:14:15+00:00,slice_1,gnb_1,gNB,59.736,53.754,39.716,0.02356,638.177,0.98,0,,realistic_mixed
2026-05-11T10:14:15+00:00,slice_2,upf_2,UPF,52.062,56.072,30.576,0.006281,238.464,0.692493,0,,realistic_mixed
2026-05-11T10:14:15+00:00,slice_3,router_3,Router,51.736,57.713,11.148,0.002804,348.552,0.6581,0,,realistic_mixed
2026-05-11T10:14:15+00:00,slice_1,service_4,Service,51.602,51.956,26.109,0.005259,484.456,0.825533,0,,realistic_mixed
2026-05-11T10:14:15+00:00,slice_2,amf_5,AMF,60.601,58.339,30.758,0.002378,192.09,0.667199,0,,realistic_mixed
2026-05-11T10:14:15+00:00,slice_3,smf_6,SMF,55.266,55.142,13.157,0.002492,421.19,0.663078,0,,realistic_mixed
2026-05-11T10:14:15+00:00,slice_1,gnb_7,gNB,50.712,48.585,20.796,0.005595,449.004,0.770345,0,,realistic_mixed
2026-05-11T10:14:15+00:00,slice_2,upf_8,UPF,62.47,66.854,33.04,0.004183,330.489,0.744988,0,,realistic_mixed
2026-05-11T10:15:15+00:00,slice_1,gnb_1,gNB,54.158,62.878,20.523,0.00488,493.213,0.761184,0,,realistic_mixed
2026-05-11T10:15:15+00:00,slice_2,upf_2,UPF,54.454,55.88,35.641,0.002036,191.974,0.78823,0,,realistic_mixed
2026-05-11T10:15:15+00:00,slice_3,router_3,Router,42.536,49.738,13.457,0.003859,412.65,0.779102,0,,realistic_mixed
2026-05-11T10:15:15+00:00,slice_1,service_4,Service,57.913,57.114,24.426,0.003142,552.94,0.828232,0,,realistic_mixed
2026-05-11T10:15:15+00:00,slice_2,amf_5,AMF,55.742,58.569,29.923,0.003399,65.567,0.688956,0,,realistic_mixed
2026-05-11T10:15:15+00:00,slice_3,smf_6,SMF,42.876,54.588,12.06,0.005585,225.258,0.769595,0,,realistic_mixed
2026-05-11T10:15:15+00:00,slice_1,gnb_7,gNB,59.816,55.765,22.537,0.002975,463.374,0.780992,0,,realistic_mixed
2026-05-11T10:15:15+00:00,slice_2,upf_8,UPF,49.274,41.978,32.013,0.002755,258.808,0.655593,0,,realistic_mixed
2026-05-11T10:16:15+00:00,slice_1,gnb_1,gNB,65.408,66.688,27.03,0.003783,530.349,0.829737,0,,realistic_mixed
2026-05-11T10:16:15+00:00,slice_2,upf_2,UPF,60.969,58.696,31.467,0.002368,201.177,0.627584,0,,realistic_mixed
2026-05-11T10:16:15+00:00,slice_3,router_3,Router,48.215,59.667,22.464,0.005883,400.023,0.840575,0,,realistic_mixed
2026-05-11T10:16:15+00:00,slice_1,service_4,Service,54.291,65.305,33.791,0.016892,656.931,0.921018,0,,realistic_mixed
2026-05-11T10:16:15+00:00,slice_2,amf_5,AMF,60.109,54.507,31.236,0.003012,205.091,0.740787,0,,realistic_mixed
2026-05-11T10:16:15+00:00,slice_3,smf_6,SMF,53.734,59.701,20.238,0.006624,427.158,0.840506,0,,realistic_mixed
2026-05-11T10:16:15+00:00,slice_1,gnb_7,gNB,47.241,63.129,28.445,0.005185,345.694,0.836303,0,,realistic_mixed
2026-05-11T10:16:15+00:00,slice_2,upf_8,UPF,60.4,50.636,31.534,0.002146,246.297,0.681344,0,,realistic_mixed
2026-05-11T10:17:15+00:00,slice_1,gnb_1,gNB,47.89,49.804,19.538,0.003185,567.521,0.743344,0,,realistic_mixed
2026-05-11T10:17:15+00:00,slice_2,upf_2,UPF,56.781,56.665,36.008,0.004951,221.069,0.796734,0,,realistic_mixed
2026-05-11T10:17:15+00:00,slice_3,router_3,Router,65.613,68.375,18.89,0.004222,382.754,0.827602,0,,realistic_mixed
2026-05-11T10:17:15+00:00,slice_1,service_4,Service,50.235,57.547,27.323,0.00675,518.543,0.83688,0,,realistic_mixed
2026-05-11T10:17:15+00:00,slice_2,amf_5,AMF,59.075,66.59,30.272,0.002621,344.002,0.693312,0,,realistic_mixed
2026-05-11T10:17:15+00:00,slice_3,smf_6,SMF,43.876,47.927,11.299,0.004255,424.279,0.751982,0,,realistic_mixed
2026-05-11T10:17:15+00:00,slice_1,gnb_7,gNB,64.541,70.976,30.841,0.008963,370.656,0.875713,0,,realistic_mixed
2026-05-11T10:17:15+00:00,slice_2,upf_8,UPF,55.844,55.117,32.998,0.003306,264.326,0.657751,0,,realistic_mixed
2026-05-11T10:18:15+00:00,slice_1,gnb_1,gNB,49.331,61.934,21.582,0.006001,280.988,0.770145,0,,realistic_mixed
2026-05-11T10:18:15+00:00,slice_2,upf_2,UPF,46.685,50.764,30.473,0.00333,112.358,0.737821,0,,realistic_mixed
2026-05-11T10:18:15+00:00,slice_3,router_3,Router,56.047,55.424,20.155,0.007074,533.823,0.859852,0,,realistic_mixed
2026-05-11T10:18:15+00:00,slice_1,service_4,Service,56.393,58.24,26.732,0.005347,485.51,0.830075,0,,realistic_mixed
2026-05-11T10:18:15+00:00,slice_2,amf_5,AMF,49.58,53.191,30.783,0.002227,178.869,0.680997,0,,realistic_mixed
2026-05-11T10:18:15+00:00,slice_3,smf_6,SMF,52.718,66.437,20.483,0.003682,466.157,0.825646,0,,realistic_mixed
2026-05-11T10:18:15+00:00,slice_1,gnb_7,gNB,41.739,45.351,29.241,0.012863,568.571,0.877039,0,,realistic_mixed
2026-05-11T10:18:15+00:00,slice_2,upf_8,UPF,56.241,60.861,31.07,0.003043,210.248,0.696007,0,,realistic_mixed
2026-05-11T10:19:15+00:00,slice_1,gnb_1,gNB,58.502,58.57,27.496,0.007057,484.755,0.856091,0,,realistic_mixed
2026-05-11T10:19:15+00:00,slice_2,upf_2,UPF,55.28,48.827,31.952,0.004217,338.308,0.702461,0,,realistic_mixed
2026-05-11T10:19:15+00:00,slice_3,router_3,Router,59.622,64.571,10.315,0.002016,449.252,0.748861,0,,realistic_mixed
2026-05-11T10:19:15+00:00,slice_1,service_4,Service,57.0,49.829,32.323,0.011844,670.502,0.900714,0,,realistic_mixed
2026-05-11T10:19:15+00:00,slice_2,amf_5,AMF,63.857,56.041,34.505,0.004363,279.05,0.717564,0,,realistic_mixed
2026-05-11T10:19:15+00:00,slice_3,smf_6,SMF,53.501,54.406,15.158,0.002047,278.263,0.796841,0,,realistic_mixed
2026-05-11T10:19:15+00:00,slice_1,gnb_7,gNB,55.452,53.979,26.105,0.005819,619.514,0.849186,0,,realistic_mixed
2026-05-11T10:19:15+00:00,slice_2,upf_8,UPF,53.431,56.164,31.683,0.003001,95.351,0.656304,0,,realistic_mixed
2026-05-11T10:20:15+00:00,slice_1,gnb_1,gNB,57.485,58.771,24.648,0.002618,538.86,0.796758,0,,realistic_mixed
2026-05-11T10:20:15+00:00,slice_2,upf_2,UPF,52.946,51.733,31.81,0.002971,198.562,0.654869,0,,realistic_mixed
2026-05-11T10:20:15+00:00,slice_3,router_3,Router,44.21,47.652,11.159,0.003469,452.463,0.721487,0,,realistic_mixed
2026-05-11T10:20:15+00:00,slice_1,service_4,Service,52.964,54.734,29.298,0.007161,533.027,0.861461,0,,realistic_mixed
2026-05-11T10:20:15+00:00,slice_2,amf_5,AMF,67.394,63.478,35.895,0.003773,252.58,0.774549,0,,realistic_mixed
2026-05-11T10:20:15+00:00,slice_3,smf_6,SMF,58.636,52.459,17.039,0.002062,341.677,0.819092,0,,realistic_mixed
2026-05-11T10:20:15+00:00,slice_1,gnb_7,gNB,34.533,49.077,18.11,0.002867,514.181,0.752298,0,,realistic_mixed
2026-05-11T10:20:15+00:00,slice_2,upf_8,UPF,63.129,60.942,31.073,0.004774,207.53,0.62934,0,,realistic_mixed
2026-05-11T10:21:15+00:00,slice_1,gnb_1,gNB,53.381,50.945,19.493,0.003115,569.897,0.743841,0,,realistic_mixed
2026-05-11T10:21:15+00:00,slice_2,upf_2,UPF,59.592,55.631,31.698,0.002825,157.023,0.671402,0,,realistic_mixed
2026-05-11T10:21:15+00:00,slice_3,router_3,Router,47.598,56.553,14.867,0.002664,374.676,0.793363,0,,realistic_mixed
2026-05-11T10:21:15+00:00,slice_1,service_4,Service,53.478,60.42,27.611,0.005389,593.925,0.833528,0,,realistic_mixed
2026-05-11T10:21:15+00:00,slice_2,amf_5,AMF,43.525,55.371,30.173,0.004554,154.817,0.688324,0,,realistic_mixed
2026-05-11T10:21:15+00:00,slice_3,smf_6,SMF,57.614,55.403,9.527,0.005225,531.788,0.698535,0,,realistic_mixed
2026-05-11T10:21:15+00:00,slice_1,gnb_7,gNB,45.549,42.339,22.976,0.003173,469.121,0.793811,0,,realistic_mixed
2026-05-11T10:21:15+00:00,slice_2,upf_8,UPF,55.75,50.562,32.477,0.009341,272.104,0.674913,0,,realistic_mixed
2026-05-11T10:22:15+00:00,slice_1,gnb_1,gNB,49.137,47.86,19.978,0.00373,642.339,0.76509,0,,realistic_mixed
2026-05-11T10:22:15+00:00,slice_2,upf_2,UPF,57.212,44.664,31.921,0.005523,310.57,0.662049,0,,realistic_mixed
2026-05-11T10:22:15+00:00,slice_3,router_3,Router,45.513,50.586,12.253,0.004163,367.961,0.730611,0,,realistic_mixed
2026-05-11T10:22:15+00:00,slice_1,service_4,Service,51.43,44.136,32.933,0.012311,735.742,0.902379,0,,realistic_mixed
2026-05-11T10:22:15+00:00,slice_2,amf_5,AMF,49.668,53.547,31.523,0.004286,195.755,0.656031,0,,realistic_mixed
2026-05-11T10:22:15+00:00,slice_3,smf_6,SMF,56.131,51.368,12.22,0.002107,335.134,0.638949,0,,realistic_mixed
2026-05-11T10:22:15+00:00,slice_1,gnb_7,gNB,56.95,77.747,24.585,0.005476,473.386,0.802892,0,,realistic_mixed
2026-05-11T10:22:15+00:00,slice_2,upf_8,UPF,42.063,43.139,34.864,0.002304,303.576,0.74778,0,,realistic_mixed
2026-05-11T10:23:15+00:00,slice_1,gnb_1,gNB,67.598,64.234,29.956,0.007651,519.728,0.849968,0,,realistic_mixed
2026-05-11T10:23:15+00:00,slice_2,upf_2,UPF,48.53,51.767,31.801,0.002779,132.487,0.719314,0,,realistic_mixed
2026-05-11T10:23:15+00:00,slice_3,router_3,Router,59.923,52.753,17.943,0.005752,401.849,0.79537,0,,realistic_mixed
2026-05-11T10:23:15+00:00,slice_1,service_4,Service,43.729,69.673,29.168,0.009056,439.651,0.872243,0,,realistic_mixed
2026-05-11T10:23:15+00:00,slice_2,amf_5,AMF,47.3,47.013,30.396,0.005277,235.673,0.739275,0,,realistic_mixed
2026-05-11T10:23:15+00:00,slice_3,smf_6,SMF,61.123,58.954,9.901,0.004119,367.027,0.69783,0,,realistic_mixed
2026-05-11T10:23:15+00:00,slice_1,gnb_7,gNB,57.853,56.05,40.279,0.024904,696.139,0.98,0,,realistic_mixed
2026-05-11T10:23:15+00:00,slice_2,upf_8,UPF,53.22,57.557,32.865,0.002922,201.987,0.771607,0,,realistic_mixed
2026-05-11T10:24:15+00:00,slice_1,gnb_1,gNB,51.912,66.505,17.332,0.002018,447.923,0.699033,0,,realistic_mixed
2026-05-11T10:24:15+00:00,slice_2,upf_2,UPF,47.281,50.136,32.966,0.00206,230.3,0.724999,0,,realistic_mixed
2026-05-11T10:24:15+00:00,slice_3,router_3,Router,49.394,52.165,14.893,0.002243,383.203,0.775486,0,,realistic_mixed
2026-05-11T10:24:15+00:00,slice_1,service_4,Service,62.189,59.065,29.255,0.011392,571.283,0.880719,0,,realistic_mixed
2026-05-11T10:24:15+00:00,slice_2,amf_5,AMF,54.166,44.776,31.044,0.00676,179.902,0.599242,0,,realistic_mixed
2026-05-11T10:24:15+00:00,slice_3,smf_6,SMF,53.797,40.457,16.748,0.004136,290.457,0.727281,0,,realistic_mixed
2026-05-11T10:24:15+00:00,slice_1,gnb_7,gNB,60.55,64.096,18.904,0.005497,455.289,0.677831,0,,realistic_mixed
2026-05-11T10:24:15+00:00,slice_2,upf_8,UPF,50.795,57.962,30.733,0.003265,273.056,0.604744,0,,realistic_mixed
2026-05-11T10:25:15+00:00,slice_1,gnb_1,gNB,57.784,55.81,26.711,0.00325,580.815,0.830214,0,,realistic_mixed
2026-05-11T10:25:15+00:00,slice_2,upf_2,UPF,53.184,55.812,32.115,0.002707,142.84,0.662803,0,,realistic_mixed
2026-05-11T10:25:15+00:00,slice_3,router_3,Router,51.63,58.967,18.186,0.004018,447.334,0.829411,0,,realistic_mixed
2026-05-11T10:25:15+00:00,slice_1,service_4,Service,55.981,58.962,29.099,0.006754,505.398,0.854311,0,,realistic_mixed
2026-05-11T10:25:15+00:00,slice_2,amf_5,AMF,56.138,56.565,32.823,0.004952,222.551,0.652092,0,,realistic_mixed
2026-05-11T10:25:15+00:00,slice_3,smf_6,SMF,63.945,61.153,10.901,0.003241,297.062,0.692073,0,,realistic_mixed
2026-05-11T10:25:15+00:00,slice_1,gnb_7,gNB,55.968,66.953,32.752,0.011844,609.247,0.893224,0,,realistic_mixed
2026-05-11T10:25:15+00:00,slice_2,upf_8,UPF,56.675,57.05,31.972,0.002749,295.313,0.653347,0,,realistic_mixed
2026-05-11T10:26:15+00:00,slice_1,gnb_1,gNB,55.177,50.827,33.709,0.011976,511.605,0.900149,0,,realistic_mixed
2026-05-11T10:26:15+00:00,slice_2,upf_2,UPF,48.756,58.815,31.049,0.002246,98.613,0.568211,0,,realistic_mixed
2026-05-11T10:26:15+00:00,slice_3,router_3,Router,57.192,57.694,15.7,0.002765,325.434,0.79687,0,,realistic_mixed
2026-05-11T10:26:15+00:00,slice_1,service_4,Service,44.595,49.362,19.02,0.003174,463.013,0.755411,0,,realistic_mixed
2026-05-11T10:26:15+00:00,slice_2,amf_5,AMF,57.586,59.663,31.008,0.00298,169.595,0.630811,0,,realistic_mixed
2026-05-11T10:26:15+00:00,slice_3,smf_6,SMF,46.987,50.888,11.606,0.005106,352.62,0.762689,0,,realistic_mixed
2026-05-11T10:26:15+00:00,slice_1,gnb_7,gNB,59.987,59.107,21.038,0.003296,623.322,0.791519,0,,realistic_mixed
2026-05-11T10:26:15+00:00,slice_2,upf_8,UPF,48.57,56.995,30.325,0.002536,206.268,0.739443,0,,realistic_mixed
2026-05-11T10:27:15+00:00,slice_1,gnb_1,gNB,48.728,58.16,25.728,0.003278,547.527,0.817763,0,,realistic_mixed
2026-05-11T10:27:15+00:00,slice_2,upf_2,UPF,59.717,62.638,31.446,0.00247,287.218,0.671886,0,,realistic_mixed
2026-05-11T10:27:15+00:00,slice_3,router_3,Router,52.149,51.87,14.475,0.002796,382.393,0.785557,0,,realistic_mixed
2026-05-11T10:27:15+00:00,slice_1,service_4,Service,52.039,64.072,31.265,0.01217,584.163,0.882901,0,,realistic_mixed
2026-05-11T10:27:15+00:00,slice_2,amf_5,AMF,40.289,57.922,31.607,0.002399,198.63,0.59327,0,,realistic_mixed
2026-05-11T10:27:15+00:00,slice_3,smf_6,SMF,66.084,62.314,18.446,0.005128,280.898,0.791083,0,,realistic_mixed
2026-05-11T10:27:15+00:00,slice_1,gnb_7,gNB,55.445,64.918,31.047,0.009052,610.872,0.87751,0,,realistic_mixed
2026-05-11T10:27:15+00:00,slice_2,upf_8,UPF,53.032,50.806,30.503,0.002898,226.226,0.636483,0,,realistic_mixed
2026-05-11T10:28:15+00:00,slice_1,gnb_1,gNB,57.785,57.184,25.427,0.004798,694.776,0.833263,0,,realistic_mixed
2026-05-11T10:28:15+00:00,slice_2,upf_2,UPF,55.185,55.3,34.421,0.003293,184.983,0.67216,0,,realistic_mixed
2026-05-11T10:28:15+00:00,slice_3,router_3,Router,66.973,77.082,12.702,0.003187,323.888,0.706928,0,,realistic_mixed
2026-05-11T10:28:15+00:00,slice_1,service_4,Service,56.506,56.142,26.84,0.006312,556.263,0.838483,0,,realistic_mixed
2026-05-11T10:28:15+00:00,slice_2,amf_5,AMF,45.631,55.61,30.126,0.003966,153.815,0.654183,0,,realistic_mixed
2026-05-11T10:28:15+00:00,slice_3,smf_6,SMF,60.677,75.199,13.604,0.003238,486.24,0.77782,0,,realistic_mixed
2026-05-11T10:28:15+00:00,slice_1,gnb_7,gNB,56.63,59.729,28.412,0.009685,513.189,0.863735,0,,realistic_mixed
2026-05-11T10:28:15+00:00,slice_2,upf_8,UPF,37.369,56.782,32.833,0.0038,271.007,0.619479,0,,realistic_mixed
2026-05-11T10:29:15+00:00,slice_1,gnb_1,gNB,62.26,53.648,18.187,0.003831,485.111,0.756819,0,,realistic_mixed
2026-05-11T10:29:15+00:00,slice_2,upf_2,UPF,55.092,57.925,31.178,0.003891,187.791,0.660666,0,,realistic_mixed
2026-05-11T10:29:15+00:00,slice_3,router_3,Router,56.395,42.954,21.411,0.003906,320.863,0.832831,0,,realistic_mixed
2026-05-11T10:29:15+00:00,slice_1,service_4,Service,62.941,61.428,33.971,0.012872,580.867,0.907324,0,,realistic_mixed
2026-05-11T10:29:15+00:00,slice_2,amf_5,AMF,49.086,53.356,32.223,0.006201,255.37,0.713479,0,,realistic_mixed
2026-05-11T10:29:15+00:00,slice_3,smf_6,SMF,56.442,59.761,12.297,0.003074,296.529,0.682273,0,,realistic_mixed
2026-05-11T10:29:15+00:00,slice_1,gnb_7,gNB,63.411,59.908,21.091,0.002388,515.409,0.784091,0,,realistic_mixed
2026-05-11T10:29:15+00:00,slice_2,upf_8,UPF,61.293,51.269,30.982,0.005339,222.952,0.674111,0,,realistic_mixed
2026-05-11T10:30:15+00:00,slice_1,gnb_1,gNB,57.942,67.646,20.018,0.002755,569.071,0.771137,0,,realistic_mixed
2026-05-11T10:30:15+00:00,slice_2,upf_2,UPF,53.436,59.689,40.398,0.006906,164.984,0.845053,0,,realistic_mixed
2026-05-11T10:30:15+00:00,slice_3,router_3,Router,46.933,61.394,20.251,0.007062,381.073,0.849728,0,,realistic_mixed
2026-05-11T10:30:15+00:00,slice_1,service_4,Service,57.796,54.498,20.645,0.002657,485.449,0.724098,0,,realistic_mixed
2026-05-11T10:30:15+00:00,slice_2,amf_5,AMF,64.274,55.456,31.351,0.004219,187.291,0.702519,0,,realistic_mixed
2026-05-11T10:30:15+00:00,slice_3,smf_6,SMF,54.436,39.997,11.803,0.002758,202.734,0.593012,0,,realistic_mixed
2026-05-11T10:30:15+00:00,slice_1,gnb_7,gNB,53.195,50.499,29.733,0.00745,533.415,0.861124,0,,realistic_mixed
2026-05-11T10:30:15+00:00,slice_2,upf_8,UPF,63.856,60.343,31.274,0.002297,160.812,0.584858,0,,realistic_mixed
2026-05-11T10:31:15+00:00,slice_1,gnb_1,gNB,62.107,56.358,31.713,0.013826,508.885,0.909805,0,,realistic_mixed
2026-05-11T10:31:15+00:00,slice_2,upf_2,UPF,54.596,56.655,32.109,0.00343,273.78,0.66122,0,,realistic_mixed
2026-05-11T10:31:15+00:00,slice_3,router_3,Router,58.486,62.126,13.9,0.002127,453.952,0.667795,0,,realistic_mixed
2026-05-11T10:31:15+00:00,slice_1,service_4,Service,67.639,56.126,37.958,0.015003,508.306,0.919095,0,,realistic_mixed
2026-05-11T10:31:15+00:00,slice_2,amf_5,AMF,50.942,59.315,32.061,0.002703,45.078,0.702628,0,,realistic_mixed
2026-05-11T10:31:15+00:00,slice_3,smf_6,SMF,53.842,50.387,10.671,0.003323,339.47,0.717601,0,,realistic_mixed
2026-05-11T10:31:15+00:00,slice_1,gnb_7,gNB,60.239,62.841,18.416,0.00295,480.586,0.747672,0,,realistic_mixed
2026-05-11T10:31:15+00:00,slice_2,upf_8,UPF,48.541,41.934,31.222,0.00337,233.794,0.596853,0,,realistic_mixed
2026-05-11T10:32:15+00:00,slice_1,gnb_1,gNB,51.499,58.421,28.387,0.00829,618.588,0.854854,0,,realistic_mixed
2026-05-11T10:32:15+00:00,slice_2,upf_2,UPF,52.685,52.024,30.568,0.002913,167.834,0.682756,0,,realistic_mixed
2026-05-11T10:32:15+00:00,slice_3,router_3,Router,56.887,50.753,27.423,0.0166,452.319,0.927885,0,,realistic_mixed
2026-05-11T10:32:15+00:00,slice_1,service_4,Service,49.897,49.671,26.052,0.003192,555.304,0.81059,0,,realistic_mixed
2026-05-11T10:32:15+00:00,slice_2,amf_5,AMF,55.179,60.965,32.321,0.005963,296.014,0.72945,0,,realistic_mixed
2026-05-11T10:32:15+00:00,slice_3,smf_6,SMF,46.719,57.468,13.001,0.006786,458.744,0.776785,0,,realistic_mixed
2026-05-11T10:32:15+00:00,slice_1,gnb_7,gNB,51.565,48.451,22.193,0.002128,526.518,0.754932,0,,realistic_mixed
2026-05-11T10:32:15+00:00,slice_2,upf_8,UPF,49.874,54.117,30.551,0.003073,219.487,0.552972,0,,realistic_mixed
2026-05-11T10:33:15+00:00,slice_1,gnb_1,gNB,50.045,57.111,25.816,0.003924,524.483,0.831653,0,,realistic_mixed
2026-05-11T10:33:15+00:00,slice_2,upf_2,UPF,51.292,50.146,34.747,0.004373,18.75,0.665376,0,,realistic_mixed
2026-05-11T10:33:15+00:00,slice_3,router_3,Router,62.194,61.895,13.954,0.00341,391.609,0.787074,0,,realistic_mixed
2026-05-11T10:33:15+00:00,slice_1,service_4,Service,58.356,59.698,29.105,0.00842,557.591,0.872756,0,,realistic_mixed
2026-05-11T10:33:15+00:00,slice_2,amf_5,AMF,67.243,55.461,38.261,0.002807,121.399,0.792386,0,,realistic_mixed
2026-05-11T10:33:15+00:00,slice_3,smf_6,SMF,44.546,57.86,11.778,0.00412,416.523,0.73604,0,,realistic_mixed
2026-05-11T10:33:15+00:00,slice_1,gnb_7,gNB,44.626,47.836,24.462,0.003027,557.518,0.800416,0,,realistic_mixed
2026-05-11T10:33:15+00:00,slice_2,upf_8,UPF,63.86,57.701,31.636,0.003205,150.075,0.53581,0,,realistic_mixed
2026-05-11T10:34:15+00:00,slice_1,gnb_1,gNB,57.191,60.489,27.14,0.005425,452.135,0.846097,0,,realistic_mixed
2026-05-11T10:34:15+00:00,slice_2,upf_2,UPF,44.314,44.64,30.588,0.002905,160.777,0.667131,0,,realistic_mixed
2026-05-11T10:34:15+00:00,slice_3,router_3,Router,67.343,60.215,22.568,0.006096,387.758,0.840047,0,,realistic_mixed
2026-05-11T10:34:15+00:00,slice_1,service_4,Service,35.182,44.912,24.169,0.003208,558.713,0.825296,0,,realistic_mixed
2026-05-11T10:34:15+00:00,slice_2,amf_5,AMF,58.456,56.331,31.696,0.003723,91.843,0.728337,0,,realistic_mixed
2026-05-11T10:34:15+00:00,slice_3,smf_6,SMF,41.722,52.715,11.109,0.003957,359.438,0.728411,0,,realistic_mixed
2026-05-11T10:34:15+00:00,slice_1,gnb_7,gNB,52.369,69.366,29.355,0.01116,469.174,0.873866,0,,realistic_mixed
2026-05-11T10:34:15+00:00,slice_2,upf_8,UPF,55.061,58.532,33.465,0.004536,276.384,0.632974,0,,realistic_mixed
2026-05-11T10:35:15+00:00,slice_1,gnb_1,gNB,48.369,44.592,19.133,0.003449,655.827,0.736062,0,,realistic_mixed
2026-05-11T10:35:15+00:00,slice_2,upf_2,UPF,46.668,60.207,36.799,0.00452,185.973,0.786779,0,,realistic_mixed
2026-05-11T10:35:15+00:00,slice_3,router_3,Router,51.549,60.464,18.762,0.007448,397.317,0.843629,0,,realistic_mixed
2026-05-11T10:35:15+00:00,slice_1,service_4,Service,48.016,47.25,19.949,0.005134,404.534,0.757265,0,,realistic_mixed
2026-05-11T10:35:15+00:00,slice_2,amf_5,AMF,62.733,59.586,32.525,0.002381,218.556,0.771351,0,,realistic_mixed
2026-05-11T10:35:15+00:00,slice_3,smf_6,SMF,44.486,40.975,15.709,0.003318,306.699,0.674957,0,,realistic_mixed
2026-05-11T10:35:15+00:00,slice_1,gnb_7,gNB,47.096,56.293,18.291,0.004084,234.71,0.618932,0,,realistic_mixed
2026-05-11T10:35:15+00:00,slice_2,upf_8,UPF,60.2,55.467,29.641,0.002755,223.529,0.605414,0,,realistic_mixed
2026-05-11T10:36:15+00:00,slice_1,gnb_1,gNB,44.644,45.036,28.317,0.007514,543.949,0.86096,0,,realistic_mixed
2026-05-11T10:36:15+00:00,slice_2,upf_2,UPF,56.859,52.436,32.958,0.003074,138.557,0.680819,0,,realistic_mixed
2026-05-11T10:36:15+00:00,slice_3,router_3,Router,47.554,47.974,12.715,0.00452,452.044,0.685823,0,,realistic_mixed
2026-05-11T10:36:15+00:00,slice_1,service_4,Service,47.793,58.718,21.092,0.004524,557.473,0.794664,0,,realistic_mixed
2026-05-11T10:36:15+00:00,slice_2,amf_5,AMF,47.239,60.022,30.911,0.005612,164.386,0.629043,0,,realistic_mixed
2026-05-11T10:36:15+00:00,slice_3,smf_6,SMF,40.552,40.264,11.136,0.005732,470.718,0.740807,0,,realistic_mixed
2026-05-11T10:36:15+00:00,slice_1,gnb_7,gNB,55.38,61.042,18.706,0.002912,445.513,0.743606,0,,realistic_mixed
2026-05-11T10:36:15+00:00,slice_2,upf_8,UPF,68.464,53.004,38.791,0.003227,139.403,0.761303,0,,realistic_mixed
2026-05-11T10:37:15+00:00,slice_1,gnb_1,gNB,64.995,54.993,28.315,0.006014,542.47,0.830892,0,,realistic_mixed
2026-05-11T10:37:15+00:00,slice_2,upf_2,UPF,58.318,48.131,30.834,0.002763,257.932,0.688657,0,,realistic_mixed
2026-05-11T10:37:15+00:00,slice_3,router_3,Router,46.88,57.215,14.236,0.00448,423.02,0.789017,0,,realistic_mixed
2026-05-11T10:37:15+00:00,slice_1,service_4,Service,58.58,51.48,25.958,0.007789,536.209,0.839412,0,,realistic_mixed
2026-05-11T10:37:15+00:00,slice_2,amf_5,AMF,48.074,49.185,39.34,0.005113,230.829,0.841587,0,,realistic_mixed
2026-05-11T10:37:15+00:00,slice_3,smf_6,SMF,50.412,64.124,21.603,0.007116,325.861,0.849363,0,,realistic_mixed
2026-05-11T10:37:15+00:00,slice_1,gnb_7,gNB,59.554,58.054,25.642,0.004534,434.06,0.832926,0,,realistic_mixed
2026-05-11T10:37:15+00:00,slice_2,upf_8,UPF,58.226,51.308,32.043,0.004709,303.235,0.674205,0,,realistic_mixed
2026-05-11T10:38:15+00:00,slice_1,gnb_1,gNB,60.573,55.752,27.217,0.004364,664.031,0.838188,0,,realistic_mixed
2026-05-11T10:38:15+00:00,slice_2,upf_2,UPF,39.792,51.749,30.413,0.004196,253.902,0.744003,0,,realistic_mixed
2026-05-11T10:38:15+00:00,slice_3,router_3,Router,58.582,55.22,15.849,0.004315,348.907,0.794006,0,,realistic_mixed
2026-05-11T10:38:15+00:00,slice_1,service_4,Service,40.707,51.338,27.26,0.003384,526.154,0.821378,0,,realistic_mixed
2026-05-11T10:38:15+00:00,slice_2,amf_5,AMF,52.8,49.8,32.754,0.003759,173.61,0.667029,0,,realistic_mixed
2026-05-11T10:38:15+00:00,slice_3,smf_6,SMF,55.775,49.763,11.642,0.002934,349.623,0.724976,0,,realistic_mixed
2026-05-11T10:38:15+00:00,slice_1,gnb_7,gNB,54.068,58.929,36.203,0.01325,639.926,0.912948,0,,realistic_mixed
2026-05-11T10:38:15+00:00,slice_2,upf_8,UPF,61.667,57.97,31.73,0.002392,202.082,0.594109,0,,realistic_mixed
2026-05-11T10:39:15+00:00,slice_1,gnb_1,gNB,58.275,57.108,32.242,0.014082,501.193,0.896151,0,,realistic_mixed
2026-05-11T10:39:15+00:00,slice_2,upf_2,UPF,49.431,53.461,31.566,0.002419,183.904,0.696457,0,,realistic_mixed
2026-05-11T10:39:15+00:00,slice_3,router_3,Router,58.123,46.908,12.96,0.00301,342.923,0.764632,0,,realistic_mixed
2026-05-11T10:39:15+00:00,slice_1,service_4,Service,62.151,60.277,22.247,0.002825,434.539,0.771586,0,,realistic_mixed
2026-05-11T10:39:15+00:00,slice_2,amf_5,AMF,56.123,56.161,29.824,0.003996,215.134,0.722913,0,,realistic_mixed
2026-05-11T10:39:15+00:00,slice_3,smf_6,SMF,45.493,55.359,16.129,0.002185,407.06,0.804979,0,,realistic_mixed
2026-05-11T10:39:15+00:00,slice_1,gnb_7,gNB,59.779,69.933,22.116,0.0068,432.945,0.774422,0,,realistic_mixed
2026-05-11T10:39:15+00:00,slice_2,upf_8,UPF,54.934,52.737,31.21,0.003227,224.964,0.597034,0,,realistic_mixed
2026-05-11T10:40:15+00:00,slice_1,gnb_1,gNB,54.915,53.511,22.06,0.004235,490.783,0.797471,0,,realistic_mixed
2026-05-11T10:40:15+00:00,slice_2,upf_2,UPF,61.272,59.937,32.622,0.002428,188.384,0.760624,0,,realistic_mixed
2026-05-11T10:40:15+00:00,slice_3,router_3,Router,43.401,42.296,11.932,0.005868,410.713,0.722327,0,,realistic_mixed
2026-05-11T10:40:15+00:00,slice_1,service_4,Service,47.95,54.981,29.568,0.010328,557.736,0.87821,0,,realistic_mixed
2026-05-11T10:40:15+00:00,slice_2,amf_5,AMF,54.829,53.171,30.123,0.004527,255.401,0.685534,0,,realistic_mixed
2026-05-11T10:40:15+00:00,slice_3,smf_6,SMF,59.121,54.75,14.962,0.003975,447.527,0.80454,0,,realistic_mixed
2026-05-11T10:40:15+00:00,slice_1,gnb_7,gNB,48.115,57.009,26.824,0.003036,493.085,0.824224,0,,realistic_mixed
2026-05-11T10:40:15+00:00,slice_2,upf_8,UPF,43.477,68.022,30.385,0.002461,102.781,0.577315,0,,realistic_mixed
2026-05-11T10:41:15+00:00,slice_1,gnb_1,gNB,48.323,50.529,17.833,0.002327,327.934,0.704642,0,,realistic_mixed
2026-05-11T10:41:15+00:00,slice_2,upf_2,UPF,52.063,61.585,31.868,0.004258,161.937,0.58617,0,,realistic_mixed
2026-05-11T10:41:15+00:00,slice_3,router_3,Router,49.535,58.093,14.498,0.002249,383.602,0.785177,0,,realistic_mixed
2026-05-11T10:41:15+00:00,slice_1,service_4,Service,53.586,54.803,16.568,0.00216,659.341,0.74743,0,,realistic_mixed
2026-05-11T10:41:15+00:00,slice_2,amf_5,AMF,48.133,55.261,32.702,0.004038,202.585,0.595617,0,,realistic_mixed
2026-05-11T10:41:15+00:00,slice_3,smf_6,SMF,42.695,52.126,20.243,0.003821,442.198,0.832703,0,,realistic_mixed
2026-05-11T10:41:15+00:00,slice_1,gnb_7,gNB,58.132,60.961,34.699,0.015589,581.833,0.904243,0,,realistic_mixed
2026-05-11T10:41:15+00:00,slice_2,upf_8,UPF,56.334,54.836,29.543,0.00256,254.439,0.486249,0,,realistic_mixed
2026-05-11T10:42:15+00:00,slice_1,gnb_1,gNB,50.223,53.682,21.639,0.002811,541.716,0.776223,0,,realistic_mixed
2026-05-11T10:42:15+00:00,slice_2,upf_2,UPF,53.025,61.98,35.239,0.002197,211.721,0.633189,0,,realistic_mixed
2026-05-11T10:42:15+00:00,slice_3,router_3,Router,52.164,50.932,10.394,0.003213,367.748,0.70098,0,,realistic_mixed
2026-05-11T10:42:15+00:00,slice_1,service_4,Service,57.203,64.02,18.483,0.002179,413.497,0.76189,0,,realistic_mixed
2026-05-11T10:42:15+00:00,slice_2,amf_5,AMF,48.825,59.769,31.87,0.002369,265.468,0.626734,0,,realistic_mixed
2026-05-11T10:42:15+00:00,slice_3,smf_6,SMF,65.691,62.912,13.877,0.003989,429.893,0.680076,0,,realistic_mixed
2026-05-11T10:42:15+00:00,slice_1,gnb_7,gNB,67.356,71.402,23.301,0.003384,416.397,0.774962,0,,realistic_mixed
2026-05-11T10:42:15+00:00,slice_2,upf_8,UPF,48.081,52.02,30.081,0.003764,264.521,0.667345,0,,realistic_mixed
2026-05-11T10:43:15+00:00,slice_1,gnb_1,gNB,44.237,49.791,20.27,0.00608,511.479,0.782024,0,,realistic_mixed
2026-05-11T10:43:15+00:00,slice_2,upf_2,UPF,56.15,70.718,36.237,0.002275,189.132,0.789853,0,,realistic_mixed
2026-05-11T10:43:15+00:00,slice_3,router_3,Router,47.087,60.749,11.739,0.002742,323.045,0.687067,0,,realistic_mixed
2026-05-11T10:43:15+00:00,slice_1,service_4,Service,66.057,64.219,31.244,0.009405,636.901,0.858781,0,,realistic_mixed
2026-05-11T10:43:15+00:00,slice_2,amf_5,AMF,57.039,62.152,31.818,0.003127,174.333,0.754035,0,,realistic_mixed
2026-05-11T10:43:15+00:00,slice_3,smf_6,SMF,46.787,52.238,23.443,0.010983,368.918,0.887583,0,,realistic_mixed
2026-05-11T10:43:15+00:00,slice_1,gnb_7,gNB,42.172,46.358,20.616,0.004299,519.336,0.725609,0,,realistic_mixed
2026-05-11T10:43:15+00:00,slice_2,upf_8,UPF,58.74,65.349,30.817,0.002572,229.493,0.545568,0,,realistic_mixed
2026-05-11T10:44:15+00:00,slice_1,gnb_1,gNB,58.361,64.198,25.393,0.004689,530.316,0.840999,0,,realistic_mixed
2026-05-11T10:44:15+00:00,slice_2,upf_2,UPF,53.89,69.082,29.677,0.005162,195.724,0.676496,0,,realistic_mixed
2026-05-11T10:44:15+00:00,slice_3,router_3,Router,60.761,50.966,12.608,0.004166,383.29,0.682975,0,,realistic_mixed
2026-05-11T10:44:15+00:00,slice_1,service_4,Service,47.94,52.515,26.67,0.004135,630.07,0.827632,0,,realistic_mixed
2026-05-11T10:44:15+00:00,slice_2,amf_5,AMF,53.619,56.729,32.53,0.004267,137.622,0.743049,0,,realistic_mixed
2026-05-11T10:44:15+00:00,slice_3,smf_6,SMF,59.894,61.175,15.132,0.005613,412.153,0.781486,0,,realistic_mixed
2026-05-11T10:44:15+00:00,slice_1,gnb_7,gNB,57.264,53.905,23.577,0.003313,538.845,0.78987,0,,realistic_mixed
2026-05-11T10:44:15+00:00,slice_2,upf_8,UPF,46.748,54.093,37.471,0.003834,117.119,0.766415,0,,realistic_mixed
2026-05-11T10:45:15+00:00,slice_1,gnb_1,gNB,38.561,44.198,29.022,0.011148,586.304,0.872014,0,,realistic_mixed
2026-05-11T10:45:15+00:00,slice_2,upf_2,UPF,56.214,59.009,31.685,0.003149,295.045,0.745341,0,,realistic_mixed
2026-05-11T10:45:15+00:00,slice_3,router_3,Router,54.778,48.534,17.327,0.003374,390.664,0.805651,0,,realistic_mixed
2026-05-11T10:45:15+00:00,slice_1,service_4,Service,52.541,55.234,17.507,0.003688,550.983,0.723857,0,,realistic_mixed
2026-05-11T10:45:15+00:00,slice_2,amf_5,AMF,49.846,56.934,31.303,0.00242,176.68,0.65529,0,,realistic_mixed
2026-05-11T10:45:15+00:00,slice_3,smf_6,SMF,45.785,54.205,12.229,0.003592,401.755,0.770446,0,,realistic_mixed
2026-05-11T10:45:15+00:00,slice_1,gnb_7,gNB,40.536,50.937,26.164,0.005321,658.031,0.829445,0,,realistic_mixed
2026-05-11T10:45:15+00:00,slice_2,upf_8,UPF,68.698,64.967,36.291,0.003687,158.628,0.654206,0,,realistic_mixed
2026-05-11T10:46:15+00:00,slice_1,gnb_1,gNB,46.883,55.932,33.922,0.011906,569.381,0.884425,0,,realistic_mixed
2026-05-11T10:46:15+00:00,slice_2,upf_2,UPF,61.657,54.573,32.63,0.00375,209.724,0.651025,0,,realistic_mixed
2026-05-11T10:46:15+00:00,slice_3,router_3,Router,42.75,59.523,12.451,0.004126,419.163,0.639826,0,,realistic_mixed
2026-05-11T10:46:15+00:00,slice_1,service_4,Service,49.633,61.689,23.087,0.002873,660.49,0.809786,0,,realistic_mixed
2026-05-11T10:46:15+00:00,slice_2,amf_5,AMF,69.296,69.235,37.956,0.002161,264.19,0.731525,0,,realistic_mixed
2026-05-11T10:46:15+00:00,slice_3,smf_6,SMF,60.246,55.447,11.326,0.002087,406.95,0.672651,0,,realistic_mixed
2026-05-11T10:46:15+00:00,slice_1,gnb_7,gNB,54.261,52.874,25.887,0.005421,612.541,0.840368,0,,realistic_mixed
2026-05-11T10:46:15+00:00,slice_2,upf_8,UPF,59.755,56.677,31.469,0.00358,266.553,0.674963,0,,realistic_mixed
2026-05-11T10:47:15+00:00,slice_1,gnb_1,gNB,58.497,55.67,20.982,0.003439,713.661,0.771794,0,,realistic_mixed
2026-05-11T10:47:15+00:00,slice_2,upf_2,UPF,60.656,58.379,31.583,0.004462,242.364,0.698686,0,,realistic_mixed
2026-05-11T10:47:15+00:00,slice_3,router_3,Router,59.823,50.26,12.758,0.003388,220.066,0.667643,0,,realistic_mixed
2026-05-11T10:47:15+00:00,slice_1,service_4,Service,41.707,63.01,24.997,0.002532,583.502,0.80881,0,,realistic_mixed
2026-05-11T10:47:15+00:00,slice_2,amf_5,AMF,65.364,58.979,32.222,0.002051,213.521,0.692554,0,,realistic_mixed
2026-05-11T10:47:15+00:00,slice_3,smf_6,SMF,43.795,58.169,10.926,0.002961,139.721,0.696393,0,,realistic_mixed
2026-05-11T10:47:15+00:00,slice_1,gnb_7,gNB,50.927,54.857,27.133,0.007161,596.478,0.860487,0,,realistic_mixed
2026-05-11T10:47:15+00:00,slice_2,upf_8,UPF,63.883,61.258,32.081,0.003012,237.536,0.619599,0,,realistic_mixed
2026-05-11T10:48:15+00:00,slice_1,gnb_1,gNB,62.684,59.172,25.968,0.00628,615.741,0.841745,0,,realistic_mixed
2026-05-11T10:48:15+00:00,slice_2,upf_2,UPF,55.103,57.364,29.356,0.002318,246.362,0.664614,0,,realistic_mixed
2026-05-11T10:48:15+00:00,slice_3,router_3,Router,59.737,62.625,10.325,0.006394,399.714,0.647459,0,,realistic_mixed
2026-05-11T10:48:15+00:00,slice_1,service_4,Service,51.174,47.956,25.446,0.003465,476.929,0.82831,0,,realistic_mixed
2026-05-11T10:48:15+00:00,slice_2,amf_5,AMF,53.075,63.272,31.434,0.002179,283.942,0.698663,0,,realistic_mixed
2026-05-11T10:48:15+00:00,slice_3,smf_6,SMF,58.643,52.581,18.215,0.005137,442.999,0.833223,0,,realistic_mixed
2026-05-11T10:48:15+00:00,slice_1,gnb_7,gNB,59.074,57.783,27.787,0.009937,461.903,0.867329,0,,realistic_mixed
2026-05-11T10:48:15+00:00,slice_2,upf_8,UPF,53.788,51.874,32.398,0.007767,215.724,0.724529,0,,realistic_mixed
2026-05-11T10:49:15+00:00,slice_1,gnb_1,gNB,52.997,52.04,22.919,0.003885,433.009,0.780833,0,,realistic_mixed
2026-05-11T10:49:15+00:00,slice_2,upf_2,UPF,58.355,45.501,31.88,0.004169,142.994,0.61034,0,,realistic_mixed
2026-05-11T10:49:15+00:00,slice_3,router_3,Router,53.768,61.222,16.973,0.003425,440.136,0.804476,0,,realistic_mixed
2026-05-11T10:49:15+00:00,slice_1,service_4,Service,47.023,46.853,27.483,0.00762,475.031,0.839116,0,,realistic_mixed
2026-05-11T10:49:15+00:00,slice_2,amf_5,AMF,53.491,54.284,31.069,0.002722,245.054,0.549994,0,,realistic_mixed
2026-05-11T10:49:15+00:00,slice_3,smf_6,SMF,56.262,55.368,15.381,0.005813,194.583,0.785378,0,,realistic_mixed
2026-05-11T10:49:15+00:00,slice_1,gnb_7,gNB,60.841,65.678,23.406,0.00369,425.893,0.807766,0,,realistic_mixed
2026-05-11T10:49:15+00:00,slice_2,upf_8,UPF,64.021,61.281,32.08,0.002791,153.574,0.662346,0,,realistic_mixed
2026-05-11T10:50:15+00:00,slice_1,gnb_1,gNB,39.536,43.597,24.537,0.003757,434.517,0.812803,0,,realistic_mixed
2026-05-11T10:50:15+00:00,slice_2,upf_2,UPF,58.53,61.093,31.665,0.003569,265.566,0.669889,0,,realistic_mixed
2026-05-11T10:50:15+00:00,slice_3,router_3,Router,49.509,52.473,12.819,0.002284,495.057,0.706277,0,,realistic_mixed
2026-05-11T10:50:15+00:00,slice_1,service_4,Service,49.236,43.399,23.765,0.003479,372.306,0.815788,0,,realistic_mixed
2026-05-11T10:50:15+00:00,slice_2,amf_5,AMF,60.663,58.824,32.059,0.003471,296.303,0.762609,0,,realistic_mixed
2026-05-11T10:50:15+00:00,slice_3,smf_6,SMF,58.884,53.014,18.225,0.003743,334.197,0.810721,0,,realistic_mixed
2026-05-11T10:50:15+00:00,slice_1,gnb_7,gNB,61.757,72.494,30.583,0.012049,651.018,0.887046,0,,realistic_mixed
2026-05-11T10:50:15+00:00,slice_2,upf_8,UPF,54.061,51.563,30.835,0.002901,194.278,0.661597,0,,realistic_mixed
2026-05-11T10:51:15+00:00,slice_1,gnb_1,gNB,50.95,52.493,38.007,0.021783,547.523,0.971137,0,,realistic_mixed
2026-05-11T10:51:15+00:00,slice_2,upf_2,UPF,57.853,47.888,30.801,0.004602,238.867,0.659806,0,,realistic_mixed
2026-05-11T10:51:15+00:00,slice_3,router_3,Router,62.591,64.395,10.606,0.004711,572.42,0.708624,0,,realistic_mixed
2026-05-11T10:51:15+00:00,slice_1,service_4,Service,54.701,55.378,18.843,0.004573,397.641,0.744029,0,,realistic_mixed
2026-05-11T10:51:15+00:00,slice_2,amf_5,AMF,48.893,63.797,30.961,0.004171,280.548,0.7474,0,,realistic_mixed
2026-05-11T10:51:15+00:00,slice_3,smf_6,SMF,53.819,53.641,13.909,0.004472,374.004,0.755145,0,,realistic_mixed
2026-05-11T10:51:15+00:00,slice_1,gnb_7,gNB,53.637,55.6,23.784,0.002473,550.276,0.80427,0,,realistic_mixed
2026-05-11T10:51:15+00:00,slice_2,upf_8,UPF,50.498,62.382,30.333,0.002824,171.572,0.589762,0,,realistic_mixed
2026-05-11T10:52:15+00:00,slice_1,gnb_1,gNB,58.769,57.269,25.353,0.002375,577.552,0.81893,0,,realistic_mixed
2026-05-11T10:52:15+00:00,slice_2,upf_2,UPF,53.329,39.058,29.695,0.003958,146.723,0.60316,0,,realistic_mixed
2026-05-11T10:52:15+00:00,slice_3,router_3,Router,45.91,49.2,11.599,0.004879,298.373,0.677427,0,,realistic_mixed
2026-05-11T10:52:15+00:00,slice_1,service_4,Service,48.872,46.967,28.213,0.008796,712.823,0.861292,0,,realistic_mixed
2026-05-11T10:52:15+00:00,slice_2,amf_5,AMF,57.153,51.757,32.445,0.002156,281.711,0.624867,0,,realistic_mixed
2026-05-11T10:52:15+00:00,slice_3,smf_6,SMF,56.08,58.309,11.624,0.004042,295.805,0.668183,0,,realistic_mixed
2026-05-11T10:52:15+00:00,slice_1,gnb_7,gNB,54.018,61.826,28.814,0.01107,442.079,0.875697,0,,realistic_mixed
2026-05-11T10:52:15+00:00,slice_2,upf_8,UPF,41.961,36.281,30.393,0.002864,187.988,0.633266,0,,realistic_mixed
2026-05-11T10:53:15+00:00,slice_1,gnb_1,gNB,46.86,47.25,22.867,0.003087,471.3,0.795314,0,,realistic_mixed
2026-05-11T10:53:15+00:00,slice_2,upf_2,UPF,44.202,57.012,30.449,0.002023,305.855,0.730292,0,,realistic_mixed
2026-05-11T10:53:15+00:00,slice_3,router_3,Router,45.789,40.986,12.391,0.003684,408.388,0.719274,0,,realistic_mixed
2026-05-11T10:53:15+00:00,slice_1,service_4,Service,57.854,69.875,19.15,0.003648,377.811,0.762781,0,,realistic_mixed
2026-05-11T10:53:15+00:00,slice_2,amf_5,AMF,42.217,54.487,30.355,0.004973,266.103,0.632566,0,,realistic_mixed
2026-05-11T10:53:15+00:00,slice_3,smf_6,SMF,66.714,56.205,21.318,0.004698,371.581,0.833002,0,,realistic_mixed
2026-05-11T10:53:15+00:00,slice_1,gnb_7,gNB,64.137,49.031,32.856,0.014707,548.672,0.91819,0,,realistic_mixed
2026-05-11T10:53:15+00:00,slice_2,upf_8,UPF,47.595,45.859,33.865,0.003271,135.817,0.629653,0,,realistic_mixed
2026-05-11T10:54:15+00:00,slice_1,gnb_1,gNB,40.309,47.253,22.07,0.006393,478.52,0.789799,0,,realistic_mixed
2026-05-11T10:54:15+00:00,slice_2,upf_2,UPF,35.264,46.302,30.497,0.002253,155.301,0.670842,0,,realistic_mixed
2026-05-11T10:54:15+00:00,slice_3,router_3,Router,48.796,58.335,19.511,0.005539,279.25,0.826852,0,,realistic_mixed
2026-05-11T10:54:15+00:00,slice_1,service_4,Service,57.279,52.57,25.553,0.002685,550.48,0.80067,0,,realistic_mixed
2026-05-11T10:54:15+00:00,slice_2,amf_5,AMF,58.825,50.47,34.595,0.004013,246.274,0.765439,0,,realistic_mixed
2026-05-11T10:54:15+00:00,slice_3,smf_6,SMF,55.592,61.11,13.439,0.005433,295.599,0.765386,0,,realistic_mixed
2026-05-11T10:54:15+00:00,slice_1,gnb_7,gNB,58.537,61.553,34.218,0.015653,514.962,0.913539,0,,realistic_mixed
2026-05-11T10:54:15+00:00,slice_2,upf_8,UPF,44.44,51.706,32.615,0.002318,186.622,0.648028,0,,realistic_mixed
2026-05-11T10:55:15+00:00,slice_1,gnb_1,gNB,38.565,42.678,30.187,0.008129,602.373,0.866857,0,,realistic_mixed
2026-05-11T10:55:15+00:00,slice_2,upf_2,UPF,64.6,60.138,38.141,0.00448,232.349,0.821051,0,,realistic_mixed
2026-05-11T10:55:15+00:00,slice_3,router_3,Router,53.241,50.468,10.222,0.005106,319.269,0.735683,0,,realistic_mixed
2026-05-11T10:55:15+00:00,slice_1,service_4,Service,56.746,64.182,27.944,0.006222,654.557,0.847791,0,,realistic_mixed
2026-05-11T10:55:15+00:00,slice_2,amf_5,AMF,51.628,55.571,31.472,0.002578,176.465,0.700682,0,,realistic_mixed
2026-05-11T10:55:15+00:00,slice_3,smf_6,SMF,48.102,50.878,10.879,0.002197,523.566,0.753348,0,,realistic_mixed
2026-05-11T10:55:15+00:00,slice_1,gnb_7,gNB,57.779,54.771,30.938,0.014937,611.866,0.894672,0,,realistic_mixed
2026-05-11T10:55:15+00:00,slice_2,upf_8,UPF,60.85,61.149,34.377,0.003227,193.529,0.782023,0,,realistic_mixed
2026-05-11T10:56:15+00:00,slice_1,gnb_1,gNB,54.22,69.844,24.706,0.003137,594.963,0.804411,0,,realistic_mixed
2026-05-11T10:56:15+00:00,slice_2,upf_2,UPF,50.274,64.955,30.413,0.00269,239.637,0.690605,0,,realistic_mixed
2026-05-11T10:56:15+00:00,slice_3,router_3,Router,47.085,48.164,12.353,0.003598,457.316,0.776473,0,,realistic_mixed
2026-05-11T10:56:15+00:00,slice_1,service_4,Service,45.547,41.602,21.532,0.002937,600.48,0.788519,0,,realistic_mixed
2026-05-11T10:56:15+00:00,slice_2,amf_5,AMF,51.985,43.732,30.317,0.006332,208.1,0.633893,0,,realistic_mixed
2026-05-11T10:56:15+00:00,slice_3,smf_6,SMF,66.603,60.841,12.829,0.002218,426.635,0.725335,0,,realistic_mixed
2026-05-11T10:56:15+00:00,slice_1,gnb_7,gNB,50.875,49.583,24.906,0.00537,660.761,0.812656,0,,realistic_mixed
2026-05-11T10:56:15+00:00,slice_2,upf_8,UPF,45.652,58.412,31.572,0.002344,215.479,0.610931,0,,realistic_mixed
2026-05-11T10:57:15+00:00,slice_1,gnb_1,gNB,60.256,56.697,20.646,0.002887,407.404,0.780101,0,,realistic_mixed
2026-05-11T10:57:15+00:00,slice_2,upf_2,UPF,46.764,47.358,30.51,0.002949,343.228,0.686697,0,,realistic_mixed
2026-05-11T10:57:15+00:00,slice_3,router_3,Router,49.488,59.235,14.464,0.002789,391.565,0.799837,0,,realistic_mixed
2026-05-11T10:57:15+00:00,slice_1,service_4,Service,62.752,58.991,20.762,0.002209,382.06,0.713119,0,,realistic_mixed
2026-05-11T10:57:15+00:00,slice_2,amf_5,AMF,50.846,59.497,32.793,0.004989,315.183,0.683788,0,,realistic_mixed
2026-05-11T10:57:15+00:00,slice_3,smf_6,SMF,54.242,56.58,11.029,0.002922,393.769,0.751527,0,,realistic_mixed
2026-05-11T10:57:15+00:00,slice_1,gnb_7,gNB,39.683,54.706,19.682,0.004557,546.651,0.713331,0,,realistic_mixed
2026-05-11T10:57:15+00:00,slice_2,upf_8,UPF,36.815,44.808,31.783,0.002887,227.989,0.614465,0,,realistic_mixed
2026-05-11T10:58:15+00:00,slice_1,gnb_1,gNB,55.652,61.005,29.622,0.011893,459.677,0.886544,0,,realistic_mixed
2026-05-11T10:58:15+00:00,slice_2,upf_2,UPF,46.03,48.428,30.427,0.003036,262.582,0.641661,0,,realistic_mixed
2026-05-11T10:58:15+00:00,slice_3,router_3,Router,48.273,50.871,13.396,0.002586,318.779,0.757208,0,,realistic_mixed
2026-05-11T10:58:15+00:00,slice_1,service_4,Service,45.794,50.469,18.27,0.003566,508.036,0.681566,0,,realistic_mixed
2026-05-11T10:58:15+00:00,slice_2,amf_5,AMF,47.723,53.684,30.631,0.00251,230.331,0.693081,0,,realistic_mixed
2026-05-11T10:58:15+00:00,slice_3,smf_6,SMF,47.613,49.077,12.975,0.006066,392.371,0.727391,0,,realistic_mixed
2026-05-11T10:58:15+00:00,slice_1,gnb_7,gNB,45.683,47.312,18.955,0.004211,453.928,0.655063,0,,realistic_mixed
2026-05-11T10:58:15+00:00,slice_2,upf_8,UPF,61.306,69.227,32.232,0.002532,146.977,0.625432,0,,realistic_mixed
2026-05-11T10:59:15+00:00,slice_1,gnb_1,gNB,59.059,58.369,24.229,0.002266,461.164,0.78266,0,,realistic_mixed
2026-05-11T10:59:15+00:00,slice_2,upf_2,UPF,56.011,62.919,30.323,0.005025,243.838,0.720219,0,,realistic_mixed
2026-05-11T10:59:15+00:00,slice_3,router_3,Router,56.519,58.341,14.485,0.003949,308.895,0.76944,0,,realistic_mixed
2026-05-11T10:59:15+00:00,slice_1,service_4,Service,46.576,60.262,21.811,0.003484,381.499,0.80015,0,,realistic_mixed
2026-05-11T10:59:15+00:00,slice_2,amf_5,AMF,58.027,68.538,32.313,0.002958,145.423,0.760063,0,,realistic_mixed
2026-05-11T10:59:15+00:00,slice_3,smf_6,SMF,51.345,54.267,12.49,0.0034,368.169,0.674526,0,,realistic_mixed
2026-05-11T10:59:15+00:00,slice_1,gnb_7,gNB,39.966,45.869,19.849,0.00553,548.098,0.758565,0,,realistic_mixed
2026-05-11T10:59:15+00:00,slice_2,upf_8,UPF,57.885,51.254,31.158,0.005587,296.706,0.594271,0,,realistic_mixed
2026-05-11T11:00:15+00:00,slice_1,gnb_1,gNB,44.263,48.419,24.005,0.002122,504.043,0.811808,0,,realistic_mixed
2026-05-11T11:00:15+00:00,slice_2,upf_2,UPF,46.355,60.2,33.211,0.003198,160.785,0.582303,0,,realistic_mixed
2026-05-11T11:00:15+00:00,slice_3,router_3,Router,54.747,59.893,12.017,0.00509,331.684,0.74254,0,,realistic_mixed
2026-05-11T11:00:15+00:00,slice_1,service_4,Service,57.113,62.445,19.869,0.002118,477.512,0.691509,0,,realistic_mixed
2026-05-11T11:00:15+00:00,slice_2,amf_5,AMF,43.48,43.291,30.857,0.004486,242.018,0.597515,0,,realistic_mixed
2026-05-11T11:00:15+00:00,slice_3,smf_6,SMF,54.594,54.662,12.116,0.002794,383.979,0.741402,0,,realistic_mixed
2026-05-11T11:00:15+00:00,slice_1,gnb_7,gNB,65.74,55.462,31.033,0.007122,539.101,0.843791,0,,realistic_mixed
2026-05-11T11:00:15+00:00,slice_2,upf_8,UPF,44.816,42.383,31.519,0.002418,215.108,0.66024,0,,realistic_mixed
2026-05-11T11:01:15+00:00,slice_1,gnb_1,gNB,69.611,73.105,28.191,0.007204,422.595,0.791487,0,,realistic_mixed
2026-05-11T11:01:15+00:00,slice_2,upf_2,UPF,55.476,62.834,36.035,0.007592,186.359,0.801036,0,,realistic_mixed
2026-05-11T11:01:15+00:00,slice_3,router_3,Router,68.215,65.693,25.178,0.002943,565.624,0.815322,0,,realistic_mixed
2026-05-11T11:01:15+00:00,slice_1,service_4,Service,54.342,60.835,28.394,0.010159,545.286,0.867164,0,,realistic_mixed
2026-05-11T11:01:15+00:00,slice_2,amf_5,AMF,68.453,59.522,34.704,0.002985,318.434,0.692186,0,,realistic_mixed
2026-05-11T11:01:15+00:00,slice_3,smf_6,SMF,52.809,53.971,16.01,0.002737,369.249,0.768834,0,,realistic_mixed
2026-05-11T11:01:15+00:00,slice_1,gnb_7,gNB,46.305,54.341,28.01,0.007227,644.6,0.858676,0,,realistic_mixed
2026-05-11T11:01:15+00:00,slice_2,upf_8,UPF,62.378,53.403,32.911,0.002467,214.258,0.716412,0,,realistic_mixed
2026-05-11T11:02:15+00:00,slice_1,gnb_1,gNB,43.237,59.532,17.802,0.00242,432.829,0.634464,0,,realistic_mixed
2026-05-11T11:02:15+00:00,slice_2,upf_2,UPF,58.338,63.53,32.814,0.005129,176.75,0.63601,0,,realistic_mixed
2026-05-11T11:02:15+00:00,slice_3,router_3,Router,56.665,56.007,9.954,0.002048,313.5,0.732022,0,,realistic_mixed
2026-05-11T11:02:15+00:00,slice_1,service_4,Service,55.789,60.069,29.8,0.009586,530.823,0.874646,0,,realistic_mixed
2026-05-11T11:02:15+00:00,slice_2,amf_5,AMF,52.439,48.084,29.816,0.002858,223.224,0.599844,0,,realistic_mixed
2026-05-11T11:02:15+00:00,slice_3,smf_6,SMF,46.149,55.138,17.31,0.003884,296.61,0.66852,0,,realistic_mixed
2026-05-11T11:02:15+00:00,slice_1,gnb_7,gNB,71.715,63.145,35.856,0.009331,446.803,0.839592,0,,realistic_mixed
2026-05-11T11:02:15+00:00,slice_2,upf_8,UPF,49.099,54.154,30.879,0.002552,188.847,0.593088,0,,realistic_mixed
2026-05-11T11:03:15+00:00,slice_1,gnb_1,gNB,60.099,58.949,19.048,0.002951,423.103,0.693003,0,,realistic_mixed
2026-05-11T11:03:15+00:00,slice_2,upf_2,UPF,41.832,35.726,31.426,0.00444,193.786,0.645925,0,,realistic_mixed
2026-05-11T11:03:15+00:00,slice_3,router_3,Router,47.233,63.075,15.653,0.002151,237.849,0.797657,0,,realistic_mixed
2026-05-11T11:03:15+00:00,slice_1,service_4,Service,58.57,43.449,27.619,0.007102,585.62,0.831232,0,,realistic_mixed
2026-05-11T11:03:15+00:00,slice_2,amf_5,AMF,50.831,57.366,30.523,0.002987,150.253,0.633619,0,,realistic_mixed
2026-05-11T11:03:15+00:00,slice_3,smf_6,SMF,56.578,62.039,14.662,0.002256,597.233,0.791074,0,,realistic_mixed
2026-05-11T11:03:15+00:00,slice_1,gnb_7,gNB,59.759,56.833,23.468,0.003845,509.153,0.790283,0,,realistic_mixed
2026-05-11T11:03:15+00:00,slice_2,upf_8,UPF,53.962,50.377,31.687,0.003222,234.135,0.684442,0,,realistic_mixed
2026-05-11T11:04:15+00:00,slice_1,gnb_1,gNB,54.889,52.157,31.166,0.00952,461.686,0.868085,0,,realistic_mixed
2026-05-11T11:04:15+00:00,slice_2,upf_2,UPF,57.619,60.018,30.866,0.006036,198.291,0.711324,0,,realistic_mixed
2026-05-11T11:04:15+00:00,slice_3,router_3,Router,55.906,44.344,13.13,0.003871,291.798,0.734741,0,,realistic_mixed
2026-05-11T11:04:15+00:00,slice_1,service_4,Service,43.235,58.007,28.676,0.008457,522.712,0.84402,0,,realistic_mixed
2026-05-11T11:04:15+00:00,slice_2,amf_5,AMF,65.198,57.324,30.585,0.002421,241.087,0.601833,0,,realistic_mixed
2026-05-11T11:04:15+00:00,slice_3,smf_6,SMF,56.56,56.075,11.384,0.004241,315.899,0.722516,0,,realistic_mixed
2026-05-11T11:04:15+00:00,slice_1,gnb_7,gNB,58.329,60.318,17.609,0.002465,620.515,0.690143,0,,realistic_mixed
2026-05-11T11:04:15+00:00,slice_2,upf_8,UPF,53.372,45.353,31.963,0.00265,345.933,0.676862,0,,realistic_mixed
2026-05-11T11:05:15+00:00,slice_1,gnb_1,gNB,59.299,46.725,27.205,0.007116,496.498,0.849886,0,,realistic_mixed
2026-05-11T11:05:15+00:00,slice_2,upf_2,UPF,44.932,59.087,31.081,0.002945,97.894,0.722123,0,,realistic_mixed
2026-05-11T11:05:15+00:00,slice_3,router_3,Router,62.786,63.061,19.871,0.005318,376.747,0.845741,0,,realistic_mixed
2026-05-11T11:05:15+00:00,slice_1,service_4,Service,46.04,50.568,22.898,0.002429,347.545,0.804085,0,,realistic_mixed
2026-05-11T11:05:15+00:00,slice_2,amf_5,AMF,36.176,46.844,31.593,0.002541,182.107,0.55003,0,,realistic_mixed
2026-05-11T11:05:15+00:00,slice_3,smf_6,SMF,55.326,47.941,18.426,0.003293,388.493,0.828363,0,,realistic_mixed
2026-05-11T11:05:15+00:00,slice_1,gnb_7,gNB,34.205,56.137,17.072,0.006833,350.15,0.722137,0,,realistic_mixed
2026-05-11T11:05:15+00:00,slice_2,upf_8,UPF,51.851,55.948,32.293,0.006026,54.986,0.735456,0,,realistic_mixed
2026-05-11T11:06:15+00:00,slice_1,gnb_1,gNB,70.832,60.736,42.6,0.013727,569.357,0.908276,0,,realistic_mixed
2026-05-11T11:06:15+00:00,slice_2,upf_2,UPF,54.15,57.009,31.184,0.003769,209.656,0.672296,0,,realistic_mixed
2026-05-11T11:06:15+00:00,slice_3,router_3,Router,55.93,60.51,17.816,0.002116,292.639,0.68384,0,,realistic_mixed
2026-05-11T11:06:15+00:00,slice_1,service_4,Service,58.808,65.084,29.056,0.007089,569.548,0.858115,0,,realistic_mixed
2026-05-11T11:06:15+00:00,slice_2,amf_5,AMF,42.01,59.355,32.775,0.002278,174.194,0.511903,0,,realistic_mixed
2026-05-11T11:06:15+00:00,slice_3,smf_6,SMF,49.084,52.91,11.424,0.005,346.257,0.727473,0,,realistic_mixed
2026-05-11T11:06:15+00:00,slice_1,gnb_7,gNB,58.271,69.208,20.472,0.002801,432.702,0.774139,0,,realistic_mixed
2026-05-11T11:06:15+00:00,slice_2,upf_8,UPF,56.793,51.243,31.388,0.004394,293.104,0.633213,0,,realistic_mixed
2026-05-11T11:07:15+00:00,slice_1,gnb_1,gNB,47.377,43.014,17.644,0.002458,492.118,0.748671,0,,realistic_mixed
2026-05-11T11:07:15+00:00,slice_2,upf_2,UPF,49.949,52.426,32.913,0.003574,232.625,0.688662,0,,realistic_mixed
2026-05-11T11:07:15+00:00,slice_3,router_3,Router,60.863,51.991,11.824,0.003308,200.637,0.737375,0,,realistic_mixed
2026-05-11T11:07:15+00:00,slice_1,service_4,Service,49.877,60.214,19.283,0.002799,380.165,0.747177,0,,realistic_mixed
2026-05-11T11:07:15+00:00,slice_2,amf_5,AMF,58.478,64.561,33.969,0.003386,126.581,0.700933,0,,realistic_mixed
2026-05-11T11:07:15+00:00,slice_3,smf_6,SMF,58.325,60.346,17.471,0.005168,305.615,0.811943,0,,realistic_mixed
2026-05-11T11:07:15+00:00,slice_1,gnb_7,gNB,58.503,60.475,19.069,0.002758,506.234,0.685323,0,,realistic_mixed
2026-05-11T11:07:15+00:00,slice_2,upf_8,UPF,61.519,62.498,30.904,0.003484,280.344,0.733381,0,,realistic_mixed
2026-05-11T11:08:15+00:00,slice_1,gnb_1,gNB,45.022,54.717,18.566,0.002429,545.254,0.732564,0,,realistic_mixed
2026-05-11T11:08:15+00:00,slice_2,upf_2,UPF,54.768,50.269,32.0,0.002246,142.72,0.749834,0,,realistic_mixed
2026-05-11T11:08:15+00:00,slice_3,router_3,Router,45.487,47.853,13.596,0.002114,506.685,0.772173,0,,realistic_mixed
2026-05-11T11:08:15+00:00,slice_1,service_4,Service,66.962,57.604,33.662,0.012761,468.187,0.889317,0,,realistic_mixed
2026-05-11T11:08:15+00:00,slice_2,amf_5,AMF,51.154,45.037,31.559,0.003698,155.702,0.707329,0,,realistic_mixed
2026-05-11T11:08:15+00:00,slice_3,smf_6,SMF,47.574,48.705,10.471,0.00364,531.022,0.716654,0,,realistic_mixed
2026-05-11T11:08:15+00:00,slice_1,gnb_7,gNB,54.767,57.662,17.047,0.004263,356.166,0.702209,0,,realistic_mixed
2026-05-11T11:08:15+00:00,slice_2,upf_8,UPF,49.897,46.917,30.5,0.002083,185.82,0.716466,0,,realistic_mixed
2026-05-11T11:09:15+00:00,slice_1,gnb_1,gNB,55.056,56.117,23.853,0.003337,590.826,0.814196,0,,realistic_mixed
2026-05-11T11:09:15+00:00,slice_2,upf_2,UPF,54.104,53.195,30.418,0.002932,22.345,0.598818,0,,realistic_mixed
2026-05-11T11:09:15+00:00,slice_3,router_3,Router,50.403,55.717,10.13,0.003981,384.333,0.662268,0,,realistic_mixed
2026-05-11T11:09:15+00:00,slice_1,service_4,Service,49.566,49.332,28.22,0.009151,472.367,0.86441,0,,realistic_mixed
2026-05-11T11:09:15+00:00,slice_2,amf_5,AMF,56.94,53.078,30.567,0.002501,216.193,0.705083,0,,realistic_mixed
2026-05-11T11:09:15+00:00,slice_3,smf_6,SMF,57.099,56.563,16.451,0.002139,237.225,0.790795,0,,realistic_mixed
2026-05-11T11:09:15+00:00,slice_1,gnb_7,gNB,65.841,46.28,21.87,0.004862,411.461,0.773124,0,,realistic_mixed
2026-05-11T11:09:15+00:00,slice_2,upf_8,UPF,74.515,66.671,43.506,0.003434,162.684,0.611923,0,,realistic_mixed
2026-05-11T11:10:15+00:00,slice_1,gnb_1,gNB,58.521,63.849,24.564,0.00539,524.991,0.796159,0,,realistic_mixed
2026-05-11T11:10:15+00:00,slice_2,upf_2,UPF,54.06,45.515,31.776,0.003556,269.692,0.683803,0,,realistic_mixed
2026-05-11T11:10:15+00:00,slice_3,router_3,Router,52.63,55.626,20.818,0.0064,367.821,0.851775,0,,realistic_mixed
2026-05-11T11:10:15+00:00,slice_1,service_4,Service,58.778,58.355,21.906,0.005267,458.122,0.783207,0,,realistic_mixed
2026-05-11T11:10:15+00:00,slice_2,amf_5,AMF,56.786,46.079,32.175,0.003188,184.679,0.553739,0,,realistic_mixed
2026-05-11T11:10:15+00:00,slice_3,smf_6,SMF,58.066,63.274,11.336,0.004404,300.449,0.721528,0,,realistic_mixed
2026-05-11T11:10:15+00:00,slice_1,gnb_7,gNB,50.328,45.276,24.383,0.002742,423.663,0.812364,0,,realistic_mixed
2026-05-11T11:10:15+00:00,slice_2,upf_8,UPF,48.593,54.35,35.261,0.003795,192.653,0.623706,0,,realistic_mixed
2026-05-11T11:11:15+00:00,slice_1,gnb_1,gNB,47.779,52.322,23.044,0.003274,450.763,0.802719,0,,realistic_mixed
2026-05-11T11:11:15+00:00,slice_2,upf_2,UPF,48.544,45.988,29.217,0.002525,395.971,0.720849,0,,realistic_mixed
2026-05-11T11:11:15+00:00,slice_3,router_3,Router,52.873,53.703,17.312,0.004466,286.675,0.821243,0,,realistic_mixed
2026-05-11T11:11:15+00:00,slice_1,service_4,Service,53.594,47.72,26.68,0.006101,562.537,0.840432,0,,realistic_mixed
2026-05-11T11:11:15+00:00,slice_2,amf_5,AMF,56.312,54.077,30.745,0.002444,282.213,0.542332,0,,realistic_mixed
2026-05-11T11:11:15+00:00,slice_3,smf_6,SMF,65.829,50.75,17.989,0.004549,328.8,0.776084,0,,realistic_mixed
2026-05-11T11:11:15+00:00,slice_1,gnb_7,gNB,51.446,56.548,18.496,0.003928,389.497,0.729123,0,,realistic_mixed
2026-05-11T11:11:15+00:00,slice_2,upf_8,UPF,61.878,55.991,30.417,0.003153,200.255,0.607361,0,,realistic_mixed
2026-05-11T11:12:15+00:00,slice_1,gnb_1,gNB,61.884,52.923,20.766,0.002658,349.807,0.777375,0,,realistic_mixed
2026-05-11T11:12:15+00:00,slice_2,upf_2,UPF,54.645,68.372,33.183,0.002666,293.867,0.65207,0,,realistic_mixed
2026-05-11T11:12:15+00:00,slice_3,router_3,Router,60.412,61.725,12.96,0.002904,256.985,0.757264,0,,realistic_mixed
2026-05-11T11:12:15+00:00,slice_1,service_4,Service,48.393,29.366,27.871,0.009235,408.035,0.867614,0,,realistic_mixed
2026-05-11T11:12:15+00:00,slice_2,amf_5,AMF,54.589,56.607,32.239,0.003434,154.311,0.715194,0,,realistic_mixed
2026-05-11T11:12:15+00:00,slice_3,smf_6,SMF,54.141,51.288,14.346,0.002154,337.877,0.784395,0,,realistic_mixed
2026-05-11T11:12:15+00:00,slice_1,gnb_7,gNB,60.627,52.735,20.35,0.002957,474.101,0.721699,0,,realistic_mixed
2026-05-11T11:12:15+00:00,slice_2,upf_8,UPF,54.271,55.832,30.21,0.004984,192.612,0.689804,0,,realistic_mixed
2026-05-11T11:13:15+00:00,slice_1,gnb_1,gNB,59.779,65.27,17.671,0.005176,514.662,0.698787,0,,realistic_mixed
2026-05-11T11:13:15+00:00,slice_2,upf_2,UPF,60.742,52.582,33.447,0.00425,211.44,0.676077,0,,realistic_mixed
2026-05-11T11:13:15+00:00,slice_3,router_3,Router,57.298,69.19,11.916,0.006147,331.808,0.7446,0,,realistic_mixed
2026-05-11T11:13:15+00:00,slice_1,service_4,Service,48.435,57.754,29.273,0.009888,527.062,0.882429,0,,realistic_mixed
2026-05-11T11:13:15+00:00,slice_2,amf_5,AMF,51.137,43.02,30.485,0.002401,156.952,0.539346,0,,realistic_mixed
2026-05-11T11:13:15+00:00,slice_3,smf_6,SMF,49.367,51.707,12.628,0.002912,345.373,0.714227,0,,realistic_mixed
2026-05-11T11:13:15+00:00,slice_1,gnb_7,gNB,43.694,48.217,27.668,0.006295,415.389,0.853273,0,,realistic_mixed
2026-05-11T11:13:15+00:00,slice_2,upf_8,UPF,55.566,61.505,35.033,0.003733,241.677,0.768546,0,,realistic_mixed
2026-05-11T11:14:15+00:00,slice_1,gnb_1,gNB,51.83,59.333,23.603,0.003398,415.278,0.791167,0,,realistic_mixed
2026-05-11T11:14:15+00:00,slice_2,upf_2,UPF,48.5,48.083,32.097,0.004081,195.691,0.618429,0,,realistic_mixed
2026-05-11T11:14:15+00:00,slice_3,router_3,Router,41.063,46.515,13.885,0.002181,343.741,0.775824,0,,realistic_mixed
2026-05-11T11:14:15+00:00,slice_1,service_4,Service,46.457,51.844,20.326,0.002788,396.029,0.776722,0,,realistic_mixed
2026-05-11T11:14:15+00:00,slice_2,amf_5,AMF,56.751,64.971,30.988,0.003601,152.34,0.648704,0,,realistic_mixed
2026-05-11T11:14:15+00:00,slice_3,smf_6,SMF,42.727,52.834,15.135,0.003279,392.208,0.72889,0,,realistic_mixed
2026-05-11T11:14:15+00:00,slice_1,gnb_7,gNB,57.26,69.016,26.301,0.006049,525.402,0.845939,0,,realistic_mixed
2026-05-11T11:14:15+00:00,slice_2,upf_8,UPF,40.896,51.377,30.614,0.002485,186.911,0.540986,0,,realistic_mixed
2026-05-11T11:15:15+00:00,slice_1,gnb_1,gNB,57.477,55.733,17.739,0.003172,453.22,0.751973,0,,realistic_mixed
2026-05-11T11:15:15+00:00,slice_2,upf_2,UPF,51.935,50.372,30.314,0.004141,158.804,0.683102,0,,realistic_mixed
2026-05-11T11:15:15+00:00,slice_3,router_3,Router,53.399,57.718,19.779,0.005403,451.484,0.847805,0,,realistic_mixed
2026-05-11T11:15:15+00:00,slice_1,service_4,Service,62.432,52.111,23.854,0.002599,542.175,0.804964,0,,realistic_mixed
2026-05-11T11:15:15+00:00,slice_2,amf_5,AMF,58.097,56.902,31.11,0.002126,235.573,0.563956,0,,realistic_mixed
2026-05-11T11:15:15+00:00,slice_3,smf_6,SMF,38.468,40.525,12.531,0.003296,322.57,0.711512,0,,realistic_mixed
2026-05-11T11:15:15+00:00,slice_1,gnb_7,gNB,45.346,49.982,20.614,0.004644,578.753,0.77324,0,,realistic_mixed
2026-05-11T11:15:15+00:00,slice_2,upf_8,UPF,45.112,47.319,32.291,0.00536,48.09,0.665639,0,,realistic_mixed
2026-05-11T11:16:15+00:00,slice_1,gnb_1,gNB,65.044,60.454,30.991,0.010155,760.475,0.866412,0,,realistic_mixed
2026-05-11T11:16:15+00:00,slice_2,upf_2,UPF,53.591,58.918,32.123,0.004671,208.367,0.683971,0,,realistic_mixed
2026-05-11T11:16:15+00:00,slice_3,router_3,Router,53.518,64.312,12.809,0.002087,313.992,0.684432,0,,realistic_mixed
2026-05-11T11:16:15+00:00,slice_1,service_4,Service,60.027,63.536,20.091,0.002666,505.246,0.783804,0,,realistic_mixed
2026-05-11T11:16:15+00:00,slice_2,amf_5,AMF,52.07,64.662,31.487,0.003827,266.814,0.573247,0,,realistic_mixed
2026-05-11T11:16:15+00:00,slice_3,smf_6,SMF,47.52,57.35,11.001,0.007005,382.066,0.735667,0,,realistic_mixed
2026-05-11T11:16:15+00:00,slice_1,gnb_7,gNB,59.851,62.067,23.182,0.003381,531.652,0.819462,0,,realistic_mixed
2026-05-11T11:16:15+00:00,slice_2,upf_8,UPF,48.766,59.729,31.906,0.002017,225.876,0.682154,0,,realistic_mixed
2026-05-11T11:17:15+00:00,slice_1,gnb_1,gNB,45.629,50.946,22.263,0.004472,552.615,0.778363,0,,realistic_mixed
2026-05-11T11:17:15+00:00,slice_2,upf_2,UPF,42.86,53.968,31.835,0.004552,180.511,0.673541,0,,realistic_mixed
2026-05-11T11:17:15+00:00,slice_3,router_3,Router,51.335,45.896,18.479,0.007791,446.46,0.852425,0,,realistic_mixed
2026-05-11T11:17:15+00:00,slice_1,service_4,Service,48.858,53.423,34.563,0.015427,602.088,0.926573,0,,realistic_mixed
2026-05-11T11:17:15+00:00,slice_2,amf_5,AMF,45.814,50.26,30.944,0.004103,225.138,0.66489,0,,realistic_mixed
2026-05-11T11:17:15+00:00,slice_3,smf_6,SMF,47.804,63.438,11.786,0.003525,381.896,0.761961,0,,realistic_mixed
2026-05-11T11:17:15+00:00,slice_1,gnb_7,gNB,51.076,46.276,19.903,0.003283,474.489,0.69436,0,,realistic_mixed
2026-05-11T11:17:15+00:00,slice_2,upf_8,UPF,40.052,53.508,35.201,0.002006,153.271,0.768786,0,,realistic_mixed
2026-05-11T11:18:15+00:00,slice_1,gnb_1,gNB,60.865,60.89,20.089,0.004897,422.3,0.775494,0,,realistic_mixed
2026-05-11T11:18:15+00:00,slice_2,upf_2,UPF,55.404,60.834,33.286,0.003109,116.292,0.735958,0,,realistic_mixed
2026-05-11T11:18:15+00:00,slice_3,router_3,Router,50.047,55.42,12.678,0.002714,480.068,0.722464,0,,realistic_mixed
2026-05-11T11:18:15+00:00,slice_1,service_4,Service,49.099,52.406,26.33,0.003366,549.53,0.801451,0,,realistic_mixed
2026-05-11T11:18:15+00:00,slice_2,amf_5,AMF,38.842,42.406,33.32,0.002757,184.143,0.777385,0,,realistic_mixed
2026-05-11T11:18:15+00:00,slice_3,smf_6,SMF,65.381,61.361,13.427,0.004398,399.311,0.744732,0,,realistic_mixed
2026-05-11T11:18:15+00:00,slice_1,gnb_7,gNB,55.398,64.31,22.931,0.004841,500.125,0.785048,0,,realistic_mixed
2026-05-11T11:18:15+00:00,slice_2,upf_8,UPF,33.679,41.532,30.479,0.006209,158.749,0.453697,0,,realistic_mixed
2026-05-11T11:19:15+00:00,slice_1,gnb_1,gNB,47.977,52.207,19.139,0.003107,441.609,0.75921,0,,realistic_mixed
2026-05-11T11:19:15+00:00,slice_2,upf_2,UPF,59.997,54.872,31.667,0.004321,303.079,0.694786,0,,realistic_mixed
2026-05-11T11:19:15+00:00,slice_3,router_3,Router,53.077,60.525,12.531,0.002523,377.271,0.737529,0,,realistic_mixed
2026-05-11T11:19:15+00:00,slice_1,service_4,Service,45.93,54.199,17.358,0.002833,477.417,0.711731,0,,realistic_mixed
2026-05-11T11:19:15+00:00,slice_2,amf_5,AMF,50.159,57.74,30.465,0.004431,278.729,0.665106,0,,realistic_mixed
2026-05-11T11:19:15+00:00,slice_3,smf_6,SMF,54.165,46.443,13.959,0.00398,376.646,0.787107,0,,realistic_mixed
2026-05-11T11:19:15+00:00,slice_1,gnb_7,gNB,56.508,62.219,35.293,0.015901,483.228,0.929574,0,,realistic_mixed
2026-05-11T11:19:15+00:00,slice_2,upf_8,UPF,57.747,60.097,33.115,0.004563,97.044,0.60341,0,,realistic_mixed
2026-05-11T11:20:15+00:00,slice_1,gnb_1,gNB,48.879,55.586,19.383,0.004879,602.608,0.748936,0,,realistic_mixed
2026-05-11T11:20:15+00:00,slice_2,upf_2,UPF,52.254,59.162,32.77,0.004399,231.978,0.655355,0,,realistic_mixed
2026-05-11T11:20:15+00:00,slice_3,router_3,Router,37.447,57.363,11.867,0.003742,230.105,0.62541,0,,realistic_mixed
2026-05-11T11:20:15+00:00,slice_1,service_4,Service,50.843,49.269,22.573,0.003632,612.835,0.790233,0,,realistic_mixed
2026-05-11T11:20:15+00:00,slice_2,amf_5,AMF,51.948,54.292,31.77,0.004567,188.117,0.663908,0,,realistic_mixed
2026-05-11T11:20:15+00:00,slice_3,smf_6,SMF,57.912,61.523,12.003,0.002175,355.891,0.685564,0,,realistic_mixed
2026-05-11T11:20:15+00:00,slice_1,gnb_7,gNB,40.839,53.234,26.028,0.003819,563.194,0.820812,0,,realistic_mixed
2026-05-11T11:20:15+00:00,slice_2,upf_8,UPF,48.927,50.352,30.781,0.003483,118.64,0.564331,0,,realistic_mixed
2026-05-11T11:21:15+00:00,slice_1,gnb_1,gNB,54.881,58.896,28.905,0.007713,676.482,0.856975,0,,realistic_mixed
2026-05-11T11:21:15+00:00,slice_2,upf_2,UPF,56.676,61.358,29.897,0.004391,136.864,0.632109,0,,realistic_mixed
2026-05-11T11:21:15+00:00,slice_3,router_3,Router,55.525,59.074,13.13,0.003028,451.7,0.772524,0,,realistic_mixed
2026-05-11T11:21:15+00:00,slice_1,service_4,Service,50.416,58.568,21.436,0.002825,457.151,0.776114,0,,realistic_mixed
2026-05-11T11:21:15+00:00,slice_2,amf_5,AMF,51.109,54.384,30.928,0.003898,239.097,0.661016,0,,realistic_mixed
2026-05-11T11:21:15+00:00,slice_3,smf_6,SMF,57.485,53.884,11.51,0.005219,330.383,0.743134,0,,realistic_mixed
2026-05-11T11:21:15+00:00,slice_1,gnb_7,gNB,63.978,56.429,27.517,0.004314,557.281,0.8131,0,,realistic_mixed
2026-05-11T11:21:15+00:00,slice_2,upf_8,UPF,54.698,63.316,30.973,0.004288,260.921,0.676295,0,,realistic_mixed
2026-05-11T11:22:15+00:00,slice_1,gnb_1,gNB,48.92,57.881,17.646,0.002868,499.764,0.695186,0,,realistic_mixed
2026-05-11T11:22:15+00:00,slice_2,upf_2,UPF,57.125,57.449,29.895,0.002224,325.689,0.651623,0,,realistic_mixed
2026-05-11T11:22:15+00:00,slice_3,router_3,Router,52.677,52.971,21.318,0.009081,453.372,0.862856,0,,realistic_mixed
2026-05-11T11:22:15+00:00,slice_1,service_4,Service,62.215,60.919,21.671,0.005524,567.247,0.779056,0,,realistic_mixed
2026-05-11T11:22:15+00:00,slice_2,amf_5,AMF,50.256,53.607,31.471,0.004774,130.451,0.638829,0,,realistic_mixed
2026-05-11T11:22:15+00:00,slice_3,smf_6,SMF,54.053,64.029,12.103,0.004081,337.426,0.761227,0,,realistic_mixed
2026-05-11T11:22:15+00:00,slice_1,gnb_7,gNB,51.446,52.657,20.239,0.004512,377.924,0.772282,0,,realistic_mixed
2026-05-11T11:22:15+00:00,slice_2,upf_8,UPF,50.62,68.731,32.183,0.004844,0.0,0.600144,0,,realistic_mixed
2026-05-11T11:23:15+00:00,slice_1,gnb_1,gNB,67.552,64.657,26.141,0.004989,507.529,0.795128,0,,realistic_mixed
2026-05-11T11:23:15+00:00,slice_2,upf_2,UPF,56.592,62.779,32.622,0.004597,145.658,0.769413,0,,realistic_mixed
2026-05-11T11:23:15+00:00,slice_3,router_3,Router,58.342,62.453,22.434,0.007371,338.357,0.864065,0,,realistic_mixed
2026-05-11T11:23:15+00:00,slice_1,service_4,Service,45.285,57.281,26.749,0.00574,525.823,0.842276,0,,realistic_mixed
2026-05-11T11:23:15+00:00,slice_2,amf_5,AMF,52.085,62.37,33.12,0.003623,232.915,0.634966,0,,realistic_mixed
2026-05-11T11:23:15+00:00,slice_3,smf_6,SMF,55.011,55.297,22.169,0.002423,365.102,0.808886,0,,realistic_mixed
2026-05-11T11:23:15+00:00,slice_1,gnb_7,gNB,41.537,42.155,25.616,0.004452,443.638,0.825745,0,,realistic_mixed
2026-05-11T11:23:15+00:00,slice_2,upf_8,UPF,50.827,50.646,30.961,0.004797,250.059,0.65926,0,,realistic_mixed
2026-05-11T11:24:15+00:00,slice_1,gnb_1,gNB,69.031,55.699,23.62,0.002222,526.417,0.763497,0,,realistic_mixed
2026-05-11T11:24:15+00:00,slice_2,upf_2,UPF,61.999,55.914,33.292,0.002962,321.832,0.641335,0,,realistic_mixed
2026-05-11T11:24:15+00:00,slice_3,router_3,Router,50.85,40.025,10.218,0.003098,389.898,0.74703,0,,realistic_mixed
2026-05-11T11:24:15+00:00,slice_1,service_4,Service,45.643,47.099,20.487,0.003914,503.648,0.757072,0,,realistic_mixed
2026-05-11T11:24:15+00:00,slice_2,amf_5,AMF,55.811,60.111,35.991,0.002651,309.045,0.681764,0,,realistic_mixed
2026-05-11T11:24:15+00:00,slice_3,smf_6,SMF,48.172,64.289,14.455,0.005813,309.662,0.789118,0,,realistic_mixed
2026-05-11T11:24:15+00:00,slice_1,gnb_7,gNB,47.772,66.922,22.178,0.006198,456.213,0.782941,0,,realistic_mixed
2026-05-11T11:24:15+00:00,slice_2,upf_8,UPF,57.696,48.474,31.23,0.002378,198.234,0.75631,0,,realistic_mixed
2026-05-11T11:25:15+00:00,slice_1,gnb_1,gNB,46.751,44.594,20.133,0.004559,460.24,0.676734,0,,realistic_mixed
2026-05-11T11:25:15+00:00,slice_2,upf_2,UPF,52.132,63.851,31.564,0.002371,232.345,0.630115,0,,realistic_mixed
2026-05-11T11:25:15+00:00,slice_3,router_3,Router,60.644,71.721,13.639,0.00202,286.844,0.713685,0,,realistic_mixed
2026-05-11T11:25:15+00:00,slice_1,service_4,Service,60.767,58.045,30.802,0.010071,606.72,0.874087,0,,realistic_mixed
2026-05-11T11:25:15+00:00,slice_2,amf_5,AMF,54.91,67.791,29.896,0.002662,250.956,0.644622,0,,realistic_mixed
2026-05-11T11:25:15+00:00,slice_3,smf_6,SMF,56.718,55.815,11.305,0.002313,300.267,0.74412,0,,realistic_mixed
2026-05-11T11:25:15+00:00,slice_1,gnb_7,gNB,50.941,64.41,28.362,0.009747,704.151,0.860386,0,,realistic_mixed
2026-05-11T11:25:15+00:00,slice_2,upf_8,UPF,50.278,65.648,31.033,0.004326,272.724,0.723802,0,,realistic_mixed
2026-05-11T11:26:15+00:00,slice_1,gnb_1,gNB,47.981,56.38,27.514,0.003339,505.362,0.818896,0,,realistic_mixed
2026-05-11T11:26:15+00:00,slice_2,upf_2,UPF,46.783,46.527,31.781,0.003357,193.544,0.704531,0,,realistic_mixed
2026-05-11T11:26:15+00:00,slice_3,router_3,Router,44.703,55.891,12.753,0.006705,377.999,0.729983,0,,realistic_mixed
2026-05-11T11:26:15+00:00,slice_1,service_4,Service,57.661,58.378,29.241,0.007896,631.104,0.868561,0,,realistic_mixed
2026-05-11T11:26:15+00:00,slice_2,amf_5,AMF,49.682,56.804,31.757,0.002226,164.841,0.567931,0,,realistic_mixed
2026-05-11T11:26:15+00:00,slice_3,smf_6,SMF,55.196,52.264,12.076,0.002153,308.697,0.658195,0,,realistic_mixed
2026-05-11T11:26:15+00:00,slice_1,gnb_7,gNB,51.382,59.415,20.146,0.003666,410.335,0.777708,0,,realistic_mixed
2026-05-11T11:26:15+00:00,slice_2,upf_8,UPF,53.759,44.761,32.127,0.003159,239.367,0.639524,0,,realistic_mixed
2026-05-11T11:27:15+00:00,slice_1,gnb_1,gNB,48.94,52.318,18.655,0.00248,457.961,0.752773,0,,realistic_mixed
2026-05-11T11:27:15+00:00,slice_2,upf_2,UPF,43.242,33.781,32.122,0.002571,299.746,0.684551,0,,realistic_mixed
2026-05-11T11:27:15+00:00,slice_3,router_3,Router,56.716,49.589,12.721,0.007365,312.664,0.723048,0,,realistic_mixed
2026-05-11T11:27:15+00:00,slice_1,service_4,Service,67.869,50.885,33.495,0.009578,593.655,0.871831,0,,realistic_mixed
2026-05-11T11:27:15+00:00,slice_2,amf_5,AMF,46.293,57.898,31.596,0.004738,129.34,0.699853,0,,realistic_mixed
2026-05-11T11:27:15+00:00,slice_3,smf_6,SMF,44.073,40.655,18.017,0.002627,362.161,0.792349,0,,realistic_mixed
2026-05-11T11:27:15+00:00,slice_1,gnb_7,gNB,42.993,51.464,22.25,0.004471,486.241,0.751013,0,,realistic_mixed
2026-05-11T11:27:15+00:00,slice_2,upf_8,UPF,61.021,59.376,31.373,0.005871,266.014,0.668067,0,,realistic_mixed
2026-05-11T11:28:15+00:00,slice_1,gnb_1,gNB,44.312,57.425,22.075,0.003043,554.753,0.808419,0,,realistic_mixed
2026-05-11T11:28:15+00:00,slice_2,upf_2,UPF,55.946,60.389,30.111,0.002015,254.301,0.647889,0,,realistic_mixed
2026-05-11T11:28:15+00:00,slice_3,router_3,Router,61.194,46.99,14.648,0.002288,490.351,0.773635,0,,realistic_mixed
2026-05-11T11:28:15+00:00,slice_1,service_4,Service,49.061,71.309,19.654,0.003374,463.109,0.761283,0,,realistic_mixed
2026-05-11T11:28:15+00:00,slice_2,amf_5,AMF,50.732,45.061,30.637,0.002845,157.35,0.649259,0,,realistic_mixed
2026-05-11T11:28:15+00:00,slice_3,smf_6,SMF,48.476,54.518,24.787,0.008455,263.904,0.868812,0,,realistic_mixed
2026-05-11T11:28:15+00:00,slice_1,gnb_7,gNB,47.09,51.645,26.566,0.005459,495.842,0.845339,0,,realistic_mixed
2026-05-11T11:28:15+00:00,slice_2,upf_8,UPF,54.918,66.118,32.311,0.00425,198.258,0.524398,0,,realistic_mixed
2026-05-11T11:29:15+00:00,slice_1,gnb_1,gNB,54.492,63.84,30.302,0.011709,767.122,0.855765,0,,realistic_mixed
2026-05-11T11:29:15+00:00,slice_2,upf_2,UPF,68.27,55.419,37.067,0.003316,254.747,0.642793,0,,realistic_mixed
2026-05-11T11:29:15+00:00,slice_3,router_3,Router,51.933,46.943,17.177,0.005419,273.049,0.834138,0,,realistic_mixed
2026-05-11T11:29:15+00:00,slice_1,service_4,Service,44.609,60.074,17.139,0.004488,407.391,0.743428,0,,realistic_mixed
2026-05-11T11:29:15+00:00,slice_2,amf_5,AMF,49.018,61.659,31.067,0.003068,295.392,0.601509,0,,realistic_mixed
2026-05-11T11:29:15+00:00,slice_3,smf_6,SMF,57.243,58.083,12.295,0.002813,387.248,0.76754,0,,realistic_mixed
2026-05-11T11:29:15+00:00,slice_1,gnb_7,gNB,55.05,61.573,25.946,0.005931,413.295,0.848436,0,,realistic_mixed
2026-05-11T11:29:15+00:00,slice_2,upf_8,UPF,51.039,50.028,32.057,0.002566,127.426,0.647385,0,,realistic_mixed
2026-05-11T11:30:15+00:00,slice_1,gnb_1,gNB,52.975,53.187,21.836,0.002522,455.847,0.785575,0,,realistic_mixed
2026-05-11T11:30:15+00:00,slice_2,upf_2,UPF,51.781,56.278,30.774,0.002549,313.645,0.736708,0,,realistic_mixed
2026-05-11T11:30:15+00:00,slice_3,router_3,Router,64.037,60.407,12.193,0.003224,317.282,0.770161,0,,realistic_mixed
2026-05-11T11:30:15+00:00,slice_1,service_4,Service,51.324,48.204,24.248,0.005096,513.775,0.80828,0,,realistic_mixed
2026-05-11T11:30:15+00:00,slice_2,amf_5,AMF,41.325,48.965,33.487,0.002733,153.251,0.523624,0,,realistic_mixed
2026-05-11T11:30:15+00:00,slice_3,smf_6,SMF,49.232,50.575,11.461,0.003416,425.172,0.684844,0,,realistic_mixed
2026-05-11T11:30:15+00:00,slice_1,gnb_7,gNB,64.046,53.136,23.965,0.002205,601.671,0.789732,0,,realistic_mixed
2026-05-11T11:30:15+00:00,slice_2,upf_8,UPF,48.397,51.7,30.564,0.00251,214.68,0.600291,0,,realistic_mixed
2026-05-11T11:31:15+00:00,slice_1,gnb_1,gNB,60.892,60.667,26.952,0.005146,541.319,0.84196,0,,realistic_mixed
2026-05-11T11:31:15+00:00,slice_2,upf_2,UPF,50.648,55.224,29.751,0.005313,90.572,0.64634,0,,realistic_mixed
2026-05-11T11:31:15+00:00,slice_3,router_3,Router,43.355,53.638,10.347,0.004005,281.57,0.713168,0,,realistic_mixed
2026-05-11T11:31:15+00:00,slice_1,service_4,Service,63.342,64.678,27.374,0.007892,647.911,0.855584,0,,realistic_mixed
2026-05-11T11:31:15+00:00,slice_2,amf_5,AMF,47.821,64.783,34.757,0.004965,171.039,0.780249,0,,realistic_mixed
2026-05-11T11:31:15+00:00,slice_3,smf_6,SMF,47.947,62.182,10.772,0.002223,304.518,0.716175,0,,realistic_mixed
2026-05-11T11:31:15+00:00,slice_1,gnb_7,gNB,58.635,54.423,24.841,0.005017,732.285,0.786124,0,,realistic_mixed
2026-05-11T11:31:15+00:00,slice_2,upf_8,UPF,50.304,56.441,35.333,0.003455,274.574,0.723057,0,,realistic_mixed
2026-05-11T11:32:15+00:00,slice_1,gnb_1,gNB,44.084,57.575,16.503,0.003196,510.898,0.744243,0,,realistic_mixed
2026-05-11T11:32:15+00:00,slice_2,upf_2,UPF,49.752,41.836,30.938,0.002598,221.858,0.576556,0,,realistic_mixed
2026-05-11T11:32:15+00:00,slice_3,router_3,Router,57.042,64.234,14.052,0.003777,368.423,0.789849,0,,realistic_mixed
2026-05-11T11:32:15+00:00,slice_1,service_4,Service,44.437,50.308,26.754,0.008705,569.023,0.853189,0,,realistic_mixed
2026-05-11T11:32:15+00:00,slice_2,amf_5,AMF,53.929,58.483,30.342,0.003637,179.301,0.68079,0,,realistic_mixed
2026-05-11T11:32:15+00:00,slice_3,smf_6,SMF,54.431,55.945,12.205,0.002401,432.473,0.74442,0,,realistic_mixed
2026-05-11T11:32:15+00:00,slice_1,gnb_7,gNB,52.602,57.008,26.553,0.009389,579.789,0.845778,0,,realistic_mixed
2026-05-11T11:32:15+00:00,slice_2,upf_8,UPF,59.199,56.496,33.076,0.004247,187.758,0.66686,0,,realistic_mixed
2026-05-11T11:33:15+00:00,slice_1,gnb_1,gNB,58.592,53.902,18.931,0.002088,409.913,0.764564,0,,realistic_mixed
2026-05-11T11:33:15+00:00,slice_2,upf_2,UPF,59.776,49.945,30.545,0.003792,214.157,0.565094,0,,realistic_mixed
2026-05-11T11:33:15+00:00,slice_3,router_3,Router,52.642,62.791,10.343,0.002083,362.73,0.740258,0,,realistic_mixed
2026-05-11T11:33:15+00:00,slice_1,service_4,Service,50.092,59.707,19.797,0.002453,608.662,0.761261,0,,realistic_mixed
2026-05-11T11:33:15+00:00,slice_2,amf_5,AMF,46.923,52.527,29.927,0.002857,271.951,0.562504,0,,realistic_mixed
2026-05-11T11:33:15+00:00,slice_3,smf_6,SMF,44.582,63.142,11.738,0.00264,301.975,0.706138,0,,realistic_mixed
2026-05-11T11:33:15+00:00,slice_1,gnb_7,gNB,60.039,58.523,22.111,0.002841,578.59,0.799012,0,,realistic_mixed
2026-05-11T11:33:15+00:00,slice_2,upf_8,UPF,55.296,65.002,30.699,0.003896,247.471,0.619763,0,,realistic_mixed
2026-05-11T11:34:15+00:00,slice_1,gnb_1,gNB,64.487,59.822,19.279,0.004255,434.17,0.735397,0,,realistic_mixed
2026-05-11T11:34:15+00:00,slice_2,upf_2,UPF,55.198,59.033,29.11,0.004729,221.422,0.729729,0,,realistic_mixed
2026-05-11T11:34:15+00:00,slice_3,router_3,Router,58.925,65.875,10.484,0.00205,363.988,0.615942,0,,realistic_mixed
2026-05-11T11:34:15+00:00,slice_1,service_4,Service,52.231,48.895,25.215,0.005802,492.56,0.84336,0,,realistic_mixed
2026-05-11T11:34:15+00:00,slice_2,amf_5,AMF,45.291,54.723,31.094,0.003575,262.69,0.563796,0,,realistic_mixed
2026-05-11T11:34:15+00:00,slice_3,smf_6,SMF,47.064,57.759,11.529,0.004308,346.994,0.67249,0,,realistic_mixed
2026-05-11T11:34:15+00:00,slice_1,gnb_7,gNB,55.273,53.742,25.124,0.005567,438.885,0.834231,0,,realistic_mixed
2026-05-11T11:34:15+00:00,slice_2,upf_8,UPF,66.409,63.432,38.275,0.004482,231.57,0.809668,0,,realistic_mixed
2026-05-11T11:35:15+00:00,slice_1,gnb_1,gNB,30.406,38.445,17.333,0.002105,307.707,0.729284,0,,realistic_mixed
2026-05-11T11:35:15+00:00,slice_2,upf_2,UPF,59.123,50.291,31.993,0.002116,250.737,0.679778,0,,realistic_mixed
2026-05-11T11:35:15+00:00,slice_3,router_3,Router,51.088,65.647,13.834,0.00292,226.684,0.763139,0,,realistic_mixed
2026-05-11T11:35:15+00:00,slice_1,service_4,Service,55.435,60.468,22.002,0.004553,462.663,0.801391,0,,realistic_mixed
2026-05-11T11:35:15+00:00,slice_2,amf_5,AMF,51.946,53.246,30.507,0.002327,266.276,0.696312,0,,realistic_mixed
2026-05-11T11:35:15+00:00,slice_3,smf_6,SMF,54.703,55.114,15.077,0.002177,446.812,0.776976,0,,realistic_mixed
2026-05-11T11:35:15+00:00,slice_1,gnb_7,gNB,54.014,57.935,23.934,0.006318,512.287,0.796241,0,,realistic_mixed
2026-05-11T11:35:15+00:00,slice_2,upf_8,UPF,48.273,51.213,32.018,0.00242,205.258,0.726457,0,,realistic_mixed
2026-05-11T11:36:15+00:00,slice_1,gnb_1,gNB,54.401,56.493,23.656,0.002354,407.659,0.82126,0,,realistic_mixed
2026-05-11T11:36:15+00:00,slice_2,upf_2,UPF,57.525,57.802,32.273,0.008529,218.593,0.655987,0,,realistic_mixed
2026-05-11T11:36:15+00:00,slice_3,router_3,Router,58.973,45.195,17.903,0.00303,376.971,0.811727,0,,realistic_mixed
2026-05-11T11:36:15+00:00,slice_1,service_4,Service,49.786,52.317,25.59,0.006481,391.833,0.818402,0,,realistic_mixed
2026-05-11T11:36:15+00:00,slice_2,amf_5,AMF,62.656,63.5,30.539,0.004012,314.43,0.580194,0,,realistic_mixed
2026-05-11T11:36:15+00:00,slice_3,smf_6,SMF,52.358,62.581,12.229,0.002755,255.213,0.720162,0,,realistic_mixed
2026-05-11T11:36:15+00:00,slice_1,gnb_7,gNB,57.206,66.972,19.624,0.002244,407.485,0.766609,0,,realistic_mixed
2026-05-11T11:36:15+00:00,slice_2,upf_8,UPF,49.601,60.146,31.366,0.004384,256.925,0.62137,0,,realistic_mixed
2026-05-11T11:37:15+00:00,slice_1,gnb_1,gNB,38.461,42.322,22.033,0.002338,491.947,0.75964,0,,realistic_mixed
2026-05-11T11:37:15+00:00,slice_2,upf_2,UPF,50.249,54.543,30.895,0.004941,50.878,0.667587,0,,realistic_mixed
2026-05-11T11:37:15+00:00,slice_3,router_3,Router,55.601,55.631,18.777,0.003385,406.178,0.821173,0,,realistic_mixed
2026-05-11T11:37:15+00:00,slice_1,service_4,Service,46.201,49.281,18.023,0.002294,427.744,0.695054,0,,realistic_mixed
2026-05-11T11:37:15+00:00,slice_2,amf_5,AMF,57.076,59.644,32.501,0.003032,162.449,0.592559,0,,realistic_mixed
2026-05-11T11:37:15+00:00,slice_3,smf_6,SMF,48.47,62.489,14.689,0.002024,415.703,0.798449,0,,realistic_mixed
2026-05-11T11:37:15+00:00,slice_1,gnb_7,gNB,51.238,58.888,17.318,0.003126,494.918,0.729739,0,,realistic_mixed
2026-05-11T11:37:15+00:00,slice_2,upf_8,UPF,47.683,48.011,31.154,0.004289,210.424,0.639237,0,,realistic_mixed
2026-05-11T11:38:15+00:00,slice_1,gnb_1,gNB,63.011,52.416,20.051,0.003558,464.418,0.759767,0,,realistic_mixed
2026-05-11T11:38:15+00:00,slice_2,upf_2,UPF,46.498,58.324,31.63,0.007995,319.581,0.658574,0,,realistic_mixed
2026-05-11T11:38:15+00:00,slice_3,router_3,Router,49.789,52.895,10.762,0.002286,371.525,0.72333,0,,realistic_mixed
2026-05-11T11:38:15+00:00,slice_1,service_4,Service,65.383,46.166,20.931,0.002167,362.948,0.768235,0,,realistic_mixed
2026-05-11T11:38:15+00:00,slice_2,amf_5,AMF,55.732,49.963,35.872,0.003559,140.696,0.710734,0,,realistic_mixed
2026-05-11T11:38:15+00:00,slice_3,smf_6,SMF,48.2,58.255,10.282,0.006291,173.908,0.71606,0,,realistic_mixed
2026-05-11T11:38:15+00:00,slice_1,gnb_7,gNB,56.181,62.401,17.297,0.003803,454.783,0.712257,0,,realistic_mixed
2026-05-11T11:38:15+00:00,slice_2,upf_8,UPF,37.368,51.772,32.593,0.002634,145.221,0.607378,0,,realistic_mixed
2026-05-11T11:39:15+00:00,slice_1,gnb_1,gNB,56.236,61.472,27.054,0.00645,443.668,0.840988,0,,realistic_mixed
2026-05-11T11:39:15+00:00,slice_2,upf_2,UPF,54.761,65.406,30.247,0.005342,177.815,0.750195,0,,realistic_mixed
2026-05-11T11:39:15+00:00,slice_3,router_3,Router,51.849,56.318,13.14,0.003789,287.694,0.704657,0,,realistic_mixed
2026-05-11T11:39:15+00:00,slice_1,service_4,Service,61.069,53.121,28.517,0.009455,435.191,0.862751,0,,realistic_mixed
2026-05-11T11:39:15+00:00,slice_2,amf_5,AMF,65.352,62.945,31.168,0.002429,77.816,0.619589,0,,realistic_mixed
2026-05-11T11:39:15+00:00,slice_3,smf_6,SMF,64.942,53.888,12.172,0.003732,296.529,0.72135,0,,realistic_mixed
2026-05-11T11:39:15+00:00,slice_1,gnb_7,gNB,52.27,62.167,18.095,0.002498,408.764,0.755394,0,,realistic_mixed
2026-05-11T11:39:15+00:00,slice_2,upf_8,UPF,58.392,52.258,31.707,0.003343,73.449,0.624251,0,,realistic_mixed
2026-05-11T11:40:15+00:00,slice_1,gnb_1,gNB,48.254,64.205,21.709,0.007942,546.431,0.786313,0,,realistic_mixed
2026-05-11T11:40:15+00:00,slice_2,upf_2,UPF,54.561,48.553,31.553,0.004527,330.919,0.622817,0,,realistic_mixed
2026-05-11T11:40:15+00:00,slice_3,router_3,Router,45.878,51.847,16.692,0.002064,437.301,0.812627,0,,realistic_mixed
2026-05-11T11:40:15+00:00,slice_1,service_4,Service,45.76,46.703,24.462,0.004086,475.533,0.807907,0,,realistic_mixed
2026-05-11T11:40:15+00:00,slice_2,amf_5,AMF,49.883,50.289,30.636,0.004991,359.089,0.593058,0,,realistic_mixed
2026-05-11T11:40:15+00:00,slice_3,smf_6,SMF,57.149,57.279,19.575,0.007487,429.12,0.839635,0,,realistic_mixed
2026-05-11T11:40:15+00:00,slice_1,gnb_7,gNB,39.483,56.974,27.355,0.004233,434.524,0.837509,0,,realistic_mixed
2026-05-11T11:40:15+00:00,slice_2,upf_8,UPF,52.901,47.699,31.568,0.004622,227.43,0.572404,0,,realistic_mixed
2026-05-11T11:41:15+00:00,slice_1,gnb_1,gNB,58.364,64.946,18.239,0.003721,380.0,0.756433,0,,realistic_mixed
2026-05-11T11:41:15+00:00,slice_2,upf_2,UPF,64.8,65.98,29.758,0.004295,163.505,0.665594,0,,realistic_mixed
2026-05-11T11:41:15+00:00,slice_3,router_3,Router,48.406,54.291,21.042,0.007153,466.438,0.850912,0,,realistic_mixed
2026-05-11T11:41:15+00:00,slice_1,service_4,Service,39.745,57.424,18.954,0.002153,339.252,0.620422,0,,realistic_mixed
2026-05-11T11:41:15+00:00,slice_2,amf_5,AMF,48.96,41.022,30.661,0.003748,89.19,0.638976,0,,realistic_mixed
2026-05-11T11:41:15+00:00,slice_3,smf_6,SMF,54.923,57.346,16.839,0.002891,308.877,0.783922,0,,realistic_mixed
2026-05-11T11:41:15+00:00,slice_1,gnb_7,gNB,55.9,53.697,27.852,0.00232,368.687,0.808947,0,,realistic_mixed
2026-05-11T11:41:15+00:00,slice_2,upf_8,UPF,52.373,48.886,31.302,0.004799,245.293,0.694499,0,,realistic_mixed
2026-05-11T11:42:15+00:00,slice_1,gnb_1,gNB,52.155,57.02,24.402,0.006202,536.604,0.832823,0,,realistic_mixed
2026-05-11T11:42:15+00:00,slice_2,upf_2,UPF,58.188,53.172,31.5,0.003378,286.303,0.617322,0,,realistic_mixed
2026-05-11T11:42:15+00:00,slice_3,router_3,Router,60.743,59.472,18.089,0.004719,246.613,0.815859,0,,realistic_mixed
2026-05-11T11:42:15+00:00,slice_1,service_4,Service,62.85,57.509,23.009,0.002652,463.776,0.743,0,,realistic_mixed
2026-05-11T11:42:15+00:00,slice_2,amf_5,AMF,40.603,53.269,31.524,0.004216,17.317,0.627314,0,,realistic_mixed
2026-05-11T11:42:15+00:00,slice_3,smf_6,SMF,58.43,61.677,12.671,0.002048,499.76,0.771578,0,,realistic_mixed
2026-05-11T11:42:15+00:00,slice_1,gnb_7,gNB,50.729,55.173,18.466,0.0029,409.223,0.745625,0,,realistic_mixed
2026-05-11T11:42:15+00:00,slice_2,upf_8,UPF,57.389,62.788,30.543,0.004174,280.654,0.739904,0,,realistic_mixed
2026-05-11T11:43:15+00:00,slice_1,gnb_1,gNB,58.521,58.676,26.523,0.006248,492.528,0.850719,0,,realistic_mixed
2026-05-11T11:43:15+00:00,slice_2,upf_2,UPF,57.348,61.544,30.636,0.00246,240.363,0.559922,0,,realistic_mixed
2026-05-11T11:43:15+00:00,slice_3,router_3,Router,48.948,43.803,15.077,0.003843,351.211,0.765049,0,,realistic_mixed
2026-05-11T11:43:15+00:00,slice_1,service_4,Service,35.775,40.572,18.423,0.005399,358.09,0.698376,0,,realistic_mixed
2026-05-11T11:43:15+00:00,slice_2,amf_5,AMF,45.902,48.296,32.086,0.003403,315.903,0.683777,0,,realistic_mixed
2026-05-11T11:43:15+00:00,slice_3,smf_6,SMF,59.31,55.523,10.722,0.003365,353.426,0.755095,0,,realistic_mixed
2026-05-11T11:43:15+00:00,slice_1,gnb_7,gNB,46.913,50.744,26.774,0.004846,543.071,0.836303,0,,realistic_mixed
2026-05-11T11:43:15+00:00,slice_2,upf_8,UPF,45.999,38.561,31.277,0.002557,269.885,0.599664,0,,realistic_mixed
2026-05-11T11:44:15+00:00,slice_1,gnb_1,gNB,66.649,64.813,21.514,0.004044,425.243,0.758127,0,,realistic_mixed
2026-05-11T11:44:15+00:00,slice_2,upf_2,UPF,40.963,45.209,31.536,0.00391,253.802,0.598631,0,,realistic_mixed
2026-05-11T11:44:15+00:00,slice_3,router_3,Router,61.918,54.637,11.586,0.002081,450.816,0.747538,0,,realistic_mixed
2026-05-11T11:44:15+00:00,slice_1,service_4,Service,45.38,57.522,18.26,0.003803,377.59,0.69536,0,,realistic_mixed
2026-05-11T11:44:15+00:00,slice_2,amf_5,AMF,54.835,54.453,30.365,0.00217,257.711,0.667604,0,,realistic_mixed
2026-05-11T11:44:15+00:00,slice_3,smf_6,SMF,59.639,68.339,20.485,0.005497,225.789,0.844348,0,,realistic_mixed
2026-05-11T11:44:15+00:00,slice_1,gnb_7,gNB,49.4,55.83,27.799,0.010403,502.736,0.864195,0,,realistic_mixed
2026-05-11T11:44:15+00:00,slice_2,upf_8,UPF,47.127,64.768,30.816,0.004569,150.72,0.600436,0,,realistic_mixed
2026-05-11T11:45:15+00:00,slice_1,gnb_1,gNB,48.018,69.054,20.837,0.004992,364.23,0.764942,0,,realistic_mixed
2026-05-11T11:45:15+00:00,slice_2,upf_2,UPF,59.928,48.243,31.438,0.008988,390.606,0.73177,0,,realistic_mixed
2026-05-11T11:45:15+00:00,slice_3,router_3,Router,64.327,68.204,14.503,0.002255,436.542,0.721738,0,,realistic_mixed
2026-05-11T11:45:15+00:00,slice_1,service_4,Service,41.197,50.099,18.695,0.002145,493.499,0.763181,0,,realistic_mixed
2026-05-11T11:45:15+00:00,slice_2,amf_5,AMF,48.583,62.502,33.294,0.002624,238.133,0.644186,0,,realistic_mixed
2026-05-11T11:45:15+00:00,slice_3,smf_6,SMF,60.542,58.526,13.193,0.003265,321.599,0.663785,0,,realistic_mixed
2026-05-11T11:45:15+00:00,slice_1,gnb_7,gNB,50.874,53.623,22.794,0.005699,387.074,0.811728,0,,realistic_mixed
2026-05-11T11:45:15+00:00,slice_2,upf_8,UPF,43.737,50.089,30.324,0.002544,77.75,0.673485,0,,realistic_mixed
2026-05-11T11:46:15+00:00,slice_1,gnb_1,gNB,55.7,62.558,20.759,0.003389,398.472,0.779252,0,,realistic_mixed
2026-05-11T11:46:15+00:00,slice_2,upf_2,UPF,61.958,65.977,31.012,0.003222,295.642,0.703817,0,,realistic_mixed
2026-05-11T11:46:15+00:00,slice_3,router_3,Router,56.166,55.851,14.234,0.003495,456.174,0.787377,0,,realistic_mixed
2026-05-11T11:46:15+00:00,slice_1,service_4,Service,56.451,57.891,26.161,0.004641,576.416,0.839655,0,,realistic_mixed
2026-05-11T11:46:15+00:00,slice_2,amf_5,AMF,47.965,59.377,31.388,0.003286,132.407,0.633323,0,,realistic_mixed
2026-05-11T11:46:15+00:00,slice_3,smf_6,SMF,56.751,64.437,18.251,0.006043,403.805,0.832049,0,,realistic_mixed
2026-05-11T11:46:15+00:00,slice_1,gnb_7,gNB,62.021,54.125,21.609,0.004575,526.966,0.792567,0,,realistic_mixed
2026-05-11T11:46:15+00:00,slice_2,upf_8,UPF,46.96,51.044,30.434,0.002803,238.874,0.693028,0,,realistic_mixed
2026-05-11T11:47:15+00:00,slice_1,gnb_1,gNB,46.896,46.457,26.125,0.00274,532.155,0.818012,0,,realistic_mixed
2026-05-11T11:47:15+00:00,slice_2,upf_2,UPF,51.581,43.384,29.793,0.002181,121.637,0.721319,0,,realistic_mixed
2026-05-11T11:47:15+00:00,slice_3,router_3,Router,52.361,49.766,11.997,0.003749,292.941,0.720022,0,,realistic_mixed
2026-05-11T11:47:15+00:00,slice_1,service_4,Service,43.291,53.043,20.941,0.005486,339.721,0.763978,0,,realistic_mixed
2026-05-11T11:47:15+00:00,slice_2,amf_5,AMF,45.251,53.428,31.202,0.005533,261.233,0.638839,0,,realistic_mixed
2026-05-11T11:47:15+00:00,slice_3,smf_6,SMF,49.713,50.461,12.53,0.004949,456.675,0.670452,0,,realistic_mixed
2026-05-11T11:47:15+00:00,slice_1,gnb_7,gNB,47.236,47.612,19.45,0.002185,527.855,0.717882,0,,realistic_mixed
2026-05-11T11:47:15+00:00,slice_2,upf_8,UPF,53.905,52.884,32.756,0.00404,184.208,0.70416,0,,realistic_mixed
2026-05-11T11:48:15+00:00,slice_1,gnb_1,gNB,51.318,49.45,28.52,0.003929,359.163,0.830109,0,,realistic_mixed
2026-05-11T11:48:15+00:00,slice_2,upf_2,UPF,51.642,56.899,31.575,0.002116,133.573,0.593657,0,,realistic_mixed
2026-05-11T11:48:15+00:00,slice_3,router_3,Router,50.774,49.918,11.082,0.002293,369.243,0.69069,0,,realistic_mixed
2026-05-11T11:48:15+00:00,slice_1,service_4,Service,44.118,49.068,17.801,0.003645,363.272,0.729541,0,,realistic_mixed
2026-05-11T11:48:15+00:00,slice_2,amf_5,AMF,45.84,46.835,29.945,0.002016,197.3,0.672412,0,,realistic_mixed
2026-05-11T11:48:15+00:00,slice_3,smf_6,SMF,37.746,43.414,14.692,0.002939,303.277,0.792268,0,,realistic_mixed
2026-05-11T11:48:15+00:00,slice_1,gnb_7,gNB,61.893,59.635,17.254,0.003431,514.809,0.748072,0,,realistic_mixed
2026-05-11T11:48:15+00:00,slice_2,upf_8,UPF,64.431,61.266,36.315,0.002524,321.62,0.632862,0,,realistic_mixed
2026-05-11T11:49:15+00:00,slice_1,gnb_1,gNB,50.702,52.917,20.035,0.002168,438.237,0.757831,0,,realistic_mixed
2026-05-11T11:49:15+00:00,slice_2,upf_2,UPF,53.937,60.171,31.926,0.004683,327.782,0.68367,0,,realistic_mixed
2026-05-11T11:49:15+00:00,slice_3,router_3,Router,40.517,43.041,10.956,0.004456,278.342,0.704511,0,,realistic_mixed
2026-05-11T11:49:15+00:00,slice_1,service_4,Service,58.656,56.57,18.658,0.002114,469.644,0.651916,0,,realistic_mixed
2026-05-11T11:49:15+00:00,slice_2,amf_5,AMF,59.303,64.568,31.667,0.003854,210.56,0.601106,0,,realistic_mixed
2026-05-11T11:49:15+00:00,slice_3,smf_6,SMF,47.076,53.437,14.414,0.002361,237.678,0.792123,0,,realistic_mixed
2026-05-11T11:49:15+00:00,slice_1,gnb_7,gNB,57.455,55.24,23.091,0.003521,594.044,0.808706,0,,realistic_mixed
2026-05-11T11:49:15+00:00,slice_2,upf_8,UPF,59.464,70.898,31.368,0.003489,227.784,0.625908,0,,realistic_mixed
2026-05-11T11:50:15+00:00,slice_1,gnb_1,gNB,49.949,59.202,18.043,0.003624,407.969,0.695418,0,,realistic_mixed
2026-05-11T11:50:15+00:00,slice_2,upf_2,UPF,56.779,60.199,29.396,0.00282,266.273,0.56015,0,,realistic_mixed
2026-05-11T11:50:15+00:00,slice_3,router_3,Router,61.435,59.531,13.897,0.004969,292.583,0.736068,0,,realistic_mixed
2026-05-11T11:50:15+00:00,slice_1,service_4,Service,51.689,41.316,18.272,0.002189,626.148,0.74006,0,,realistic_mixed
2026-05-11T11:50:15+00:00,slice_2,amf_5,AMF,52.447,42.004,31.181,0.00361,302.452,0.668389,0,,realistic_mixed
2026-05-11T11:50:15+00:00,slice_3,smf_6,SMF,41.642,48.924,12.949,0.004832,211.324,0.690791,0,,realistic_mixed
2026-05-11T11:50:15+00:00,slice_1,gnb_7,gNB,52.666,66.628,26.553,0.004266,525.384,0.825812,0,,realistic_mixed
2026-05-11T11:50:15+00:00,slice_2,upf_8,UPF,46.711,71.054,30.086,0.00329,165.381,0.556468,0,,realistic_mixed
